2026-03-04 18:30:40,675 - Knowledge - INFO - Created shared MongoDB connection pool
2026-03-04 18:30:41,008 - Knowledge - INFO - Starting Knowledge Graph processing with 20 threads
2026-03-04 18:30:41,204 - Knowledge - INFO - Initial configuration: chunk_size=65536, max_cache_size=500
2026-03-04 18:30:41,417 - Knowledge - INFO - Knowledge Graph concurrency configuration: workers=20, max_batch_size=10, max_concurrent_llm_calls=50
2026-03-04 18:30:43,222 - Knowledge - INFO - 🔍 _load_persisted_knowledge called - checking for Redis optimization
2026-03-04 18:30:43,386 - Knowledge - WARNING - ❌ load_from_redis method not found - Redis support not attached
2026-03-04 18:30:43,570 - Knowledge - INFO - load persisted knowledge: begin
2026-03-04 18:30:43,767 - Knowledge - INFO - Loaded 0 files from persisted knowledge
2026-03-04 18:30:43,984 - Knowledge - INFO - load persisted knowledge: end
2026-03-04 18:30:44,221 - Knowledge - WARNING - No persisted knowledge found. Files will be queued during start()
2026-03-04 18:30:44,399 - Knowledge - INFO - Redis support added with prefix knowledge:b8924gk:
2026-03-04 18:30:49,218 - Knowledge - INFO - Starting knowledge initialization for ID: vObMXH-b8924gk
2026-03-04 18:30:49,407 - Knowledge - INFO - 🔍 Checking Redis for build_id: b8924gk
2026-03-04 18:30:49,569 - Knowledge - INFO - 🔍 Full session ID: vObMXH-b8924gk
2026-03-04 18:30:49,769 - Knowledge - INFO - 🔍 Redis prefix will be: knowledge:b8924gk:
2026-03-04 18:30:49,938 - Knowledge - INFO - 🔍 Using attached load_from_redis() method
2026-03-04 18:30:50,145 - Knowledge - INFO - 🔍 Attempting to load knowledge from Redis...
2026-03-04 18:30:50,359 - Knowledge - INFO - 🔍 Using derived instance_id for Redis lookup: b8924gk
2026-03-04 18:30:50,538 - Knowledge - WARNING - ❌ No Redis cache found
2026-03-04 18:30:50,792 - Knowledge - INFO - 📁 Loading knowledge from disk...
2026-03-04 18:30:51,047 - Knowledge - INFO - load persisted docinfo: begin
2026-03-04 18:30:51,280 - Knowledge - INFO - load persisted docinfo: end
2026-03-04 18:30:51,486 - Knowledge - INFO - 🔍 _load_persisted_knowledge called - checking for Redis optimization
2026-03-04 18:30:51,689 - Knowledge - INFO - ✅ load_from_redis method found - attempting Redis load
2026-03-04 18:30:51,903 - Knowledge - INFO - 🔍 Attempting to load knowledge from Redis...
2026-03-04 18:30:52,104 - Knowledge - INFO - 🔍 Using derived instance_id for Redis lookup: b8924gk
2026-03-04 18:30:52,316 - Knowledge - WARNING - ❌ No Redis cache found
2026-03-04 18:30:52,540 - Knowledge - INFO - ❌ Redis load returned False - falling back to file loading
2026-03-04 18:30:52,708 - Knowledge - INFO - load persisted knowledge: begin
2026-03-04 18:30:52,922 - Knowledge - INFO - Loaded 0 files from persisted knowledge
2026-03-04 18:30:53,065 - Knowledge - INFO - load persisted knowledge: end
2026-03-04 18:30:53,263 - Knowledge - INFO - 📁 Disk load complete in 2.28s
2026-03-04 18:30:53,458 - Knowledge - INFO - Populating ingest queue with source files...
2026-03-04 18:31:14,541 - Knowledge - INFO - Added 1167 files from /app/data/T0015/329083/b8924gk/shopizer-329083 to ingest queue
2026-03-04 18:31:14,742 - Knowledge - INFO - [WEBSOCKET] Sent: Type=progress_update, Size: 161, Duration: 0ms
2026-03-04 18:31:14,929 - Knowledge - INFO - Worker kw1 created using shared MongoDB connection pool
2026-03-04 18:31:15,135 - Knowledge - INFO - knowledge worker kw1 start
2026-03-04 18:31:15,135 - Knowledge - INFO - Worker kw2 created using shared MongoDB connection pool
2026-03-04 18:31:15,324 - Knowledge - INFO - [kw1] Queue=1167, InProgress=0, PendingWorkers=0/1, Completed=0/1167 (0.0%)
2026-03-04 18:31:15,454 - Knowledge - INFO - knowledge worker kw2 start
2026-03-04 18:31:15,455 - Knowledge - INFO - Worker kw3 created using shared MongoDB connection pool
2026-03-04 18:31:15,537 - Knowledge - INFO - Batch sizing: calculated=10, max_allowed=10, queue=1167, active_workers=0/2
2026-03-04 18:31:15,635 - Knowledge - INFO - [kw2] Queue=1167, InProgress=0, PendingWorkers=0/2, Completed=0/1167 (0.0%)
2026-03-04 18:31:15,745 - Knowledge - INFO - knowledge worker kw3 start
2026-03-04 18:31:15,747 - Knowledge - INFO - Worker kw4 created using shared MongoDB connection pool
2026-03-04 18:31:15,845 - Knowledge - INFO - Worker kw1 processing /app/data/T0015/329083/b8924gk/shopizer-329083/LICENSE.md
2026-03-04 18:31:15,945 - Knowledge - INFO - Batch sizing: calculated=10, max_allowed=10, queue=1167, active_workers=1/3
2026-03-04 18:31:16,043 - Knowledge - INFO - [kw3] Queue=1157, InProgress=0, PendingWorkers=1/3, Completed=0/1167 (0.0%)
2026-03-04 18:31:16,157 - Knowledge - INFO - knowledge worker kw4 start
2026-03-04 18:31:16,157 - Knowledge - INFO - Worker kw5 created using shared MongoDB connection pool
2026-03-04 18:31:16,233 - Knowledge - INFO - Fast-tracked /app/data/T0015/329083/b8924gk/shopizer-329083/LICENSE.md (ext=.md, size=26461)
2026-03-04 18:31:16,318 - Knowledge - INFO - Worker kw2 processing /app/data/T0015/329083/b8924gk/shopizer-329083/sm-core/src/test/java/com/salesmanager/test/search/IndexProductTestCase.java
2026-03-04 18:31:16,402 - Knowledge - INFO - Batch sizing: calculated=10, max_allowed=10, queue=1157, active_workers=2/4
2026-03-04 18:31:16,497 - Knowledge - INFO - [kw4] Queue=1147, InProgress=0, PendingWorkers=2/4, Completed=0/1167 (0.0%)
2026-03-04 18:31:16,623 - Knowledge - INFO - knowledge worker kw5 start
2026-03-04 18:31:16,623 - Knowledge - INFO - Worker kw6 created using shared MongoDB connection pool
2026-03-04 18:31:16,708 - Knowledge - INFO - Worker kw1 processing /app/data/T0015/329083/b8924gk/shopizer-329083/sm-core/src/test/java/com/salesmanager/test/email/EmailTestCase.java
2026-03-04 18:31:16,831 - Knowledge - INFO - Fast-tracked /app/data/T0015/329083/b8924gk/shopizer-329083/sm-core/src/test/java/com/salesmanager/test/search/IndexProductTestCase.java (ext=.java, size=5411)
2026-03-04 18:31:16,910 - Knowledge - INFO - Worker kw3 processing /app/data/T0015/329083/b8924gk/shopizer-329083/sm-core/src/test/java/com/salesmanager/test/tax/TaxTestCase.java
2026-03-04 18:31:17,031 - Knowledge - INFO - Batch sizing: calculated=10, max_allowed=10, queue=1147, active_workers=3/5
2026-03-04 18:31:17,137 - Knowledge - INFO - [kw5] Queue=1137, InProgress=0, PendingWorkers=3/5, Completed=0/1167 (0.0%)
2026-03-04 18:31:17,243 - Knowledge - INFO - knowledge worker kw6 start
2026-03-04 18:31:17,243 - Knowledge - INFO - Worker kw7 created using shared MongoDB connection pool
2026-03-04 18:31:17,368 - Knowledge - INFO - Fast-tracked /app/data/T0015/329083/b8924gk/shopizer-329083/sm-core/src/test/java/com/salesmanager/test/email/EmailTestCase.java (ext=.java, size=1915)
2026-03-04 18:31:17,469 - Knowledge - INFO - Worker kw2 processing /app/data/T0015/329083/b8924gk/shopizer-329083/sm-core/src/test/java/com/salesmanager/test/payment/PaymentTestCase.java
2026-03-04 18:31:17,580 - Knowledge - INFO - Fast-tracked /app/data/T0015/329083/b8924gk/shopizer-329083/sm-core/src/test/java/com/salesmanager/test/tax/TaxTestCase.java (ext=.java, size=8390)
2026-03-04 18:31:17,658 - Knowledge - INFO - Worker kw4 processing /app/data/T0015/329083/b8924gk/shopizer-329083/sm-core/src/test/resources/spring/test-datasource.xml
2026-03-04 18:31:17,729 - Knowledge - INFO - Batch sizing: calculated=10, max_allowed=10, queue=1137, active_workers=4/6
2026-03-04 18:31:17,836 - Knowledge - INFO - [kw6] Queue=1127, InProgress=0, PendingWorkers=4/6, Completed=0/1167 (0.0%)
2026-03-04 18:31:17,911 - Knowledge - INFO - knowledge worker kw7 start
2026-03-04 18:31:17,911 - Knowledge - INFO - Worker kw8 created using shared MongoDB connection pool
2026-03-04 18:31:18,048 - Knowledge - INFO - Worker kw1 processing /app/data/T0015/329083/b8924gk/shopizer-329083/sm-core/src/test/java/com/salesmanager/test/init/AbstractInitSalesManagerCore.java
2026-03-04 18:31:18,160 - Knowledge - INFO - Fast-tracked /app/data/T0015/329083/b8924gk/shopizer-329083/sm-core/src/test/java/com/salesmanager/test/payment/PaymentTestCase.java (ext=.java, size=3983)
2026-03-04 18:31:18,309 - Knowledge - INFO - Worker kw3 processing /app/data/T0015/329083/b8924gk/shopizer-329083/sm-core/src/test/java/com/salesmanager/test/content/WebsiteContentTestCase.java
2026-03-04 18:31:18,431 - Knowledge - INFO - Fast-tracked /app/data/T0015/329083/b8924gk/shopizer-329083/sm-core/src/test/resources/spring/test-datasource.xml (ext=.xml, size=666)
2026-03-04 18:31:18,529 - Knowledge - INFO - Worker kw5 processing /app/data/T0015/329083/b8924gk/shopizer-329083/sm-core/src/main/java/com/salesmanager/core/business/order/dao/orderproduct/OrderProductDownloadDaoImpl.java
2026-03-04 18:31:18,618 - Knowledge - INFO - Batch sizing: calculated=10, max_allowed=10, queue=1127, active_workers=5/7
2026-03-04 18:31:18,700 - Knowledge - INFO - [kw7] Queue=1117, InProgress=0, PendingWorkers=5/7, Completed=0/1167 (0.0%)
2026-03-04 18:31:18,815 - Knowledge - INFO - knowledge worker kw8 start
2026-03-04 18:31:18,815 - Knowledge - INFO - Worker kw9 created using shared MongoDB connection pool
2026-03-04 18:31:18,931 - Knowledge - INFO - Fast-tracked /app/data/T0015/329083/b8924gk/shopizer-329083/sm-core/src/test/java/com/salesmanager/test/init/AbstractInitSalesManagerCore.java (ext=.java, size=6895)
2026-03-04 18:31:19,007 - Knowledge - INFO - Worker kw2 processing /app/data/T0015/329083/b8924gk/shopizer-329083/sm-core/src/test/java/com/salesmanager/test/utils/ImportIntegrationModule.java
2026-03-04 18:31:19,117 - Knowledge - INFO - Fast-tracked /app/data/T0015/329083/b8924gk/shopizer-329083/sm-core/src/test/java/com/salesmanager/test/content/WebsiteContentTestCase.java (ext=.java, size=1506)
2026-03-04 18:31:19,215 - Knowledge - INFO - Worker kw4 processing /app/data/T0015/329083/b8924gk/shopizer-329083/sm-core/src/main/java/com/salesmanager/core/business/order/dao/OrderDao.java
2026-03-04 18:31:19,334 - Knowledge - INFO - Worker kw5 processing /app/data/T0015/329083/b8924gk/shopizer-329083/sm-core/src/main/java/com/salesmanager/core/business/order/service/OrderService.java
2026-03-04 18:31:19,416 - Knowledge - INFO - Worker kw6 processing /app/data/T0015/329083/b8924gk/shopizer-329083/sm-core/src/main/java/com/salesmanager/core/business/order/model/filehistory/FileHistory.java
2026-03-04 18:31:19,546 - Knowledge - INFO - Batch sizing: calculated=10, max_allowed=10, queue=1117, active_workers=6/8
2026-03-04 18:31:19,641 - Knowledge - INFO - [kw8] Queue=1107, InProgress=0, PendingWorkers=6/8, Completed=0/1167 (0.0%)
2026-03-04 18:31:19,713 - Knowledge - INFO - knowledge worker kw9 start
2026-03-04 18:31:19,713 - Knowledge - INFO - Worker kw10 created using shared MongoDB connection pool
2026-03-04 18:31:19,839 - Knowledge - INFO - Worker kw1 processing /app/data/T0015/329083/b8924gk/shopizer-329083/sm-core/src/test/java/com/salesmanager/test/order/InvoiceTestCase.java
2026-03-04 18:31:19,917 - Knowledge - INFO - Fast-tracked /app/data/T0015/329083/b8924gk/shopizer-329083/sm-core/src/test/java/com/salesmanager/test/utils/ImportIntegrationModule.java (ext=.java, size=2935)
2026-03-04 18:31:20,014 - Knowledge - INFO - Worker kw3 processing /app/data/T0015/329083/b8924gk/shopizer-329083/sm-core/src/test/java/com/salesmanager/test/content/ContentImagesTestCase.java
2026-03-04 18:31:20,125 - Knowledge - INFO - Fast-tracked /app/data/T0015/329083/b8924gk/shopizer-329083/sm-core/src/main/java/com/salesmanager/core/business/order/dao/OrderDao.java (ext=.java, size=532)
2026-03-04 18:31:20,201 - Knowledge - INFO - Worker kw5 processing /app/data/T0015/329083/b8924gk/shopizer-329083/sm-core/src/main/java/com/salesmanager/core/business/order/service/orderproduct/OrderProductDownloadServiceImpl.java
2026-03-04 18:31:20,312 - Knowledge - INFO - Worker kw6 processing /app/data/T0015/329083/b8924gk/shopizer-329083/sm-core/src/main/java/com/salesmanager/core/business/order/model/OrderTotalType.java
2026-03-04 18:31:20,401 - Knowledge - INFO - Worker kw7 processing /app/data/T0015/329083/b8924gk/shopizer-329083/sm-core/src/main/java/com/salesmanager/core/business/order/model/orderproduct/OrderProductAttribute.java
2026-03-04 18:31:20,490 - Knowledge - INFO - Batch sizing: calculated=10, max_allowed=10, queue=1107, active_workers=7/9
2026-03-04 18:31:20,593 - Knowledge - INFO - [kw9] Queue=1097, InProgress=0, PendingWorkers=7/9, Completed=0/1167 (0.0%)
2026-03-04 18:31:20,701 - Knowledge - INFO - knowledge worker kw10 start
2026-03-04 18:31:20,702 - Knowledge - INFO - Worker kw11 created using shared MongoDB connection pool
2026-03-04 18:31:20,800 - Knowledge - INFO - Fast-tracked /app/data/T0015/329083/b8924gk/shopizer-329083/sm-core/src/test/java/com/salesmanager/test/order/InvoiceTestCase.java (ext=.java, size=23722)
2026-03-04 18:31:20,889 - Knowledge - INFO - Worker kw2 processing /app/data/T0015/329083/b8924gk/shopizer-329083/sm-core/src/test/java/com/salesmanager/test/utils/UtilsTestCase.java
2026-03-04 18:31:20,999 - Knowledge - INFO - Fast-tracked /app/data/T0015/329083/b8924gk/shopizer-329083/sm-core/src/test/java/com/salesmanager/test/content/ContentImagesTestCase.java (ext=.java, size=7304)
2026-03-04 18:31:21,089 - Knowledge - INFO - Worker kw4 processing /app/data/T0015/329083/b8924gk/shopizer-329083/sm-core/src/main/java/com/salesmanager/core/business/order/dao/OrderTotalDao.java
2026-03-04 18:31:21,186 - Knowledge - INFO - Worker kw5 processing /app/data/T0015/329083/b8924gk/shopizer-329083/sm-core/src/main/java/com/salesmanager/core/business/order/service/orderproduct/OrderProductDownloadService.java
2026-03-04 18:31:21,295 - Knowledge - INFO - Fast-tracked /app/data/T0015/329083/b8924gk/shopizer-329083/sm-core/src/main/java/com/salesmanager/core/business/order/model/OrderTotalType.java (ext=.java, size=161)
2026-03-04 18:31:21,387 - Knowledge - INFO - Worker kw7 processing /app/data/T0015/329083/b8924gk/shopizer-329083/sm-core/src/main/java/com/salesmanager/core/business/order/model/orderproduct/OrderProductDownload.java
2026-03-04 18:31:21,458 - Knowledge - INFO - Worker kw8 processing /app/data/T0015/329083/b8924gk/shopizer-329083/sm-core/src/main/java/com/salesmanager/core/business/shipping/model/ShippingPackageType.java
2026-03-04 18:31:21,536 - Knowledge - INFO - Batch sizing: calculated=10, max_allowed=10, queue=1097, active_workers=8/10
2026-03-04 18:31:21,621 - Knowledge - INFO - [kw10] Queue=1087, InProgress=0, PendingWorkers=8/10, Completed=0/1167 (0.0%)
2026-03-04 18:31:21,722 - Knowledge - INFO - knowledge worker kw11 start
2026-03-04 18:31:21,722 - Knowledge - INFO - Worker kw12 created using shared MongoDB connection pool
2026-03-04 18:31:21,810 - Knowledge - INFO - Worker kw1 processing /app/data/T0015/329083/b8924gk/shopizer-329083/sm-core/src/test/java/com/salesmanager/test/order/OrderSalesManagerTestCase.java
2026-03-04 18:31:21,930 - Knowledge - INFO - Fast-tracked /app/data/T0015/329083/b8924gk/shopizer-329083/sm-core/src/test/java/com/salesmanager/test/utils/UtilsTestCase.java (ext=.java, size=1965)
2026-03-04 18:31:22,001 - Knowledge - INFO - Worker kw3 processing /app/data/T0015/329083/b8924gk/shopizer-329083/sm-core/src/test/java/com/salesmanager/test/content/StaticContentTestCase.java
2026-03-04 18:31:22,081 - Knowledge - INFO - Fast-tracked /app/data/T0015/329083/b8924gk/shopizer-329083/sm-core/src/main/java/com/salesmanager/core/business/order/dao/OrderTotalDao.java (ext=.java, size=280)
2026-03-04 18:31:22,172 - Knowledge - INFO - Fast-tracked /app/data/T0015/329083/b8924gk/shopizer-329083/sm-core/src/main/java/com/salesmanager/core/business/order/service/orderproduct/OrderProductDownloadService.java (ext=.java, size=536)
2026-03-04 18:31:22,250 - Knowledge - INFO - Worker kw6 processing /app/data/T0015/329083/b8924gk/shopizer-329083/sm-core/src/main/java/com/salesmanager/core/business/order/model/OrderSummary.java
2026-03-04 18:31:22,352 - Knowledge - INFO - Worker kw7 processing /app/data/T0015/329083/b8924gk/shopizer-329083/sm-core/src/main/java/com/salesmanager/core/business/order/model/orderproduct/OrderProduct.java
2026-03-04 18:31:22,445 - Knowledge - INFO - Fast-tracked /app/data/T0015/329083/b8924gk/shopizer-329083/sm-core/src/main/java/com/salesmanager/core/business/shipping/model/ShippingPackageType.java (ext=.java, size=106)
2026-03-04 18:31:22,526 - Knowledge - INFO - Worker kw9 processing /app/data/T0015/329083/b8924gk/shopizer-329083/sm-core/src/main/java/com/salesmanager/core/business/merchant/service/MerchantStoreService.java
2026-03-04 18:31:22,640 - Knowledge - INFO - Batch sizing: calculated=10, max_allowed=10, queue=1087, active_workers=9/11
2026-03-04 18:31:22,800 - Knowledge - INFO - [kw11] Queue=1077, InProgress=0, PendingWorkers=9/11, Completed=0/1167 (0.0%)
2026-03-04 18:31:22,882 - Knowledge - INFO - knowledge worker kw12 start
2026-03-04 18:31:22,882 - Knowledge - INFO - Worker kw13 created using shared MongoDB connection pool
2026-03-04 18:31:22,950 - Knowledge - INFO - Fast-tracked /app/data/T0015/329083/b8924gk/shopizer-329083/sm-core/src/test/java/com/salesmanager/test/order/OrderSalesManagerTestCase.java (ext=.java, size=19133)
2026-03-04 18:31:23,041 - Knowledge - INFO - Worker kw2 processing /app/data/T0015/329083/b8924gk/shopizer-329083/sm-core/src/test/java/com/salesmanager/test/utils/ExportSchema.java
2026-03-04 18:31:23,137 - Knowledge - INFO - Fast-tracked /app/data/T0015/329083/b8924gk/shopizer-329083/sm-core/src/test/java/com/salesmanager/test/content/StaticContentTestCase.java (ext=.java, size=6121)
2026-03-04 18:31:23,207 - Knowledge - INFO - Worker kw4 processing /app/data/T0015/329083/b8924gk/shopizer-329083/sm-core/src/main/java/com/salesmanager/core/business/order/dao/OrderDaoImpl.java
2026-03-04 18:31:23,322 - Knowledge - INFO - Worker kw5 processing /app/data/T0015/329083/b8924gk/shopizer-329083/sm-core/src/main/java/com/salesmanager/core/business/order/service/OrderServiceImpl.java
2026-03-04 18:31:23,429 - Knowledge - INFO - Fast-tracked /app/data/T0015/329083/b8924gk/shopizer-329083/sm-core/src/main/java/com/salesmanager/core/business/order/model/OrderSummary.java (ext=.java, size=1060)
2026-03-04 18:31:23,537 - Knowledge - INFO - Worker kw7 processing /app/data/T0015/329083/b8924gk/shopizer-329083/sm-core/src/main/java/com/salesmanager/core/business/order/model/OrderValueType.java
2026-03-04 18:31:23,656 - Knowledge - INFO - Worker kw8 processing /app/data/T0015/329083/b8924gk/shopizer-329083/sm-core/src/main/java/com/salesmanager/core/business/shipping/model/ShippingType.java
2026-03-04 18:31:23,751 - Knowledge - INFO - Fast-tracked /app/data/T0015/329083/b8924gk/shopizer-329083/sm-core/src/main/java/com/salesmanager/core/business/merchant/service/MerchantStoreService.java (ext=.java, size=798)
2026-03-04 18:31:23,878 - Knowledge - INFO - Worker kw10 processing /app/data/T0015/329083/b8924gk/shopizer-329083/sm-core/src/main/java/com/salesmanager/core/business/shoppingcart/service/ShoppingCartService.java
2026-03-04 18:31:23,980 - Knowledge - INFO - Batch sizing: calculated=10, max_allowed=10, queue=1077, active_workers=10/12
2026-03-04 18:31:24,102 - Knowledge - INFO - [kw12] Queue=1067, InProgress=0, PendingWorkers=10/12, Completed=0/1167 (0.0%)
2026-03-04 18:31:24,216 - Knowledge - INFO - knowledge worker kw13 start
2026-03-04 18:31:24,217 - Knowledge - INFO - Worker kw14 created using shared MongoDB connection pool
2026-03-04 18:31:24,304 - Knowledge - INFO - Worker kw1 processing /app/data/T0015/329083/b8924gk/shopizer-329083/sm-core/src/test/java/com/salesmanager/test/shipping/ShippingTestCase.java
2026-03-04 18:31:24,388 - Knowledge - INFO - Fast-tracked /app/data/T0015/329083/b8924gk/shopizer-329083/sm-core/src/test/java/com/salesmanager/test/utils/ExportSchema.java (ext=.java, size=1472)
2026-03-04 18:31:24,498 - Knowledge - INFO - Worker kw3 processing /app/data/T0015/329083/b8924gk/shopizer-329083/sm-core/src/test/java/com/salesmanager/test/catalog/ProductPriceTestCase.java
2026-03-04 18:31:24,579 - Knowledge - INFO - Worker kw4 processing /app/data/T0015/329083/b8924gk/shopizer-329083/sm-core/src/main/java/com/salesmanager/core/business/order/dao/OrderTotalDaoImpl.java
2026-03-04 18:31:24,650 - Knowledge - INFO - Worker kw5 processing /app/data/T0015/329083/b8924gk/shopizer-329083/sm-core/src/main/java/com/salesmanager/core/business/order/model/OrderTotal.java
2026-03-04 18:31:24,725 - Knowledge - INFO - Worker kw6 processing /app/data/T0015/329083/b8924gk/shopizer-329083/sm-core/src/main/java/com/salesmanager/core/business/order/model/OrderTotalSummary.java
2026-03-04 18:31:24,808 - Knowledge - INFO - Fast-tracked /app/data/T0015/329083/b8924gk/shopizer-329083/sm-core/src/main/java/com/salesmanager/core/business/order/model/OrderValueType.java (ext=.java, size=113)
2026-03-04 18:31:24,909 - Knowledge - INFO - Fast-tracked /app/data/T0015/329083/b8924gk/shopizer-329083/sm-core/src/main/java/com/salesmanager/core/business/shipping/model/ShippingType.java (ext=.java, size=120)
2026-03-04 18:31:25,026 - Knowledge - INFO - Worker kw9 processing /app/data/T0015/329083/b8924gk/shopizer-329083/sm-core/src/main/java/com/salesmanager/core/business/merchant/service/MerchantStoreServiceImpl.java
2026-03-04 18:31:25,134 - Knowledge - INFO - Worker kw10 processing /app/data/T0015/329083/b8924gk/shopizer-329083/sm-core/src/main/java/com/salesmanager/core/business/shoppingcart/model/ShoppingCart.java
2026-03-04 18:31:25,209 - Knowledge - INFO - Worker kw11 processing /app/data/T0015/329083/b8924gk/shopizer-329083/sm-core/src/main/java/com/salesmanager/core/business/customer/dao/attribute/CustomerOptionSetDaoImpl.java
2026-03-04 18:31:25,277 - Knowledge - INFO - Batch sizing: calculated=10, max_allowed=10, queue=1067, active_workers=11/13
2026-03-04 18:31:25,367 - Knowledge - INFO - [kw13] Queue=1057, InProgress=0, PendingWorkers=11/13, Completed=0/1167 (0.0%)
2026-03-04 18:31:25,448 - Knowledge - INFO - knowledge worker kw14 start
2026-03-04 18:31:25,448 - Knowledge - INFO - Worker kw15 created using shared MongoDB connection pool
2026-03-04 18:31:25,542 - Knowledge - INFO - Fast-tracked /app/data/T0015/329083/b8924gk/shopizer-329083/sm-core/src/test/java/com/salesmanager/test/shipping/ShippingTestCase.java (ext=.java, size=21606)
2026-03-04 18:31:25,691 - Knowledge - INFO - Worker kw2 processing /app/data/T0015/329083/b8924gk/shopizer-329083/sm-core/src/test/java/com/salesmanager/test/core/AbstractSalesManagerCoreTestCase.java
2026-03-04 18:31:25,782 - Knowledge - INFO - Fast-tracked /app/data/T0015/329083/b8924gk/shopizer-329083/sm-core/src/test/java/com/salesmanager/test/catalog/ProductPriceTestCase.java (ext=.java, size=1991)
2026-03-04 18:31:25,911 - Knowledge - INFO - Fast-tracked /app/data/T0015/329083/b8924gk/shopizer-329083/sm-core/src/main/java/com/salesmanager/core/business/order/dao/OrderTotalDaoImpl.java (ext=.java, size=445)
2026-03-04 18:31:26,058 - Knowledge - INFO - Worker kw5 processing /app/data/T0015/329083/b8924gk/shopizer-329083/sm-core/src/main/java/com/salesmanager/core/business/order/model/orderstatus/OrderStatus.java
2026-03-04 18:31:26,127 - Knowledge - INFO - Fast-tracked /app/data/T0015/329083/b8924gk/shopizer-329083/sm-core/src/main/java/com/salesmanager/core/business/order/model/OrderTotalSummary.java (ext=.java, size=1142)
2026-03-04 18:31:26,249 - Knowledge - INFO - Worker kw7 processing /app/data/T0015/329083/b8924gk/shopizer-329083/sm-core/src/main/java/com/salesmanager/core/business/order/model/OrderCriteria.java
2026-03-04 18:31:26,357 - Knowledge - INFO - Worker kw8 processing /app/data/T0015/329083/b8924gk/shopizer-329083/sm-core/src/main/java/com/salesmanager/core/business/shipping/model/PackageDetails.java
2026-03-04 18:31:26,442 - Knowledge - INFO - Worker kw9 processing /app/data/T0015/329083/b8924gk/shopizer-329083/sm-core/src/main/java/com/salesmanager/core/business/merchant/model/MerchantStore.java
2026-03-04 18:31:26,523 - Knowledge - INFO - Worker kw10 processing /app/data/T0015/329083/b8924gk/shopizer-329083/sm-core/src/main/java/com/salesmanager/core/business/shoppingcart/model/ShoppingCartItem.java
2026-03-04 18:31:26,625 - Knowledge - INFO - Worker kw11 processing /app/data/T0015/329083/b8924gk/shopizer-329083/sm-core/src/main/java/com/salesmanager/core/business/customer/dao/attribute/CustomerOptionSetDao.java
2026-03-04 18:31:26,709 - Knowledge - INFO - Worker kw12 processing /app/data/T0015/329083/b8924gk/shopizer-329083/sm-core/src/main/java/com/salesmanager/core/business/customer/service/attribute/CustomerAttributeServiceImpl.java
2026-03-04 18:31:26,790 - Knowledge - INFO - Batch sizing: calculated=10, max_allowed=10, queue=1057, active_workers=12/14
2026-03-04 18:31:26,941 - Knowledge - INFO - [kw14] Queue=1047, InProgress=0, PendingWorkers=12/14, Completed=0/1167 (0.0%)
2026-03-04 18:31:27,015 - Knowledge - INFO - knowledge worker kw15 start
2026-03-04 18:31:27,016 - Knowledge - INFO - Worker kw16 created using shared MongoDB connection pool
2026-03-04 18:31:27,125 - Knowledge - INFO - Worker kw1 processing /app/data/T0015/329083/b8924gk/shopizer-329083/sm-core/src/test/java/com/salesmanager/test/merchant/MerchantSalesManagerTestCase.java
2026-03-04 18:31:27,232 - Knowledge - INFO - Fast-tracked /app/data/T0015/329083/b8924gk/shopizer-329083/sm-core/src/test/java/com/salesmanager/test/core/AbstractSalesManagerCoreTestCase.java (ext=.java, size=6092)
2026-03-04 18:31:27,311 - Knowledge - INFO - Worker kw3 processing /app/data/T0015/329083/b8924gk/shopizer-329083/sm-core/src/test/java/com/salesmanager/test/catalog/SearchByProductAttributeTestCase.java
2026-03-04 18:31:27,423 - Knowledge - INFO - Worker kw4 processing /app/data/T0015/329083/b8924gk/shopizer-329083/sm-core/src/main/java/com/salesmanager/core/business/order/dao/orderaccount/OrderAccountDao.java
2026-03-04 18:31:27,515 - Knowledge - INFO - Fast-tracked /app/data/T0015/329083/b8924gk/shopizer-329083/sm-core/src/main/java/com/salesmanager/core/business/order/model/orderstatus/OrderStatus.java (ext=.java, size=330)
2026-03-04 18:31:27,610 - Knowledge - INFO - Worker kw6 processing /app/data/T0015/329083/b8924gk/shopizer-329083/sm-core/src/main/java/com/salesmanager/core/business/order/model/payment/CreditCard.java
2026-03-04 18:31:27,704 - Knowledge - INFO - Fast-tracked /app/data/T0015/329083/b8924gk/shopizer-329083/sm-core/src/main/java/com/salesmanager/core/business/order/model/OrderCriteria.java (ext=.java, size=778)
2026-03-04 18:31:27,818 - Knowledge - INFO - Fast-tracked /app/data/T0015/329083/b8924gk/shopizer-329083/sm-core/src/main/java/com/salesmanager/core/business/shipping/model/PackageDetails.java (ext=.java, size=1661)
2026-03-04 18:31:27,921 - Knowledge - INFO - Worker kw9 processing /app/data/T0015/329083/b8924gk/shopizer-329083/sm-core/src/main/java/com/salesmanager/core/business/shoppingcart/dao/ShoppingCartDaoImpl.java
2026-03-04 18:31:27,999 - Knowledge - INFO - Worker kw10 processing /app/data/T0015/329083/b8924gk/shopizer-329083/sm-core/src/main/java/com/salesmanager/core/business/shoppingcart/model/ShoppingCartAttributeItem.java
2026-03-04 18:31:28,085 - Knowledge - INFO - Fast-tracked /app/data/T0015/329083/b8924gk/shopizer-329083/sm-core/src/main/java/com/salesmanager/core/business/customer/dao/attribute/CustomerOptionSetDao.java (ext=.java, size=770)
2026-03-04 18:31:28,190 - Knowledge - INFO - Worker kw12 processing /app/data/T0015/329083/b8924gk/shopizer-329083/sm-core/src/main/java/com/salesmanager/core/business/customer/service/attribute/CustomerOptionValueServiceImpl.java
2026-03-04 18:31:28,270 - Knowledge - INFO - Worker kw13 processing /app/data/T0015/329083/b8924gk/shopizer-329083/sm-core/src/main/java/com/salesmanager/core/business/customer/model/attribute/CustomerOptionSet.java
2026-03-04 18:31:28,400 - Knowledge - INFO - Batch sizing: calculated=10, max_allowed=10, queue=1047, active_workers=13/15
2026-03-04 18:31:28,491 - Knowledge - INFO - [kw15] Queue=1037, InProgress=0, PendingWorkers=13/15, Completed=0/1167 (0.0%)
2026-03-04 18:31:28,568 - Knowledge - INFO - knowledge worker kw16 start
2026-03-04 18:31:28,568 - Knowledge - INFO - Worker kw17 created using shared MongoDB connection pool
2026-03-04 18:31:28,637 - Knowledge - INFO - Fast-tracked /app/data/T0015/329083/b8924gk/shopizer-329083/sm-core/src/test/java/com/salesmanager/test/merchant/MerchantSalesManagerTestCase.java (ext=.java, size=1434)
2026-03-04 18:31:28,769 - Knowledge - INFO - Worker kw2 processing /app/data/T0015/329083/b8924gk/shopizer-329083/sm-core/src/test/java/com/salesmanager/test/core/SalesManagerCoreTestExecutionListener.java
2026-03-04 18:31:28,872 - Knowledge - INFO - Fast-tracked /app/data/T0015/329083/b8924gk/shopizer-329083/sm-core/src/test/java/com/salesmanager/test/catalog/SearchByProductAttributeTestCase.java (ext=.java, size=15744)
2026-03-04 18:31:28,972 - Knowledge - INFO - Fast-tracked /app/data/T0015/329083/b8924gk/shopizer-329083/sm-core/src/main/java/com/salesmanager/core/business/order/dao/orderaccount/OrderAccountDao.java (ext=.java, size=315)
2026-03-04 18:31:29,050 - Knowledge - INFO - Worker kw5 processing /app/data/T0015/329083/b8924gk/shopizer-329083/sm-core/src/main/java/com/salesmanager/core/business/order/model/orderstatus/OrderStatusHistory.java
2026-03-04 18:31:29,171 - Knowledge - INFO - Fast-tracked /app/data/T0015/329083/b8924gk/shopizer-329083/sm-core/src/main/java/com/salesmanager/core/business/order/model/payment/CreditCard.java (ext=.java, size=1357)
2026-03-04 18:31:29,299 - Knowledge - INFO - Worker kw7 processing /app/data/T0015/329083/b8924gk/shopizer-329083/sm-core/src/main/java/com/salesmanager/core/business/shipping/service/ShippingServiceImpl.java
2026-03-04 18:31:29,369 - Knowledge - INFO - Worker kw8 processing /app/data/T0015/329083/b8924gk/shopizer-329083/sm-core/src/main/java/com/salesmanager/core/business/shipping/model/ShippingConfiguration.java
2026-03-04 18:31:29,434 - Knowledge - INFO - Worker kw9 processing /app/data/T0015/329083/b8924gk/shopizer-329083/sm-core/src/main/java/com/salesmanager/core/business/shoppingcart/dao/ShoppingCartDao.java
2026-03-04 18:31:29,563 - Knowledge - INFO - Worker kw10 processing /app/data/T0015/329083/b8924gk/shopizer-329083/sm-core/src/main/java/com/salesmanager/core/business/customer/dao/CustomerDAOImpl.java
2026-03-04 18:31:29,639 - Knowledge - INFO - Worker kw11 processing /app/data/T0015/329083/b8924gk/shopizer-329083/sm-core/src/main/java/com/salesmanager/core/business/customer/dao/attribute/CustomerOptionDao.java
2026-03-04 18:31:29,723 - Knowledge - INFO - Worker kw12 processing /app/data/T0015/329083/b8924gk/shopizer-329083/sm-core/src/main/java/com/salesmanager/core/business/customer/service/attribute/CustomerAttributeService.java
2026-03-04 18:31:29,793 - Knowledge - INFO - Worker kw13 processing /app/data/T0015/329083/b8924gk/shopizer-329083/sm-core/src/main/java/com/salesmanager/core/business/customer/model/attribute/CustomerOptionDescription.java
2026-03-04 18:31:29,901 - Knowledge - INFO - Worker kw14 processing /app/data/T0015/329083/b8924gk/shopizer-329083/sm-core/src/main/java/com/salesmanager/core/business/search/model/SearchKeywords.java
2026-03-04 18:31:30,053 - Knowledge - INFO - Batch sizing: calculated=10, max_allowed=10, queue=1037, active_workers=14/16
2026-03-04 18:31:30,144 - Knowledge - INFO - [kw16] Queue=1027, InProgress=0, PendingWorkers=14/16, Completed=0/1167 (0.0%)
2026-03-04 18:31:30,288 - Knowledge - INFO - knowledge worker kw17 start
2026-03-04 18:31:30,289 - Knowledge - INFO - Worker kw18 created using shared MongoDB connection pool
2026-03-04 18:31:30,399 - Knowledge - INFO - Worker kw1 processing /app/data/T0015/329083/b8924gk/shopizer-329083/sm-core/src/test/java/com/salesmanager/test/shoppingcart/ShoppingCartTestCase.java
2026-03-04 18:31:30,490 - Knowledge - INFO - Fast-tracked /app/data/T0015/329083/b8924gk/shopizer-329083/sm-core/src/test/java/com/salesmanager/test/core/SalesManagerCoreTestExecutionListener.java (ext=.java, size=902)
2026-03-04 18:31:30,577 - Knowledge - INFO - Worker kw3 processing /app/data/T0015/329083/b8924gk/shopizer-329083/sm-core/src/test/java/com/salesmanager/test/catalog/CatalogSalesManagerTestCase.java
2026-03-04 18:31:30,671 - Knowledge - INFO - Worker kw4 processing /app/data/T0015/329083/b8924gk/shopizer-329083/sm-core/src/main/java/com/salesmanager/core/business/order/dao/orderaccount/OrderAccountDaoImpl.java
2026-03-04 18:31:30,745 - Knowledge - INFO - Worker kw5 processing /app/data/T0015/329083/b8924gk/shopizer-329083/sm-core/src/main/java/com/salesmanager/core/business/order/model/OrderList.java
2026-03-04 18:31:30,845 - Knowledge - INFO - Worker kw6 processing /app/data/T0015/329083/b8924gk/shopizer-329083/sm-core/src/main/java/com/salesmanager/core/business/order/model/OrderType.java
2026-03-04 18:31:30,932 - Knowledge - INFO - Worker kw7 processing /app/data/T0015/329083/b8924gk/shopizer-329083/sm-core/src/main/java/com/salesmanager/core/business/shipping/service/ShippingService.java
2026-03-04 18:31:31,010 - Knowledge - INFO - Worker kw8 processing /app/data/T0015/329083/b8924gk/shopizer-329083/sm-core/src/main/java/com/salesmanager/core/business/shipping/model/ShippingBasisType.java
2026-03-04 18:31:31,078 - Knowledge - INFO - Fast-tracked /app/data/T0015/329083/b8924gk/shopizer-329083/sm-core/src/main/java/com/salesmanager/core/business/shoppingcart/dao/ShoppingCartDao.java (ext=.java, size=924)
2026-03-04 18:31:31,153 - Knowledge - INFO - Worker kw10 processing /app/data/T0015/329083/b8924gk/shopizer-329083/sm-core/src/main/java/com/salesmanager/core/business/customer/dao/attribute/CustomerOptionValueDao.java
2026-03-04 18:31:31,264 - Knowledge - INFO - Fast-tracked /app/data/T0015/329083/b8924gk/shopizer-329083/sm-core/src/main/java/com/salesmanager/core/business/customer/dao/attribute/CustomerOptionDao.java (ext=.java, size=864)
2026-03-04 18:31:31,354 - Knowledge - INFO - Fast-tracked /app/data/T0015/329083/b8924gk/shopizer-329083/sm-core/src/main/java/com/salesmanager/core/business/customer/service/attribute/CustomerAttributeService.java (ext=.java, size=989)
2026-03-04 18:31:31,442 - Knowledge - INFO - Fast-tracked /app/data/T0015/329083/b8924gk/shopizer-329083/sm-core/src/main/java/com/salesmanager/core/business/customer/model/attribute/CustomerOptionDescription.java (ext=.java, size=1548)
2026-03-04 18:31:31,511 - Knowledge - INFO - Fast-tracked /app/data/T0015/329083/b8924gk/shopizer-329083/sm-core/src/main/java/com/salesmanager/core/business/search/model/SearchKeywords.java (ext=.java, size=748)
2026-03-04 18:31:31,625 - Knowledge - INFO - Worker kw15 processing /app/data/T0015/329083/b8924gk/shopizer-329083/sm-core/src/main/java/com/salesmanager/core/business/payments/model/PaymentType.java
2026-03-04 18:31:31,708 - Knowledge - INFO - Batch sizing: calculated=10, max_allowed=10, queue=1027, active_workers=15/17
2026-03-04 18:31:31,824 - Knowledge - INFO - [kw17] Queue=1017, InProgress=0, PendingWorkers=15/17, Completed=0/1167 (0.0%)
2026-03-04 18:31:31,907 - Knowledge - INFO - knowledge worker kw18 start
2026-03-04 18:31:31,907 - Knowledge - INFO - Worker kw19 created using shared MongoDB connection pool
2026-03-04 18:31:31,993 - Knowledge - INFO - Fast-tracked /app/data/T0015/329083/b8924gk/shopizer-329083/sm-core/src/test/java/com/salesmanager/test/shoppingcart/ShoppingCartTestCase.java (ext=.java, size=16452)
2026-03-04 18:31:32,181 - Knowledge - INFO - Worker kw2 processing /app/data/T0015/329083/b8924gk/shopizer-329083/sm-core/src/test/java/com/salesmanager/test/isolated/IsolatedTestCase.java
2026-03-04 18:31:32,274 - Knowledge - INFO - Fast-tracked /app/data/T0015/329083/b8924gk/shopizer-329083/sm-core/src/test/java/com/salesmanager/test/catalog/CatalogSalesManagerTestCase.java (ext=.java, size=24221)
2026-03-04 18:31:32,354 - Knowledge - INFO - Fast-tracked /app/data/T0015/329083/b8924gk/shopizer-329083/sm-core/src/main/java/com/salesmanager/core/business/order/dao/orderaccount/OrderAccountDaoImpl.java (ext=.java, size=481)
2026-03-04 18:31:32,441 - Knowledge - INFO - Fast-tracked /app/data/T0015/329083/b8924gk/shopizer-329083/sm-core/src/main/java/com/salesmanager/core/business/order/model/OrderList.java (ext=.java, size=454)
2026-03-04 18:31:32,511 - Knowledge - INFO - Fast-tracked /app/data/T0015/329083/b8924gk/shopizer-329083/sm-core/src/main/java/com/salesmanager/core/business/order/model/OrderType.java (ext=.java, size=98)
2026-03-04 18:31:32,612 - Knowledge - INFO - Worker kw7 processing /app/data/T0015/329083/b8924gk/shopizer-329083/sm-core/src/main/java/com/salesmanager/core/business/shipping/model/ShippingSummary.java
2026-03-04 18:31:32,683 - Knowledge - INFO - Fast-tracked /app/data/T0015/329083/b8924gk/shopizer-329083/sm-core/src/main/java/com/salesmanager/core/business/shipping/model/ShippingBasisType.java (ext=.java, size=119)
2026-03-04 18:31:32,826 - Knowledge - INFO - Worker kw9 processing /app/data/T0015/329083/b8924gk/shopizer-329083/sm-core/src/main/java/com/salesmanager/core/business/shoppingcart/dao/ShoppingCartItemDao.java
2026-03-04 18:31:32,951 - Knowledge - INFO - Fast-tracked /app/data/T0015/329083/b8924gk/shopizer-329083/sm-core/src/main/java/com/salesmanager/core/business/customer/dao/attribute/CustomerOptionValueDao.java (ext=.java, size=650)
2026-03-04 18:31:33,020 - Knowledge - INFO - Worker kw11 processing /app/data/T0015/329083/b8924gk/shopizer-329083/sm-core/src/main/java/com/salesmanager/core/business/customer/dao/CustomerDAO.java
2026-03-04 18:31:33,175 - Knowledge - INFO - Worker kw12 processing /app/data/T0015/329083/b8924gk/shopizer-329083/sm-core/src/main/java/com/salesmanager/core/business/customer/service/CustomerServiceImpl.java
2026-03-04 18:31:33,250 - Knowledge - INFO - Worker kw13 processing /app/data/T0015/329083/b8924gk/shopizer-329083/sm-core/src/main/java/com/salesmanager/core/business/customer/model/Customer.java
2026-03-04 18:31:33,370 - Knowledge - INFO - Worker kw14 processing /app/data/T0015/329083/b8924gk/shopizer-329083/sm-core/src/main/java/com/salesmanager/core/business/search/model/SearchFacet.java
2026-03-04 18:31:33,445 - Knowledge - INFO - Fast-tracked /app/data/T0015/329083/b8924gk/shopizer-329083/sm-core/src/main/java/com/salesmanager/core/business/payments/model/PaymentType.java (ext=.java, size=137)
2026-03-04 18:31:33,562 - Knowledge - INFO - Worker kw16 processing /app/data/T0015/329083/b8924gk/shopizer-329083/sm-core/src/main/java/com/salesmanager/core/business/common/model/Description.java
2026-03-04 18:31:33,644 - Knowledge - INFO - Batch sizing: calculated=10, max_allowed=10, queue=1017, active_workers=16/18
2026-03-04 18:31:33,766 - Knowledge - INFO - [kw18] Queue=1007, InProgress=0, PendingWorkers=16/18, Completed=0/1167 (0.0%)
2026-03-04 18:31:33,848 - Knowledge - INFO - knowledge worker kw19 start
2026-03-04 18:31:33,848 - Knowledge - INFO - Worker kw20 created using shared MongoDB connection pool
2026-03-04 18:31:33,937 - Knowledge - INFO - Worker kw1 processing /app/data/T0015/329083/b8924gk/shopizer-329083/sm-core/src/test/java/com/salesmanager/test/customer/CustomerOptionsTestCase.java
2026-03-04 18:31:34,018 - Knowledge - INFO - Fast-tracked /app/data/T0015/329083/b8924gk/shopizer-329083/sm-core/src/test/java/com/salesmanager/test/isolated/IsolatedTestCase.java (ext=.java, size=51250)
2026-03-04 18:31:34,128 - Knowledge - INFO - Worker kw3 processing /app/data/T0015/329083/b8924gk/shopizer-329083/sm-core/src/test/java/com/salesmanager/test/catalog/ProductImagesTestCase.java
2026-03-04 18:31:34,251 - Knowledge - INFO - Worker kw4 processing /app/data/T0015/329083/b8924gk/shopizer-329083/sm-core/src/main/java/com/salesmanager/core/business/order/dao/orderproduct/OrderProductDao.java
2026-03-04 18:31:34,346 - Knowledge - INFO - Worker kw5 processing /app/data/T0015/329083/b8924gk/shopizer-329083/sm-core/src/main/java/com/salesmanager/core/business/order/model/Order.java
2026-03-04 18:31:34,434 - Knowledge - INFO - Worker kw6 processing /app/data/T0015/329083/b8924gk/shopizer-329083/sm-core/src/main/java/com/salesmanager/core/business/order/model/orderaccount/OrderAccountProduct.java
2026-03-04 18:31:34,532 - Knowledge - INFO - Fast-tracked /app/data/T0015/329083/b8924gk/shopizer-329083/sm-core/src/main/java/com/salesmanager/core/business/shipping/model/ShippingSummary.java (ext=.java, size=1484)
2026-03-04 18:31:34,642 - Knowledge - INFO - Worker kw8 processing /app/data/T0015/329083/b8924gk/shopizer-329083/sm-core/src/main/java/com/salesmanager/core/business/shipping/model/ShippingDescription.java
2026-03-04 18:31:34,729 - Knowledge - INFO - Fast-tracked /app/data/T0015/329083/b8924gk/shopizer-329083/sm-core/src/main/java/com/salesmanager/core/business/shoppingcart/dao/ShoppingCartItemDao.java (ext=.java, size=306)
2026-03-04 18:31:34,818 - Knowledge - INFO - Worker kw10 processing /app/data/T0015/329083/b8924gk/shopizer-329083/sm-core/src/main/java/com/salesmanager/core/business/customer/dao/attribute/CustomerAttributeDaoImpl.java
2026-03-04 18:31:34,890 - Knowledge - INFO - Fast-tracked /app/data/T0015/329083/b8924gk/shopizer-329083/sm-core/src/main/java/com/salesmanager/core/business/customer/dao/CustomerDAO.java (ext=.java, size=787)
2026-03-04 18:31:34,997 - Knowledge - INFO - Worker kw12 processing /app/data/T0015/329083/b8924gk/shopizer-329083/sm-core/src/main/java/com/salesmanager/core/business/customer/service/CustomerService.java
2026-03-04 18:31:35,091 - Knowledge - INFO - Worker kw13 processing /app/data/T0015/329083/b8924gk/shopizer-329083/sm-core/src/main/java/com/salesmanager/core/business/customer/model/CustomerList.java
2026-03-04 18:31:35,219 - Knowledge - INFO - Fast-tracked /app/data/T0015/329083/b8924gk/shopizer-329083/sm-core/src/main/java/com/salesmanager/core/business/search/model/SearchFacet.java (ext=.java, size=486)
2026-03-04 18:31:35,350 - Knowledge - INFO - Worker kw15 processing /app/data/T0015/329083/b8924gk/shopizer-329083/sm-core/src/main/java/com/salesmanager/core/business/payments/model/BasicPayment.java
2026-03-04 18:31:35,457 - Knowledge - INFO - Worker kw16 processing /app/data/T0015/329083/b8924gk/shopizer-329083/sm-core/src/main/java/com/salesmanager/core/business/common/model/CriteriaOrderBy.java
2026-03-04 18:31:35,531 - Knowledge - INFO - Worker kw17 processing /app/data/T0015/329083/b8924gk/shopizer-329083/sm-core/src/main/java/com/salesmanager/core/business/system/dao/MerchantConfigurationDaoImpl.java
2026-03-04 18:31:35,619 - Knowledge - INFO - Batch sizing: calculated=10, max_allowed=10, queue=1007, active_workers=17/19
2026-03-04 18:31:35,695 - Knowledge - INFO - [kw19] Queue=997, InProgress=0, PendingWorkers=17/19, Completed=0/1167 (0.0%)
2026-03-04 18:31:35,830 - Knowledge - INFO - knowledge worker kw20 start
2026-03-04 18:31:35,952 - Knowledge - INFO - Fast-tracked /app/data/T0015/329083/b8924gk/shopizer-329083/sm-core/src/test/java/com/salesmanager/test/customer/CustomerOptionsTestCase.java (ext=.java, size=7714)
2026-03-04 18:31:36,031 - Knowledge - INFO - Worker kw2 processing /app/data/T0015/329083/b8924gk/shopizer-329083/sm-core/src/test/java/com/salesmanager/test/isolated/TestSupportFactory.java
2026-03-04 18:31:36,118 - Knowledge - INFO - Fast-tracked /app/data/T0015/329083/b8924gk/shopizer-329083/sm-core/src/test/java/com/salesmanager/test/catalog/ProductImagesTestCase.java (ext=.java, size=7447)
2026-03-04 18:31:36,198 - Knowledge - INFO - Fast-tracked /app/data/T0015/329083/b8924gk/shopizer-329083/sm-core/src/main/java/com/salesmanager/core/business/order/dao/orderproduct/OrderProductDao.java (ext=.java, size=311)
2026-03-04 18:31:36,323 - Knowledge - INFO - Fast-tracked /app/data/T0015/329083/b8924gk/shopizer-329083/sm-core/src/main/java/com/salesmanager/core/business/order/dao/orderproduct/OrderProductDownloadDaoImpl.java (small file (2060 bytes))
2026-03-04 18:31:36,410 - Knowledge - INFO - Worker kw6 processing /app/data/T0015/329083/b8924gk/shopizer-329083/sm-core/src/main/java/com/salesmanager/core/business/order/model/orderaccount/OrderAccount.java
2026-03-04 18:31:36,528 - Knowledge - INFO - Worker kw7 processing /app/data/T0015/329083/b8924gk/shopizer-329083/sm-core/src/main/java/com/salesmanager/core/business/shipping/model/ShippingOptionPriceType.java
2026-03-04 18:31:36,625 - Knowledge - INFO - Fast-tracked /app/data/T0015/329083/b8924gk/shopizer-329083/sm-core/src/main/java/com/salesmanager/core/business/shipping/model/ShippingDescription.java (ext=.java, size=139)
2026-03-04 18:31:36,726 - Knowledge - INFO - Worker kw9 processing /app/data/T0015/329083/b8924gk/shopizer-329083/sm-core/src/main/java/com/salesmanager/core/business/shoppingcart/dao/ShoppingCartItemDaoImpl.java
2026-03-04 18:31:36,843 - Knowledge - INFO - Worker kw10 processing /app/data/T0015/329083/b8924gk/shopizer-329083/sm-core/src/main/java/com/salesmanager/core/business/customer/dao/attribute/CustomerAttributeDao.java
2026-03-04 18:31:36,915 - Knowledge - INFO - Worker kw11 processing /app/data/T0015/329083/b8924gk/shopizer-329083/sm-core/src/main/java/com/salesmanager/core/business/customer/CustomerRegistrationException.java
2026-03-04 18:31:36,991 - Knowledge - INFO - Fast-tracked /app/data/T0015/329083/b8924gk/shopizer-329083/sm-core/src/main/java/com/salesmanager/core/business/customer/service/CustomerService.java (ext=.java, size=1352)
2026-03-04 18:31:37,068 - Knowledge - INFO - Fast-tracked /app/data/T0015/329083/b8924gk/shopizer-329083/sm-core/src/main/java/com/salesmanager/core/business/customer/model/CustomerList.java (ext=.java, size=487)
2026-03-04 18:31:37,134 - Knowledge - INFO - Worker kw14 processing /app/data/T0015/329083/b8924gk/shopizer-329083/sm-core/src/main/java/com/salesmanager/core/business/search/model/IndexProduct.java
2026-03-04 18:31:37,196 - Knowledge - INFO - Fast-tracked /app/data/T0015/329083/b8924gk/shopizer-329083/sm-core/src/main/java/com/salesmanager/core/business/payments/model/BasicPayment.java (ext=.java, size=213)
2026-03-04 18:31:37,275 - Knowledge - INFO - Fast-tracked /app/data/T0015/329083/b8924gk/shopizer-329083/sm-core/src/main/java/com/salesmanager/core/business/common/model/CriteriaOrderBy.java (ext=.java, size=107)
2026-03-04 18:31:37,359 - Knowledge - INFO - Worker kw17 processing /app/data/T0015/329083/b8924gk/shopizer-329083/sm-core/src/main/java/com/salesmanager/core/business/system/dao/SystemNotificationDao.java
2026-03-04 18:31:37,732 - Knowledge - INFO - Worker kw18 processing /app/data/T0015/329083/b8924gk/shopizer-329083/sm-core/src/main/java/com/salesmanager/core/business/system/service/SystemConfigurationServiceImpl.java
2026-03-04 18:31:37,815 - Knowledge - INFO - Batch sizing: calculated=8, max_allowed=10, queue=997, active_workers=18/20
2026-03-04 18:31:37,937 - Knowledge - INFO - [kw20] Queue=987, InProgress=0, PendingWorkers=18/20, Completed=0/1167 (0.0%)
2026-03-04 18:31:38,032 - Knowledge - INFO - Worker kw1 processing /app/data/T0015/329083/b8924gk/shopizer-329083/sm-core/src/test/java/com/salesmanager/test/customer/CustomerSalesManagerTestCase.java
2026-03-04 18:31:38,120 - Knowledge - INFO - Fast-tracked /app/data/T0015/329083/b8924gk/shopizer-329083/sm-core/src/test/java/com/salesmanager/test/isolated/TestSupportFactory.java (ext=.java, size=8063)
2026-03-04 18:31:38,237 - Knowledge - INFO - Worker kw3 processing /app/data/T0015/329083/b8924gk/shopizer-329083/sm-core/src/test/resources/sql/create_schema.sql
2026-03-04 18:31:38,352 - Knowledge - INFO - Worker kw4 processing /app/data/T0015/329083/b8924gk/shopizer-329083/sm-core/src/main/java/com/salesmanager/core/business/order/dao/orderproduct/OrderProductDownloadDao.java
2026-03-04 18:31:38,546 - Knowledge - INFO - Worker kw6 processing /app/data/T0015/329083/b8924gk/shopizer-329083/sm-core/src/main/java/com/salesmanager/core/business/order/model/OrderChannel.java
2026-03-04 18:31:38,634 - Knowledge - INFO - Fast-tracked /app/data/T0015/329083/b8924gk/shopizer-329083/sm-core/src/main/java/com/salesmanager/core/business/shipping/model/ShippingOptionPriceType.java (ext=.java, size=127)
2026-03-04 18:31:38,740 - Knowledge - INFO - Worker kw8 processing /app/data/T0015/329083/b8924gk/shopizer-329083/sm-core/src/main/java/com/salesmanager/core/business/shipping/model/ShippingProduct.java
2026-03-04 18:31:38,850 - Knowledge - INFO - Fast-tracked /app/data/T0015/329083/b8924gk/shopizer-329083/sm-core/src/main/java/com/salesmanager/core/business/shoppingcart/dao/ShoppingCartItemDaoImpl.java (ext=.java, size=433)
2026-03-04 18:31:38,927 - Knowledge - INFO - Fast-tracked /app/data/T0015/329083/b8924gk/shopizer-329083/sm-core/src/main/java/com/salesmanager/core/business/customer/dao/attribute/CustomerAttributeDao.java (ext=.java, size=722)
2026-03-04 18:31:39,019 - Knowledge - INFO - Fast-tracked /app/data/T0015/329083/b8924gk/shopizer-329083/sm-core/src/main/java/com/salesmanager/core/business/customer/CustomerRegistrationException.java (ext=.java, size=649)
2026-03-04 18:31:39,094 - Knowledge - INFO - Worker kw12 processing /app/data/T0015/329083/b8924gk/shopizer-329083/sm-core/src/main/java/com/salesmanager/core/business/customer/model/attribute/CustomerOptionValue.java
2026-03-04 18:31:39,194 - Knowledge - INFO - Worker kw13 processing /app/data/T0015/329083/b8924gk/shopizer-329083/sm-core/src/main/java/com/salesmanager/core/business/customer/model/CustomerCriteria.java
2026-03-04 18:31:39,278 - Knowledge - INFO - Worker kw14 processing /app/data/T0015/329083/b8924gk/shopizer-329083/sm-core/src/main/java/com/salesmanager/core/business/search/model/SearchResponse.java
2026-03-04 18:31:39,311 - Knowledge - INFO - Fast-tracked /app/data/T0015/329083/b8924gk/shopizer-329083/sm-core/src/main/java/com/salesmanager/core/business/order/service/orderproduct/OrderProductDownloadServiceImpl.java (small file (2044 bytes))
2026-03-04 18:31:39,378 - Knowledge - INFO - Worker kw15 processing /app/data/T0015/329083/b8924gk/shopizer-329083/sm-core/src/main/java/com/salesmanager/core/business/payments/model/TransactionType.java
2026-03-04 18:31:39,450 - Knowledge - INFO - Worker kw16 processing /app/data/T0015/329083/b8924gk/shopizer-329083/sm-core/src/main/java/com/salesmanager/core/business/common/model/Address.java
2026-03-04 18:31:39,593 - Knowledge - INFO - Fast-tracked /app/data/T0015/329083/b8924gk/shopizer-329083/sm-core/src/main/java/com/salesmanager/core/business/system/dao/SystemNotificationDao.java (ext=.java, size=297)
2026-03-04 18:31:39,685 - Knowledge - INFO - Fast-tracked /app/data/T0015/329083/b8924gk/shopizer-329083/sm-core/src/main/java/com/salesmanager/core/business/system/service/SystemConfigurationServiceImpl.java (ext=.java, size=1141)
2026-03-04 18:31:39,804 - Knowledge - INFO - Worker kw19 processing /app/data/T0015/329083/b8924gk/shopizer-329083/sm-core/src/main/java/com/salesmanager/core/business/system/model/MerchantConfig.java
2026-03-04 18:31:39,890 - Knowledge - INFO - Batch sizing: calculated=8, max_allowed=10, queue=987, active_workers=19/20
2026-03-04 18:31:39,986 - Knowledge - INFO - Fast-tracked /app/data/T0015/329083/b8924gk/shopizer-329083/sm-core/src/test/java/com/salesmanager/test/customer/CustomerSalesManagerTestCase.java (ext=.java, size=2457)
2026-03-04 18:31:40,090 - Knowledge - INFO - Worker kw2 processing /app/data/T0015/329083/b8924gk/shopizer-329083/sm-core/src/test/java/com/salesmanager/test/manufacturer/ManufacturerTestCase.java
2026-03-04 18:31:40,208 - Knowledge - INFO - Fast-tracked /app/data/T0015/329083/b8924gk/shopizer-329083/sm-core/src/test/resources/sql/create_schema.sql (ext=.sql, size=41)
2026-03-04 18:31:40,302 - Knowledge - INFO - Fast-tracked /app/data/T0015/329083/b8924gk/shopizer-329083/sm-core/src/main/java/com/salesmanager/core/business/order/dao/orderproduct/OrderProductDownloadDao.java (ext=.java, size=420)
2026-03-04 18:31:40,386 - Knowledge - INFO - Fast-tracked /app/data/T0015/329083/b8924gk/shopizer-329083/sm-core/src/main/java/com/salesmanager/core/business/order/model/OrderChannel.java (ext=.java, size=100)
2026-03-04 18:31:40,458 - Knowledge - INFO - Worker kw7 processing /app/data/T0015/329083/b8924gk/shopizer-329083/sm-core/src/main/java/com/salesmanager/core/business/shipping/model/ShippingQuote.java
2026-03-04 18:31:40,533 - Knowledge - INFO - Fast-tracked /app/data/T0015/329083/b8924gk/shopizer-329083/sm-core/src/main/java/com/salesmanager/core/business/shipping/model/ShippingProduct.java (ext=.java, size=563)
2026-03-04 18:31:40,613 - Knowledge - INFO - Worker kw9 processing /app/data/T0015/329083/b8924gk/shopizer-329083/sm-core/src/main/java/com/salesmanager/core/business/shoppingcart/service/ShoppingCartCalculationServiceImpl.java
2026-03-04 18:31:40,688 - Knowledge - INFO - Worker kw10 processing /app/data/T0015/329083/b8924gk/shopizer-329083/sm-core/src/main/java/com/salesmanager/core/business/customer/dao/attribute/CustomerOptionValueDaoImpl.java
2026-03-04 18:31:40,798 - Knowledge - INFO - Worker kw11 processing /app/data/T0015/329083/b8924gk/shopizer-329083/sm-core/src/main/java/com/salesmanager/core/business/customer/service/attribute/CustomerOptionSetService.java
2026-03-04 18:31:40,883 - Knowledge - INFO - Worker kw12 processing /app/data/T0015/329083/b8924gk/shopizer-329083/sm-core/src/main/java/com/salesmanager/core/business/customer/model/attribute/CustomerOptionValueDescription.java
2026-03-04 18:31:40,999 - Knowledge - INFO - Fast-tracked /app/data/T0015/329083/b8924gk/shopizer-329083/sm-core/src/main/java/com/salesmanager/core/business/customer/model/CustomerCriteria.java (ext=.java, size=936)
2026-03-04 18:31:41,115 - Knowledge - INFO - Fast-tracked /app/data/T0015/329083/b8924gk/shopizer-329083/sm-core/src/main/java/com/salesmanager/core/business/search/model/SearchResponse.java (ext=.java, size=1021)
2026-03-04 18:31:41,308 - Knowledge - INFO - Fast-tracked /app/data/T0015/329083/b8924gk/shopizer-329083/sm-core/src/main/java/com/salesmanager/core/business/payments/model/TransactionType.java (ext=.java, size=150)
2026-03-04 18:31:41,378 - Knowledge - INFO - Fast-tracked /app/data/T0015/329083/b8924gk/shopizer-329083/sm-core/src/main/java/com/salesmanager/core/business/common/model/Address.java (ext=.java, size=1046)
2026-03-04 18:31:41,542 - Knowledge - INFO - Worker kw17 processing /app/data/T0015/329083/b8924gk/shopizer-329083/sm-core/src/main/java/com/salesmanager/core/business/system/dao/MerchantLogDao.java
2026-03-04 18:31:41,621 - Knowledge - INFO - Worker kw18 processing /app/data/T0015/329083/b8924gk/shopizer-329083/sm-core/src/main/java/com/salesmanager/core/business/system/service/SystemConfigurationService.java
2026-03-04 18:31:41,756 - Knowledge - INFO - Worker kw19 processing /app/data/T0015/329083/b8924gk/shopizer-329083/sm-core/src/main/java/com/salesmanager/core/business/system/model/MerchantLog.java
2026-03-04 18:31:41,862 - Knowledge - INFO - Worker kw20 processing /app/data/T0015/329083/b8924gk/shopizer-329083/sm-core/src/main/java/com/salesmanager/core/business/system/model/Module.java
2026-03-04 18:31:41,944 - Knowledge - INFO - Processing batch of 10 files
2026-03-04 18:31:42,076 - Knowledge - INFO - Fast-tracked /app/data/T0015/329083/b8924gk/shopizer-329083/sm-core/src/test/java/com/salesmanager/test/manufacturer/ManufacturerTestCase.java (ext=.java, size=2245)
2026-03-04 18:31:42,188 - Knowledge - INFO - Worker kw3 processing /app/data/T0015/329083/b8924gk/shopizer-329083/sm-core/src/test/resources/spring/test-spring-context.xml
2026-03-04 18:31:42,286 - Knowledge - INFO - Worker kw4 processing /app/data/T0015/329083/b8924gk/shopizer-329083/sm-core/src/main/java/com/salesmanager/core/business/order/dao/orderproduct/OrderProductDaoImpl.java
2026-03-04 18:31:42,385 - Knowledge - INFO - Worker kw6 processing /app/data/T0015/329083/b8924gk/shopizer-329083/sm-core/src/main/java/com/salesmanager/core/business/order/model/orderproduct/OrderProductPrice.java
2026-03-04 18:31:42,564 - Knowledge - INFO - Worker kw8 processing /app/data/T0015/329083/b8924gk/shopizer-329083/sm-core/src/main/java/com/salesmanager/core/business/shipping/model/ShippingOption.java
2026-03-04 18:31:42,695 - Knowledge - INFO - Worker kw9 processing /app/data/T0015/329083/b8924gk/shopizer-329083/sm-core/src/main/java/com/salesmanager/core/business/shoppingcart/service/ShoppingCartCalculationService.java
2026-03-04 18:31:42,790 - Knowledge - INFO - Worker kw10 processing /app/data/T0015/329083/b8924gk/shopizer-329083/sm-core/src/main/java/com/salesmanager/core/business/customer/dao/attribute/CustomerOptionDaoImpl.java
2026-03-04 18:31:42,885 - Knowledge - INFO - Fast-tracked /app/data/T0015/329083/b8924gk/shopizer-329083/sm-core/src/main/java/com/salesmanager/core/business/customer/service/attribute/CustomerOptionSetService.java (ext=.java, size=1164)
2026-03-04 18:31:42,959 - Knowledge - INFO - Fast-tracked /app/data/T0015/329083/b8924gk/shopizer-329083/sm-core/src/main/java/com/salesmanager/core/business/customer/model/attribute/CustomerOptionValueDescription.java (ext=.java, size=1129)
2026-03-04 18:31:43,104 - Knowledge - INFO - Worker kw13 processing /app/data/T0015/329083/b8924gk/shopizer-329083/sm-core/src/main/java/com/salesmanager/core/business/customer/model/CustomerGender.java
2026-03-04 18:31:43,180 - Knowledge - INFO - Worker kw14 processing /app/data/T0015/329083/b8924gk/shopizer-329083/sm-core/src/main/java/com/salesmanager/core/business/payments/dao/TransactionDaoImpl.java
2026-03-04 18:31:43,225 - Knowledge - INFO - Fast-tracked /app/data/T0015/329083/b8924gk/shopizer-329083/sm-core/src/main/java/com/salesmanager/core/business/order/model/orderstatus/OrderStatusHistory.java (small file (2660 bytes))
2026-03-04 18:31:43,274 - Knowledge - INFO - Worker kw15 processing /app/data/T0015/329083/b8924gk/shopizer-329083/sm-core/src/main/java/com/salesmanager/core/business/payments/model/Transaction.java
2026-03-04 18:31:43,373 - Knowledge - INFO - Worker kw16 processing /app/data/T0015/329083/b8924gk/shopizer-329083/sm-core/src/main/java/com/salesmanager/core/business/common/model/Billing.java
2026-03-04 18:31:43,498 - Knowledge - INFO - Fast-tracked /app/data/T0015/329083/b8924gk/shopizer-329083/sm-core/src/main/java/com/salesmanager/core/business/system/dao/MerchantLogDao.java (ext=.java, size=427)
2026-03-04 18:31:43,596 - Knowledge - INFO - Fast-tracked /app/data/T0015/329083/b8924gk/shopizer-329083/sm-core/src/main/java/com/salesmanager/core/business/system/service/SystemConfigurationService.java (ext=.java, size=465)
2026-03-04 18:31:43,693 - Knowledge - INFO - Fast-tracked /app/data/T0015/329083/b8924gk/shopizer-329083/sm-core/src/main/java/com/salesmanager/core/business/order/model/orderproduct/OrderProductDownload.java (small file (2387 bytes))
2026-03-04 18:31:43,712 - Knowledge - INFO - Worker kw19 processing /app/data/T0015/329083/b8924gk/shopizer-329083/sm-core/src/main/java/com/salesmanager/core/business/system/model/SystemNotification.java
2026-03-04 18:31:43,824 - Knowledge - INFO - Fast-tracked /app/data/T0015/329083/b8924gk/shopizer-329083/sm-core/src/main/java/com/salesmanager/core/business/system/model/Module.java (ext=.java, size=106)
2026-03-04 18:31:43,911 - Knowledge - INFO - process ingested knowledge for /app/data/T0015/329083/b8924gk/shopizer-329083/LICENSE.md
2026-03-04 18:31:44,043 - Knowledge - INFO - Processing batch of 10 files
2026-03-04 18:31:44,134 - Knowledge - INFO - Fast-tracked /app/data/T0015/329083/b8924gk/shopizer-329083/sm-core/src/test/resources/spring/test-spring-context.xml (ext=.xml, size=1866)
2026-03-04 18:31:44,258 - Knowledge - INFO - Fast-tracked /app/data/T0015/329083/b8924gk/shopizer-329083/sm-core/src/main/java/com/salesmanager/core/business/order/dao/orderproduct/OrderProductDaoImpl.java (ext=.java, size=482)
2026-03-04 18:31:44,428 - Knowledge - INFO - Worker kw8 processing /app/data/T0015/329083/b8924gk/shopizer-329083/sm-core/src/main/java/com/salesmanager/core/business/merchant/dao/MerchantStoreDaoImpl.java
2026-03-04 18:31:44,548 - Knowledge - INFO - Fast-tracked /app/data/T0015/329083/b8924gk/shopizer-329083/sm-core/src/main/java/com/salesmanager/core/business/shoppingcart/service/ShoppingCartCalculationService.java (ext=.java, size=1675)
2026-03-04 18:31:44,675 - Knowledge - INFO - Fast-tracked /app/data/T0015/329083/b8924gk/shopizer-329083/sm-core/src/main/java/com/salesmanager/core/business/shoppingcart/service/ShoppingCartService.java (small file (2576 bytes))
2026-03-04 18:31:44,764 - Knowledge - INFO - Worker kw11 processing /app/data/T0015/329083/b8924gk/shopizer-329083/sm-core/src/main/java/com/salesmanager/core/business/customer/service/attribute/CustomerOptionService.java
2026-03-04 18:31:44,895 - Knowledge - INFO - Worker kw12 processing /app/data/T0015/329083/b8924gk/shopizer-329083/sm-core/src/main/java/com/salesmanager/core/business/customer/model/attribute/CustomerAttribute.java
2026-03-04 18:31:44,975 - Knowledge - INFO - Fast-tracked /app/data/T0015/329083/b8924gk/shopizer-329083/sm-core/src/main/java/com/salesmanager/core/business/customer/model/CustomerGender.java (ext=.java, size=103)
2026-03-04 18:31:45,078 - Knowledge - INFO - Fast-tracked /app/data/T0015/329083/b8924gk/shopizer-329083/sm-core/src/main/java/com/salesmanager/core/business/payments/dao/TransactionDaoImpl.java (ext=.java, size=968)
2026-03-04 18:31:45,278 - Knowledge - INFO - Worker kw15 processing /app/data/T0015/329083/b8924gk/shopizer-329083/sm-core/src/main/java/com/salesmanager/core/business/payments/model/Payment.java
2026-03-04 18:31:45,390 - Knowledge - INFO - Worker kw16 processing /app/data/T0015/329083/b8924gk/shopizer-329083/sm-core/src/main/java/com/salesmanager/core/business/common/model/EntityList.java
2026-03-04 18:31:45,467 - Knowledge - INFO - Worker kw17 processing /app/data/T0015/329083/b8924gk/shopizer-329083/sm-core/src/main/java/com/salesmanager/core/business/system/dao/ModuleConfigurationDaoImpl.java
2026-03-04 18:31:45,545 - Knowledge - INFO - Worker kw18 processing /app/data/T0015/329083/b8924gk/shopizer-329083/sm-core/src/main/java/com/salesmanager/core/business/system/service/ModuleConfigurationServiceImpl.java
2026-03-04 18:31:45,785 - Knowledge - INFO - Worker kw19 processing /app/data/T0015/329083/b8924gk/shopizer-329083/sm-core/src/main/java/com/salesmanager/core/business/system/model/IntegrationConfiguration.java
2026-03-04 18:31:45,874 - Knowledge - INFO - Worker kw20 processing /app/data/T0015/329083/b8924gk/shopizer-329083/sm-core/src/main/java/com/salesmanager/core/business/system/model/Environment.java
2026-03-04 18:31:46,041 - Knowledge - INFO - process ingested knowledge for /app/data/T0015/329083/b8924gk/shopizer-329083/sm-core/src/test/java/com/salesmanager/test/email/EmailTestCase.java
2026-03-04 18:31:46,106 - Knowledge - INFO - process ingested knowledge for /app/data/T0015/329083/b8924gk/shopizer-329083/sm-core/src/test/java/com/salesmanager/test/search/IndexProductTestCase.java
2026-03-04 18:31:46,185 - Knowledge - INFO - Processing batch of 10 files
2026-03-04 18:31:46,422 - Knowledge - INFO - Worker kw8 processing /app/data/T0015/329083/b8924gk/shopizer-329083/sm-core/src/main/java/com/salesmanager/core/business/merchant/dao/MerchantStoreDao.java
2026-03-04 18:31:46,512 - Knowledge - INFO - Worker kw9 processing /app/data/T0015/329083/b8924gk/shopizer-329083/sm-core/src/main/java/com/salesmanager/core/business/shoppingcart/service/ShoppingCartServiceImpl.java
2026-03-04 18:31:46,707 - Knowledge - INFO - Fast-tracked /app/data/T0015/329083/b8924gk/shopizer-329083/sm-core/src/main/java/com/salesmanager/core/business/customer/service/attribute/CustomerOptionService.java (ext=.java, size=814)
2026-03-04 18:31:46,805 - Knowledge - INFO - Worker kw12 processing /app/data/T0015/329083/b8924gk/shopizer-329083/sm-core/src/main/java/com/salesmanager/core/business/customer/model/attribute/CustomerOptionType.java
2026-03-04 18:31:46,882 - Knowledge - INFO - Worker kw13 processing /app/data/T0015/329083/b8924gk/shopizer-329083/sm-core/src/main/java/com/salesmanager/core/business/customer/exception/CustomerNotFoundException.java
2026-03-04 18:31:46,975 - Knowledge - INFO - Worker kw14 processing /app/data/T0015/329083/b8924gk/shopizer-329083/sm-core/src/main/java/com/salesmanager/core/business/payments/dao/TransactionDao.java
2026-03-04 18:31:47,098 - Knowledge - INFO - Fast-tracked /app/data/T0015/329083/b8924gk/shopizer-329083/sm-core/src/main/java/com/salesmanager/core/business/payments/model/Payment.java (ext=.java, size=993)
2026-03-04 18:31:47,175 - Knowledge - INFO - Fast-tracked /app/data/T0015/329083/b8924gk/shopizer-329083/sm-core/src/main/java/com/salesmanager/core/business/common/model/EntityList.java (ext=.java, size=405)
2026-03-04 18:31:47,241 - Knowledge - INFO - Fast-tracked /app/data/T0015/329083/b8924gk/shopizer-329083/sm-core/src/main/java/com/salesmanager/core/business/system/dao/ModuleConfigurationDaoImpl.java (ext=.java, size=1328)
2026-03-04 18:31:47,337 - Knowledge - INFO - Worker kw18 processing /app/data/T0015/329083/b8924gk/shopizer-329083/sm-core/src/main/java/com/salesmanager/core/business/system/service/EmailService.java
2026-03-04 18:31:47,457 - Knowledge - INFO - Worker kw19 processing /app/data/T0015/329083/b8924gk/shopizer-329083/sm-core/src/main/java/com/salesmanager/core/business/system/model/MerchantConfigurationType.java
2026-03-04 18:31:47,556 - Knowledge - INFO - Fast-tracked /app/data/T0015/329083/b8924gk/shopizer-329083/sm-core/src/main/java/com/salesmanager/core/business/system/model/Environment.java (ext=.java, size=103)
2026-03-04 18:31:47,627 - Knowledge - INFO - process ingested knowledge for /app/data/T0015/329083/b8924gk/shopizer-329083/sm-core/src/test/java/com/salesmanager/test/init/AbstractInitSalesManagerCore.java
2026-03-04 18:31:47,773 - Knowledge - INFO - process ingested knowledge for /app/data/T0015/329083/b8924gk/shopizer-329083/sm-core/src/test/java/com/salesmanager/test/payment/PaymentTestCase.java
2026-03-04 18:31:47,869 - Knowledge - INFO - process ingested knowledge for /app/data/T0015/329083/b8924gk/shopizer-329083/sm-core/src/test/java/com/salesmanager/test/tax/TaxTestCase.java
2026-03-04 18:31:47,956 - Knowledge - INFO - Fast-tracked /app/data/T0015/329083/b8924gk/shopizer-329083/sm-core/src/main/java/com/salesmanager/core/business/merchant/dao/MerchantStoreDao.java (ext=.java, size=719)
2026-03-04 18:31:48,161 - Knowledge - INFO - Worker kw11 processing /app/data/T0015/329083/b8924gk/shopizer-329083/sm-core/src/main/java/com/salesmanager/core/business/customer/service/attribute/CustomerOptionSetServiceImpl.java
2026-03-04 18:31:48,241 - Knowledge - INFO - Fast-tracked /app/data/T0015/329083/b8924gk/shopizer-329083/sm-core/src/main/java/com/salesmanager/core/business/customer/model/attribute/CustomerOptionType.java (ext=.java, size=142)
2026-03-04 18:31:48,318 - Knowledge - INFO - Fast-tracked /app/data/T0015/329083/b8924gk/shopizer-329083/sm-core/src/main/java/com/salesmanager/core/business/customer/exception/CustomerNotFoundException.java (ext=.java, size=504)
2026-03-04 18:31:48,449 - Knowledge - INFO - Fast-tracked /app/data/T0015/329083/b8924gk/shopizer-329083/sm-core/src/main/java/com/salesmanager/core/business/payments/dao/TransactionDao.java (ext=.java, size=410)
2026-03-04 18:31:48,588 - Knowledge - INFO - Worker kw15 processing /app/data/T0015/329083/b8924gk/shopizer-329083/sm-core/src/main/java/com/salesmanager/core/business/payments/model/PaypalPayment.java
2026-03-04 18:31:48,708 - Knowledge - INFO - Worker kw16 processing /app/data/T0015/329083/b8924gk/shopizer-329083/sm-core/src/main/java/com/salesmanager/core/business/common/model/Criteria.java
2026-03-04 18:31:48,781 - Knowledge - INFO - Worker kw17 processing /app/data/T0015/329083/b8924gk/shopizer-329083/sm-core/src/main/java/com/salesmanager/core/business/system/dao/SystemNotificationDaoImpl.java
2026-03-04 18:31:48,913 - Knowledge - INFO - Fast-tracked /app/data/T0015/329083/b8924gk/shopizer-329083/sm-core/src/main/java/com/salesmanager/core/business/system/service/EmailService.java (ext=.java, size=656)
2026-03-04 18:31:48,981 - Knowledge - INFO - Fast-tracked /app/data/T0015/329083/b8924gk/shopizer-329083/sm-core/src/main/java/com/salesmanager/core/business/system/model/MerchantConfigurationType.java (ext=.java, size=137)
2026-03-04 18:31:49,110 - Knowledge - INFO - Worker kw20 processing /app/data/T0015/329083/b8924gk/shopizer-329083/sm-core/src/main/java/com/salesmanager/core/business/system/model/SystemConfiguration.java
2026-03-04 18:31:49,200 - Knowledge - INFO - process ingested knowledge for /app/data/T0015/329083/b8924gk/shopizer-329083/sm-core/src/test/java/com/salesmanager/test/order/InvoiceTestCase.java
2026-03-04 18:31:49,267 - Knowledge - INFO - process ingested knowledge for /app/data/T0015/329083/b8924gk/shopizer-329083/sm-core/src/test/java/com/salesmanager/test/utils/ImportIntegrationModule.java
2026-03-04 18:31:49,356 - Knowledge - INFO - process ingested knowledge for /app/data/T0015/329083/b8924gk/shopizer-329083/sm-core/src/test/java/com/salesmanager/test/content/WebsiteContentTestCase.java
2026-03-04 18:31:49,574 - Knowledge - INFO - Worker kw11 processing /app/data/T0015/329083/b8924gk/shopizer-329083/sm-core/src/main/java/com/salesmanager/core/business/customer/service/attribute/CustomerOptionServiceImpl.java
2026-03-04 18:31:49,669 - Knowledge - INFO - Worker kw12 processing /app/data/T0015/329083/b8924gk/shopizer-329083/sm-core/src/main/java/com/salesmanager/core/business/customer/model/attribute/CustomerOption.java
2026-03-04 18:31:49,759 - Knowledge - INFO - Worker kw13 processing /app/data/T0015/329083/b8924gk/shopizer-329083/sm-core/src/main/java/com/salesmanager/core/business/search/service/SearchServiceImpl.java
2026-03-04 18:31:49,869 - Knowledge - INFO - Worker kw14 processing /app/data/T0015/329083/b8924gk/shopizer-329083/sm-core/src/main/java/com/salesmanager/core/business/payments/service/PaymentServiceImpl.java
2026-03-04 18:31:49,957 - Knowledge - INFO - Fast-tracked /app/data/T0015/329083/b8924gk/shopizer-329083/sm-core/src/main/java/com/salesmanager/core/business/payments/model/PaypalPayment.java (ext=.java, size=646)
2026-03-04 18:31:50,079 - Knowledge - INFO - Fast-tracked /app/data/T0015/329083/b8924gk/shopizer-329083/sm-core/src/main/java/com/salesmanager/core/business/common/model/Criteria.java (ext=.java, size=727)
2026-03-04 18:31:50,184 - Knowledge - INFO - Fast-tracked /app/data/T0015/329083/b8924gk/shopizer-329083/sm-core/src/main/java/com/salesmanager/core/business/system/dao/SystemNotificationDaoImpl.java (ext=.java, size=430)
2026-03-04 18:31:50,255 - Knowledge - INFO - Worker kw18 processing /app/data/T0015/329083/b8924gk/shopizer-329083/sm-core/src/main/java/com/salesmanager/core/business/system/service/MerchantLogService.java
2026-03-04 18:31:50,367 - Knowledge - INFO - Worker kw19 processing /app/data/T0015/329083/b8924gk/shopizer-329083/sm-core/src/main/java/com/salesmanager/core/business/system/model/ModuleConfig.java
2026-03-04 18:31:50,488 - Knowledge - INFO - Worker kw20 processing /app/data/T0015/329083/b8924gk/shopizer-329083/sm-core/src/main/java/com/salesmanager/core/business/system/model/CustomIntegrationConfiguration.java
2026-03-04 18:31:50,596 - Knowledge - INFO - process ingested knowledge for /app/data/T0015/329083/b8924gk/shopizer-329083/sm-core/src/test/java/com/salesmanager/test/order/OrderSalesManagerTestCase.java
2026-03-04 18:31:50,693 - Knowledge - INFO - process ingested knowledge for /app/data/T0015/329083/b8924gk/shopizer-329083/sm-core/src/test/java/com/salesmanager/test/utils/UtilsTestCase.java
2026-03-04 18:31:50,840 - Knowledge - INFO - process ingested knowledge for /app/data/T0015/329083/b8924gk/shopizer-329083/sm-core/src/test/java/com/salesmanager/test/content/ContentImagesTestCase.java
2026-03-04 18:31:50,980 - Knowledge - INFO - Worker kw11 processing /app/data/T0015/329083/b8924gk/shopizer-329083/sm-core/src/main/java/com/salesmanager/core/business/customer/service/attribute/CustomerOptionValueService.java
2026-03-04 18:31:51,081 - Knowledge - INFO - Fast-tracked /app/data/T0015/329083/b8924gk/shopizer-329083/sm-core/src/main/java/com/salesmanager/core/business/customer/service/attribute/CustomerAttributeServiceImpl.java (small file (2320 bytes))
2026-03-04 18:31:51,154 - Knowledge - INFO - Worker kw13 processing /app/data/T0015/329083/b8924gk/shopizer-329083/sm-core/src/main/java/com/salesmanager/core/business/search/service/SearchService.java
2026-03-04 18:31:51,372 - Knowledge - INFO - Worker kw14 processing /app/data/T0015/329083/b8924gk/shopizer-329083/sm-core/src/main/java/com/salesmanager/core/business/payments/service/TransactionServiceImpl.java
2026-03-04 18:31:51,450 - Knowledge - INFO - Worker kw15 processing /app/data/T0015/329083/b8924gk/shopizer-329083/sm-core/src/main/java/com/salesmanager/core/business/payments/model/CreditCardPayment.java
2026-03-04 18:31:51,573 - Knowledge - INFO - Worker kw16 processing /app/data/T0015/329083/b8924gk/shopizer-329083/sm-core/src/main/java/com/salesmanager/core/business/common/model/audit/AuditSection.java
2026-03-04 18:31:51,814 - Knowledge - INFO - Worker kw17 processing /app/data/T0015/329083/b8924gk/shopizer-329083/sm-core/src/main/java/com/salesmanager/core/business/system/dao/ModuleConfigurationDao.java
2026-03-04 18:31:51,933 - Knowledge - INFO - Fast-tracked /app/data/T0015/329083/b8924gk/shopizer-329083/sm-core/src/main/java/com/salesmanager/core/business/system/service/MerchantLogService.java (ext=.java, size=301)
2026-03-04 18:31:52,041 - Knowledge - INFO - Fast-tracked /app/data/T0015/329083/b8924gk/shopizer-329083/sm-core/src/main/java/com/salesmanager/core/business/system/model/ModuleConfig.java (ext=.java, size=1069)
2026-03-04 18:31:52,165 - Knowledge - INFO - Fast-tracked /app/data/T0015/329083/b8924gk/shopizer-329083/sm-core/src/main/java/com/salesmanager/core/business/system/model/CustomIntegrationConfiguration.java (ext=.java, size=306)
2026-03-04 18:31:52,258 - Knowledge - INFO - process ingested knowledge for /app/data/T0015/329083/b8924gk/shopizer-329083/sm-core/src/test/java/com/salesmanager/test/shipping/ShippingTestCase.java
2026-03-04 18:31:52,374 - Knowledge - INFO - process ingested knowledge for /app/data/T0015/329083/b8924gk/shopizer-329083/sm-core/src/test/java/com/salesmanager/test/utils/ExportSchema.java
2026-03-04 18:31:52,523 - Knowledge - INFO - process ingested knowledge for /app/data/T0015/329083/b8924gk/shopizer-329083/sm-core/src/test/java/com/salesmanager/test/content/StaticContentTestCase.java
2026-03-04 18:31:52,722 - Knowledge - INFO - Fast-tracked /app/data/T0015/329083/b8924gk/shopizer-329083/sm-core/src/main/java/com/salesmanager/core/business/customer/service/attribute/CustomerOptionValueService.java (ext=.java, size=846)
2026-03-04 18:31:52,833 - Knowledge - INFO - Fast-tracked /app/data/T0015/329083/b8924gk/shopizer-329083/sm-core/src/main/java/com/salesmanager/core/business/customer/service/attribute/CustomerOptionValueServiceImpl.java (small file (2868 bytes))
2026-03-04 18:31:52,971 - Knowledge - INFO - Fast-tracked /app/data/T0015/329083/b8924gk/shopizer-329083/sm-core/src/main/java/com/salesmanager/core/business/search/service/SearchService.java (ext=.java, size=1796)
2026-03-04 18:31:53,096 - Knowledge - INFO - Worker kw14 processing /app/data/T0015/329083/b8924gk/shopizer-329083/sm-core/src/main/java/com/salesmanager/core/business/payments/service/TransactionService.java
2026-03-04 18:31:53,213 - Knowledge - INFO - Fast-tracked /app/data/T0015/329083/b8924gk/shopizer-329083/sm-core/src/main/java/com/salesmanager/core/business/payments/model/CreditCardPayment.java (ext=.java, size=1495)
2026-03-04 18:31:53,311 - Knowledge - INFO - Fast-tracked /app/data/T0015/329083/b8924gk/shopizer-329083/sm-core/src/main/java/com/salesmanager/core/business/common/model/audit/AuditSection.java (ext=.java, size=1320)
2026-03-04 18:31:53,412 - Knowledge - INFO - Fast-tracked /app/data/T0015/329083/b8924gk/shopizer-329083/sm-core/src/main/java/com/salesmanager/core/business/system/dao/ModuleConfigurationDao.java (ext=.java, size=436)
2026-03-04 18:31:53,568 - Knowledge - INFO - Worker kw18 processing /app/data/T0015/329083/b8924gk/shopizer-329083/sm-core/src/main/java/com/salesmanager/core/business/system/service/MerchantConfigurationServiceImpl.java
2026-03-04 18:31:53,736 - Knowledge - INFO - Worker kw19 processing /app/data/T0015/329083/b8924gk/shopizer-329083/sm-core/src/main/java/com/salesmanager/core/business/system/model/IntegrationModule.java
2026-03-04 18:31:53,830 - Knowledge - INFO - Worker kw20 processing /app/data/T0015/329083/b8924gk/shopizer-329083/sm-core/src/main/java/com/salesmanager/core/business/generic/dao/SalesManagerEntityDao.java
2026-03-04 18:31:53,956 - Knowledge - INFO - process ingested knowledge for /app/data/T0015/329083/b8924gk/shopizer-329083/sm-core/src/test/java/com/salesmanager/test/merchant/MerchantSalesManagerTestCase.java
2026-03-04 18:31:54,136 - Knowledge - INFO - process ingested knowledge for /app/data/T0015/329083/b8924gk/shopizer-329083/sm-core/src/test/java/com/salesmanager/test/core/AbstractSalesManagerCoreTestCase.java
2026-03-04 18:31:54,227 - Knowledge - INFO - process ingested knowledge for /app/data/T0015/329083/b8924gk/shopizer-329083/sm-core/src/test/java/com/salesmanager/test/catalog/ProductPriceTestCase.java
2026-03-04 18:31:54,711 - Knowledge - INFO - Worker kw13 processing /app/data/T0015/329083/b8924gk/shopizer-329083/sm-core/src/main/java/com/salesmanager/core/business/search/model/SearchEntry.java
2026-03-04 18:31:54,842 - Knowledge - INFO - Fast-tracked /app/data/T0015/329083/b8924gk/shopizer-329083/sm-core/src/main/java/com/salesmanager/core/business/payments/service/TransactionService.java (ext=.java, size=855)
2026-03-04 18:31:54,939 - Knowledge - INFO - Worker kw15 processing /app/data/T0015/329083/b8924gk/shopizer-329083/sm-core/src/main/java/com/salesmanager/core/business/payments/model/CreditCardType.java
2026-03-04 18:31:55,109 - Knowledge - INFO - Worker kw16 processing /app/data/T0015/329083/b8924gk/shopizer-329083/sm-core/src/main/java/com/salesmanager/core/business/common/model/audit/AuditListener.java
2026-03-04 18:31:55,233 - Knowledge - INFO - Worker kw17 processing /app/data/T0015/329083/b8924gk/shopizer-329083/sm-core/src/main/java/com/salesmanager/core/business/system/dao/MerchantLogDaoImpl.java
2026-03-04 18:31:55,343 - Knowledge - INFO - Worker kw18 processing /app/data/T0015/329083/b8924gk/shopizer-329083/sm-core/src/main/java/com/salesmanager/core/business/system/service/MerchantConfigurationService.java
2026-03-04 18:31:55,456 - Knowledge - INFO - Worker kw19 processing /app/data/T0015/329083/b8924gk/shopizer-329083/sm-core/src/main/java/com/salesmanager/core/business/system/model/MerchantConfiguration.java
2026-03-04 18:31:55,554 - Knowledge - INFO - Worker kw20 processing /app/data/T0015/329083/b8924gk/shopizer-329083/sm-core/src/main/java/com/salesmanager/core/business/generic/dao/SalesManagerEntityDaoImpl.java
2026-03-04 18:31:55,688 - Knowledge - INFO - process ingested knowledge for /app/data/T0015/329083/b8924gk/shopizer-329083/sm-core/src/test/java/com/salesmanager/test/shoppingcart/ShoppingCartTestCase.java
2026-03-04 18:31:55,732 - Knowledge - INFO - Fast-tracked /app/data/T0015/329083/b8924gk/shopizer-329083/sm-core/src/main/java/com/salesmanager/core/business/shipping/model/ShippingOption.java (small file (2458 bytes))
2026-03-04 18:31:55,809 - Knowledge - INFO - process ingested knowledge for /app/data/T0015/329083/b8924gk/shopizer-329083/sm-core/src/test/java/com/salesmanager/test/core/SalesManagerCoreTestExecutionListener.java
2026-03-04 18:31:55,920 - Knowledge - INFO - process ingested knowledge for /app/data/T0015/329083/b8924gk/shopizer-329083/sm-core/src/test/java/com/salesmanager/test/catalog/SearchByProductAttributeTestCase.java
2026-03-04 18:31:56,084 - Knowledge - INFO - Fast-tracked /app/data/T0015/329083/b8924gk/shopizer-329083/sm-core/src/main/java/com/salesmanager/core/business/search/model/SearchEntry.java (ext=.java, size=549)
2026-03-04 18:31:56,190 - Knowledge - INFO - Worker kw14 processing /app/data/T0015/329083/b8924gk/shopizer-329083/sm-core/src/main/java/com/salesmanager/core/business/payments/service/PaymentService.java
2026-03-04 18:31:56,322 - Knowledge - INFO - Fast-tracked /app/data/T0015/329083/b8924gk/shopizer-329083/sm-core/src/main/java/com/salesmanager/core/business/payments/model/CreditCardType.java (ext=.java, size=140)
2026-03-04 18:31:56,474 - Knowledge - INFO - Fast-tracked /app/data/T0015/329083/b8924gk/shopizer-329083/sm-core/src/main/java/com/salesmanager/core/business/common/model/audit/AuditListener.java (ext=.java, size=574)
2026-03-04 18:31:56,585 - Knowledge - INFO - Fast-tracked /app/data/T0015/329083/b8924gk/shopizer-329083/sm-core/src/main/java/com/salesmanager/core/business/system/dao/MerchantLogDaoImpl.java (ext=.java, size=905)
2026-03-04 18:31:56,709 - Knowledge - INFO - Fast-tracked /app/data/T0015/329083/b8924gk/shopizer-329083/sm-core/src/main/java/com/salesmanager/core/business/system/service/MerchantConfigurationService.java (ext=.java, size=1225)
2026-03-04 18:31:56,970 - Knowledge - INFO - Worker kw20 processing /app/data/T0015/329083/b8924gk/shopizer-329083/sm-core/src/main/java/com/salesmanager/core/business/generic/dao/SalesManagerJpaDaoSupport.java
2026-03-04 18:31:57,093 - Knowledge - INFO - process ingested knowledge for /app/data/T0015/329083/b8924gk/shopizer-329083/sm-core/src/test/java/com/salesmanager/test/customer/CustomerOptionsTestCase.java
2026-03-04 18:31:57,283 - Knowledge - INFO - [LLM_CALL] Completed: OrderDaoImpl.java:chunk1, Duration: 10972ms, PromptTokens: 3588, CompletionTokens: 562, Cost: $0.00058
2026-03-04 18:31:57,327 - Knowledge - INFO - process ingested knowledge for /app/data/T0015/329083/b8924gk/shopizer-329083/sm-core/src/test/java/com/salesmanager/test/isolated/IsolatedTestCase.java
2026-03-04 18:31:57,453 - Knowledge - INFO - process ingested knowledge for /app/data/T0015/329083/b8924gk/shopizer-329083/sm-core/src/test/java/com/salesmanager/test/catalog/CatalogSalesManagerTestCase.java
2026-03-04 18:31:57,546 - Knowledge - INFO - Fast-tracked /app/data/T0015/329083/b8924gk/shopizer-329083/sm-core/src/main/java/com/salesmanager/core/business/customer/model/attribute/CustomerOptionSet.java (small file (2319 bytes))
2026-03-04 18:31:57,660 - Knowledge - INFO - Fast-tracked /app/data/T0015/329083/b8924gk/shopizer-329083/sm-core/src/main/java/com/salesmanager/core/business/search/model/IndexProduct.java (small file (2821 bytes))
2026-03-04 18:31:57,779 - Knowledge - INFO - Worker kw15 processing /app/data/T0015/329083/b8924gk/shopizer-329083/sm-core/src/main/java/com/salesmanager/core/business/payments/model/PaymentMethod.java
2026-03-04 18:31:57,867 - Knowledge - INFO - Worker kw16 processing /app/data/T0015/329083/b8924gk/shopizer-329083/sm-core/src/main/java/com/salesmanager/core/business/common/model/audit/Auditable.java
2026-03-04 18:31:57,938 - Knowledge - INFO - Worker kw17 processing /app/data/T0015/329083/b8924gk/shopizer-329083/sm-core/src/main/java/com/salesmanager/core/business/system/dao/MerchantConfigurationDao.java
2026-03-04 18:31:58,039 - Knowledge - INFO - Worker kw18 processing /app/data/T0015/329083/b8924gk/shopizer-329083/sm-core/src/main/java/com/salesmanager/core/business/system/service/EmailServiceImpl.java
2026-03-04 18:31:58,134 - Knowledge - INFO - Worker kw20 processing /app/data/T0015/329083/b8924gk/shopizer-329083/sm-core/src/main/java/com/salesmanager/core/business/generic/util/EntityManagerUtils.java
2026-03-04 18:31:58,238 - Knowledge - INFO - process ingested knowledge for /app/data/T0015/329083/b8924gk/shopizer-329083/sm-core/src/test/java/com/salesmanager/test/customer/CustomerSalesManagerTestCase.java
2026-03-04 18:31:58,333 - Knowledge - INFO - done ingest for /app/data/T0015/329083/b8924gk/shopizer-329083/sm-core/src/main/java/com/salesmanager/core/business/order/dao/OrderDaoImpl.java
2026-03-04 18:31:58,334 - Knowledge - INFO - [LLM_CALL] Completed: OrderService.java:chunk1, Duration: 19895ms, PromptTokens: 2356, CompletionTokens: 727, Cost: $0.00053
2026-03-04 18:31:58,406 - Knowledge - INFO - process ingested knowledge for /app/data/T0015/329083/b8924gk/shopizer-329083/sm-core/src/test/java/com/salesmanager/test/isolated/TestSupportFactory.java
2026-03-04 18:31:58,487 - Knowledge - INFO - process ingested knowledge for /app/data/T0015/329083/b8924gk/shopizer-329083/sm-core/src/test/java/com/salesmanager/test/catalog/ProductImagesTestCase.java
2026-03-04 18:31:58,741 - Knowledge - INFO - Fast-tracked /app/data/T0015/329083/b8924gk/shopizer-329083/sm-core/src/main/java/com/salesmanager/core/business/payments/model/PaymentMethod.java (ext=.java, size=1534)
2026-03-04 18:31:58,830 - Knowledge - INFO - Fast-tracked /app/data/T0015/329083/b8924gk/shopizer-329083/sm-core/src/main/java/com/salesmanager/core/business/common/model/audit/Auditable.java (ext=.java, size=171)
2026-03-04 18:31:58,919 - Knowledge - INFO - Fast-tracked /app/data/T0015/329083/b8924gk/shopizer-329083/sm-core/src/main/java/com/salesmanager/core/business/system/dao/MerchantConfigurationDao.java (ext=.java, size=740)
2026-03-04 18:31:59,011 - Knowledge - INFO - Worker kw18 processing /app/data/T0015/329083/b8924gk/shopizer-329083/sm-core/src/main/java/com/salesmanager/core/business/system/service/MerchantLogServiceImpl.java
2026-03-04 18:31:59,082 - Knowledge - INFO - Fast-tracked /app/data/T0015/329083/b8924gk/shopizer-329083/sm-core/src/main/java/com/salesmanager/core/business/generic/util/EntityManagerUtils.java (ext=.java, size=1835)
2026-03-04 18:31:59,394 - Knowledge - INFO - done ingest for /app/data/T0015/329083/b8924gk/shopizer-329083/sm-core/src/main/java/com/salesmanager/core/business/order/service/OrderService.java
2026-03-04 18:31:59,395 - Knowledge - INFO - Processing batch of 10 files
2026-03-04 18:31:59,549 - Knowledge - INFO - process ingested knowledge for /app/data/T0015/329083/b8924gk/shopizer-329083/sm-core/src/test/java/com/salesmanager/test/manufacturer/ManufacturerTestCase.java
2026-03-04 18:31:59,660 - Knowledge - INFO - process ingested knowledge for /app/data/T0015/329083/b8924gk/shopizer-329083/sm-core/src/test/resources/sql/create_schema.sql
2026-03-04 18:31:59,687 - Knowledge - INFO - Worker kw15 processing /app/data/T0015/329083/b8924gk/shopizer-329083/sm-core/src/main/java/com/salesmanager/core/business/common/model/Delivery.java
2026-03-04 18:31:59,790 - Knowledge - INFO - Worker kw16 processing /app/data/T0015/329083/b8924gk/shopizer-329083/sm-core/src/main/java/com/salesmanager/core/business/common/model/OrderTotalItem.java
2026-03-04 18:31:59,879 - Knowledge - INFO - Worker kw17 processing /app/data/T0015/329083/b8924gk/shopizer-329083/sm-core/src/main/java/com/salesmanager/core/business/system/dao/SystemConfigurationDao.java
2026-03-04 18:31:59,970 - Knowledge - INFO - Fast-tracked /app/data/T0015/329083/b8924gk/shopizer-329083/sm-core/src/main/java/com/salesmanager/core/business/system/service/MerchantLogServiceImpl.java (ext=.java, size=927)
2026-03-04 18:32:00,085 - Knowledge - INFO - Fast-tracked /app/data/T0015/329083/b8924gk/shopizer-329083/sm-core/src/main/java/com/salesmanager/core/business/system/model/SystemConfiguration.java (small file (2110 bytes))
2026-03-04 18:32:00,240 - Knowledge - INFO - process ingested knowledge for /app/data/T0015/329083/b8924gk/shopizer-329083/sm-core/src/test/resources/spring/test-datasource.xml
2026-03-04 18:32:00,354 - Knowledge - INFO - [LLM_CALL] Completed: OrderTotal.java:chunk1, Duration: 18269ms, PromptTokens: 2442, CompletionTokens: 779, Cost: $0.00056
2026-03-04 18:32:00,524 - Knowledge - INFO - process ingested knowledge for /app/data/T0015/329083/b8924gk/shopizer-329083/sm-core/src/test/resources/spring/test-spring-context.xml
2026-03-04 18:32:00,615 - Knowledge - INFO - Fast-tracked /app/data/T0015/329083/b8924gk/shopizer-329083/sm-core/src/main/java/com/salesmanager/core/business/common/model/OrderTotalItem.java (ext=.java, size=591)
2026-03-04 18:32:00,719 - Knowledge - INFO - Fast-tracked /app/data/T0015/329083/b8924gk/shopizer-329083/sm-core/src/main/java/com/salesmanager/core/business/system/dao/SystemConfigurationDao.java (ext=.java, size=300)
2026-03-04 18:32:00,861 - Knowledge - INFO - Worker kw18 processing /app/data/T0015/329083/b8924gk/shopizer-329083/sm-core/src/main/java/com/salesmanager/core/business/system/service/ModuleConfigurationService.java
2026-03-04 18:32:00,947 - Knowledge - INFO - Fast-tracked /app/data/T0015/329083/b8924gk/shopizer-329083/sm-core/src/main/java/com/salesmanager/core/business/generic/dao/SalesManagerEntityDao.java (small file (2158 bytes))
2026-03-04 18:32:01,059 - Knowledge - INFO - process ingested knowledge for /app/data/T0015/329083/b8924gk/shopizer-329083/sm-core/src/main/java/com/salesmanager/core/business/order/dao/OrderDao.java
2026-03-04 18:32:01,121 - Knowledge - INFO - done ingest for /app/data/T0015/329083/b8924gk/shopizer-329083/sm-core/src/main/java/com/salesmanager/core/business/order/model/OrderTotal.java
2026-03-04 18:32:01,230 - Knowledge - INFO - [WEBSOCKET] Sent: Type=progress_update, Size: 292, Duration: 0ms
2026-03-04 18:32:01,358 - Knowledge - INFO - Fast-tracked /app/data/T0015/329083/b8924gk/shopizer-329083/sm-core/src/main/java/com/salesmanager/core/business/common/model/Description.java (small file (2814 bytes))
2026-03-04 18:32:01,467 - Knowledge - INFO - Worker kw17 processing /app/data/T0015/329083/b8924gk/shopizer-329083/sm-core/src/main/java/com/salesmanager/core/business/system/dao/SystemConfigurationDaoImpl.java
2026-03-04 18:32:01,483 - Knowledge - INFO - Fast-tracked /app/data/T0015/329083/b8924gk/shopizer-329083/sm-core/src/main/java/com/salesmanager/core/business/shipping/model/ShippingQuote.java (small file (2820 bytes))
2026-03-04 18:32:01,543 - Knowledge - INFO - Fast-tracked /app/data/T0015/329083/b8924gk/shopizer-329083/sm-core/src/main/java/com/salesmanager/core/business/system/service/ModuleConfigurationService.java (ext=.java, size=459)
2026-03-04 18:32:01,573 - Knowledge - INFO - Fast-tracked /app/data/T0015/329083/b8924gk/shopizer-329083/sm-core/src/main/java/com/salesmanager/core/business/customer/service/attribute/CustomerOptionSetServiceImpl.java (small file (2579 bytes))
2026-03-04 18:32:01,661 - Knowledge - INFO - Fast-tracked /app/data/T0015/329083/b8924gk/shopizer-329083/sm-core/src/main/java/com/salesmanager/core/business/generic/dao/SalesManagerEntityDaoImpl.java (small file (2480 bytes))
2026-03-04 18:32:02,030 - Knowledge - INFO - process ingested knowledge for /app/data/T0015/329083/b8924gk/shopizer-329083/sm-core/src/main/java/com/salesmanager/core/business/order/dao/OrderTotalDao.java
2026-03-04 18:32:02,085 - Knowledge - INFO - [WEBSOCKET] Sent: Type=unknown, Size: ?, Duration: 855ms
2026-03-04 18:32:02,466 - Knowledge - INFO - Fast-tracked /app/data/T0015/329083/b8924gk/shopizer-329083/sm-core/src/main/java/com/salesmanager/core/business/common/model/Billing.java (small file (2657 bytes))
2026-03-04 18:32:02,537 - Knowledge - INFO - Fast-tracked /app/data/T0015/329083/b8924gk/shopizer-329083/sm-core/src/main/java/com/salesmanager/core/business/system/dao/SystemConfigurationDaoImpl.java (ext=.java, size=435)
2026-03-04 18:32:02,908 - Knowledge - INFO - Fast-tracked /app/data/T0015/329083/b8924gk/shopizer-329083/sm-core/src/main/java/com/salesmanager/core/business/customer/service/attribute/CustomerOptionServiceImpl.java (small file (2701 bytes))
2026-03-04 18:32:03,172 - Knowledge - INFO - Progress: 3.4% | Files: 40/1167 | Rate: 0.50 files/sec | Queue: 971
2026-03-04 18:32:03,479 - Knowledge - INFO - Fast-tracked /app/data/T0015/329083/b8924gk/shopizer-329083/sm-core/src/main/java/com/salesmanager/core/business/system/dao/MerchantConfigurationDaoImpl.java (small file (2340 bytes))
2026-03-04 18:32:03,944 - Knowledge - INFO - process ingested knowledge for /app/data/T0015/329083/b8924gk/shopizer-329083/sm-core/src/main/java/com/salesmanager/core/business/order/dao/OrderDaoImpl.java
2026-03-04 18:32:03,950 - Knowledge - INFO - [kw1] Queue=971, InProgress=0, PendingWorkers=20/20, Completed=41/1167 (3.5%)
2026-03-04 18:32:03,957 - Knowledge - INFO - [kw2] Queue=971, InProgress=0, PendingWorkers=20/20, Completed=43/1167 (3.7%)
2026-03-04 18:32:04,031 - Knowledge - INFO - Processing batch of 10 files
2026-03-04 18:32:04,031 - Knowledge - INFO - Processing batch of 10 files
2026-03-04 18:32:04,254 - Knowledge - INFO - Batch sizing: calculated=8, max_allowed=10, queue=971, active_workers=20/20
2026-03-04 18:32:04,283 - Knowledge - INFO - process ingested knowledge for /app/data/T0015/329083/b8924gk/shopizer-329083/sm-core/src/main/java/com/salesmanager/core/business/order/dao/OrderTotalDaoImpl.java
2026-03-04 18:32:04,386 - Knowledge - INFO - Batch sizing: calculated=8, max_allowed=10, queue=971, active_workers=20/20
2026-03-04 18:32:04,467 - Knowledge - INFO - process ingested knowledge for /app/data/T0015/329083/b8924gk/shopizer-329083/sm-core/src/main/java/com/salesmanager/core/business/common/model/Description.java
2026-03-04 18:32:04,558 - Knowledge - INFO - process ingested knowledge for /app/data/T0015/329083/b8924gk/shopizer-329083/sm-core/src/main/java/com/salesmanager/core/business/system/dao/MerchantConfigurationDaoImpl.java
2026-03-04 18:32:04,821 - Knowledge - INFO - Async storing batch of 10 embeddings
2026-03-04 18:32:04,846 - Knowledge - INFO - process ingested knowledge for /app/data/T0015/329083/b8924gk/shopizer-329083/sm-core/src/main/java/com/salesmanager/core/business/order/dao/orderaccount/OrderAccountDao.java
2026-03-04 18:32:04,952 - Knowledge - INFO - Async storing batch of 10 embeddings
2026-03-04 18:32:05,280 - Knowledge - INFO - process ingested knowledge for /app/data/T0015/329083/b8924gk/shopizer-329083/sm-core/src/main/java/com/salesmanager/core/business/common/model/CriteriaOrderBy.java
2026-03-04 18:32:05,290 - Knowledge - INFO - process ingested knowledge for /app/data/T0015/329083/b8924gk/shopizer-329083/sm-core/src/main/java/com/salesmanager/core/business/system/dao/SystemNotificationDao.java
2026-03-04 18:32:05,343 - Knowledge - INFO - Worker kw1 processing /app/data/T0015/329083/b8924gk/shopizer-329083/sm-core/src/main/java/com/salesmanager/core/business/generic/util/GenericEntityUtils.java
2026-03-04 18:32:05,717 - Knowledge - INFO - process ingested knowledge for /app/data/T0015/329083/b8924gk/shopizer-329083/sm-core/src/main/java/com/salesmanager/core/business/order/dao/orderaccount/OrderAccountDaoImpl.java
2026-03-04 18:32:05,737 - Knowledge - INFO - Fast-tracked /app/data/T0015/329083/b8924gk/shopizer-329083/sm-core/src/main/java/com/salesmanager/core/business/system/model/MerchantLog.java (small file (2355 bytes))
2026-03-04 18:32:05,795 - Knowledge - INFO - Worker kw2 processing /app/data/T0015/329083/b8924gk/shopizer-329083/sm-core/src/main/java/com/salesmanager/core/business/tax/dao/taxrate/TaxRateDaoImpl.java
2026-03-04 18:32:05,826 - Knowledge - INFO - process ingested knowledge for /app/data/T0015/329083/b8924gk/shopizer-329083/sm-core/src/main/java/com/salesmanager/core/business/common/model/Address.java
2026-03-04 18:32:06,055 - Knowledge - INFO - Fast-tracked /app/data/T0015/329083/b8924gk/shopizer-329083/sm-core/src/main/java/com/salesmanager/core/business/generic/util/GenericEntityUtils.java (ext=.java, size=1197)
2026-03-04 18:32:06,241 - Knowledge - INFO - process ingested knowledge for /app/data/T0015/329083/b8924gk/shopizer-329083/sm-core/src/main/java/com/salesmanager/core/business/system/dao/MerchantLogDao.java
2026-03-04 18:32:06,255 - Knowledge - INFO - process ingested knowledge for /app/data/T0015/329083/b8924gk/shopizer-329083/sm-core/src/main/java/com/salesmanager/core/business/order/dao/orderproduct/OrderProductDao.java
2026-03-04 18:32:06,303 - Knowledge - INFO - [LLM_CALL] Completed: OrderServiceImpl.java:chunk1, Duration: 25078ms, PromptTokens: 8476, CompletionTokens: 1172, Cost: $0.00132
2026-03-04 18:32:06,511 - Knowledge - INFO - Worker kw2 processing /app/data/T0015/329083/b8924gk/shopizer-329083/sm-core/src/main/java/com/salesmanager/core/business/tax/dao/taxclass/TaxClassDaoImpl.java
2026-03-04 18:32:06,629 - Knowledge - INFO - process ingested knowledge for /app/data/T0015/329083/b8924gk/shopizer-329083/sm-core/src/main/java/com/salesmanager/core/business/common/model/Billing.java
2026-03-04 18:32:06,789 - Knowledge - INFO - Worker kw1 processing /app/data/T0015/329083/b8924gk/shopizer-329083/sm-core/src/main/java/com/salesmanager/core/business/generic/service/TransactionalAspectAwareService.java
2026-03-04 18:32:06,863 - Knowledge - INFO - process ingested knowledge for /app/data/T0015/329083/b8924gk/shopizer-329083/sm-core/src/main/java/com/salesmanager/core/business/system/dao/ModuleConfigurationDaoImpl.java
2026-03-04 18:32:06,986 - Knowledge - INFO - process ingested knowledge for /app/data/T0015/329083/b8924gk/shopizer-329083/sm-core/src/main/java/com/salesmanager/core/business/order/dao/orderproduct/OrderProductDownloadDao.java
2026-03-04 18:32:07,063 - Knowledge - INFO - done ingest for /app/data/T0015/329083/b8924gk/shopizer-329083/sm-core/src/main/java/com/salesmanager/core/business/order/service/OrderServiceImpl.java
2026-03-04 18:32:07,067 - Knowledge - INFO - [kw3] Queue=955, InProgress=0, PendingWorkers=20/20, Completed=60/1167 (5.1%)
2026-03-04 18:32:07,135 - Knowledge - INFO - Worker kw2 processing /app/data/T0015/329083/b8924gk/shopizer-329083/sm-core/src/main/java/com/salesmanager/core/business/tax/dao/taxclass/TaxClassDao.java
2026-03-04 18:32:07,242 - Knowledge - INFO - process ingested knowledge for /app/data/T0015/329083/b8924gk/shopizer-329083/sm-core/src/main/java/com/salesmanager/core/business/common/model/EntityList.java
2026-03-04 18:32:07,320 - Knowledge - INFO - Fast-tracked /app/data/T0015/329083/b8924gk/shopizer-329083/sm-core/src/main/java/com/salesmanager/core/business/generic/service/TransactionalAspectAwareService.java (ext=.java, size=432)
2026-03-04 18:32:07,405 - Knowledge - INFO - process ingested knowledge for /app/data/T0015/329083/b8924gk/shopizer-329083/sm-core/src/main/java/com/salesmanager/core/business/system/dao/SystemNotificationDaoImpl.java
2026-03-04 18:32:07,581 - Knowledge - INFO - process ingested knowledge for /app/data/T0015/329083/b8924gk/shopizer-329083/sm-core/src/main/java/com/salesmanager/core/business/order/dao/orderproduct/OrderProductDaoImpl.java
2026-03-04 18:32:07,789 - Knowledge - INFO - Batch sizing: calculated=8, max_allowed=10, queue=955, active_workers=20/20
2026-03-04 18:32:07,975 - Knowledge - INFO - Fast-tracked /app/data/T0015/329083/b8924gk/shopizer-329083/sm-core/src/main/java/com/salesmanager/core/business/tax/dao/taxclass/TaxClassDao.java (ext=.java, size=531)
2026-03-04 18:32:08,076 - Knowledge - INFO - process ingested knowledge for /app/data/T0015/329083/b8924gk/shopizer-329083/sm-core/src/main/java/com/salesmanager/core/business/common/model/Criteria.java
2026-03-04 18:32:08,158 - Knowledge - INFO - Worker kw1 processing /app/data/T0015/329083/b8924gk/shopizer-329083/sm-core/src/main/java/com/salesmanager/core/business/generic/service/SalesManagerEntityService.java
2026-03-04 18:32:08,262 - Knowledge - INFO - process ingested knowledge for /app/data/T0015/329083/b8924gk/shopizer-329083/sm-core/src/main/java/com/salesmanager/core/business/system/dao/ModuleConfigurationDao.java
2026-03-04 18:32:08,764 - Knowledge - INFO - Worker kw2 processing /app/data/T0015/329083/b8924gk/shopizer-329083/sm-core/src/main/java/com/salesmanager/core/business/tax/service/TaxServiceImpl.java
2026-03-04 18:32:08,957 - Knowledge - INFO - Async storing batch of 10 embeddings
2026-03-04 18:32:08,957 - Knowledge - INFO - process ingested knowledge for /app/data/T0015/329083/b8924gk/shopizer-329083/sm-core/src/main/java/com/salesmanager/core/business/common/model/audit/AuditSection.java
2026-03-04 18:32:09,142 - Knowledge - INFO - Worker kw1 processing /app/data/T0015/329083/b8924gk/shopizer-329083/sm-core/src/main/java/com/salesmanager/core/business/generic/service/SalesManagerEntityServiceImpl.java
2026-03-04 18:32:09,272 - Knowledge - INFO - [LLM_CALL] Completed: Order.java:chunk1, Duration: 23993ms, PromptTokens: 4592, CompletionTokens: 1609, Cost: $0.00110
2026-03-04 18:32:09,346 - Knowledge - INFO - Worker kw2 processing /app/data/T0015/329083/b8924gk/shopizer-329083/sm-core/src/main/java/com/salesmanager/core/business/tax/service/TaxClassService.java
2026-03-04 18:32:09,511 - Knowledge - INFO - Worker kw3 processing /app/data/T0015/329083/b8924gk/shopizer-329083/sm-core/src/main/java/com/salesmanager/core/business/tax/service/TaxService.java
2026-03-04 18:32:09,621 - Knowledge - INFO - process ingested knowledge for /app/data/T0015/329083/b8924gk/shopizer-329083/sm-core/src/main/java/com/salesmanager/core/business/system/dao/MerchantLogDaoImpl.java
2026-03-04 18:32:09,626 - Knowledge - INFO - process ingested knowledge for /app/data/T0015/329083/b8924gk/shopizer-329083/sm-core/src/main/java/com/salesmanager/core/business/common/model/audit/AuditListener.java
2026-03-04 18:32:09,754 - Knowledge - INFO - Worker kw1 processing /app/data/T0015/329083/b8924gk/shopizer-329083/sm-core/src/main/java/com/salesmanager/core/business/generic/model/SalesManagerEntity.java
2026-03-04 18:32:09,874 - Knowledge - INFO - done ingest for /app/data/T0015/329083/b8924gk/shopizer-329083/sm-core/src/main/java/com/salesmanager/core/business/order/model/Order.java
2026-03-04 18:32:10,018 - Knowledge - INFO - Fast-tracked /app/data/T0015/329083/b8924gk/shopizer-329083/sm-core/src/main/java/com/salesmanager/core/business/tax/service/TaxClassService.java (ext=.java, size=680)
2026-03-04 18:32:10,165 - Knowledge - INFO - Fast-tracked /app/data/T0015/329083/b8924gk/shopizer-329083/sm-core/src/main/java/com/salesmanager/core/business/tax/service/TaxService.java (ext=.java, size=1421)
2026-03-04 18:32:10,484 - Knowledge - INFO - process ingested knowledge for /app/data/T0015/329083/b8924gk/shopizer-329083/sm-core/src/main/java/com/salesmanager/core/business/system/dao/MerchantConfigurationDao.java
2026-03-04 18:32:10,493 - Knowledge - INFO - process ingested knowledge for /app/data/T0015/329083/b8924gk/shopizer-329083/sm-core/src/main/java/com/salesmanager/core/business/common/model/audit/Auditable.java
2026-03-04 18:32:10,572 - Knowledge - INFO - Worker kw1 processing /app/data/T0015/329083/b8924gk/shopizer-329083/sm-core/src/main/java/com/salesmanager/core/business/generic/exception/ServiceException.java
2026-03-04 18:32:10,804 - Knowledge - INFO - Worker kw2 processing /app/data/T0015/329083/b8924gk/shopizer-329083/sm-core/src/main/java/com/salesmanager/core/business/tax/service/TaxRateServiceImpl.java
2026-03-04 18:32:10,905 - Knowledge - INFO - Worker kw3 processing /app/data/T0015/329083/b8924gk/shopizer-329083/sm-core/src/main/java/com/salesmanager/core/business/tax/model/TaxItem.java
2026-03-04 18:32:11,298 - Knowledge - INFO - process ingested knowledge for /app/data/T0015/329083/b8924gk/shopizer-329083/sm-core/src/main/java/com/salesmanager/core/business/system/dao/SystemConfigurationDao.java
2026-03-04 18:32:11,300 - Knowledge - INFO - process ingested knowledge for /app/data/T0015/329083/b8924gk/shopizer-329083/sm-core/src/main/java/com/salesmanager/core/business/common/model/OrderTotalItem.java
2026-03-04 18:32:11,315 - Knowledge - INFO - Processing batch of 10 files
2026-03-04 18:32:11,411 - Knowledge - INFO - Fast-tracked /app/data/T0015/329083/b8924gk/shopizer-329083/sm-core/src/main/java/com/salesmanager/core/business/generic/exception/ServiceException.java (ext=.java, size=1520)
2026-03-04 18:32:11,419 - Knowledge - INFO - [LLM_CALL] Completed: CustomerOptionSetDaoImpl.java:chunk1, Duration: 16951ms, PromptTokens: 3490, CompletionTokens: 557, Cost: $0.00057
2026-03-04 18:32:11,520 - Knowledge - INFO - Worker kw2 processing /app/data/T0015/329083/b8924gk/shopizer-329083/sm-core/src/main/java/com/salesmanager/core/business/tax/service/TaxRateService.java
2026-03-04 18:32:11,702 - Knowledge - INFO - Fast-tracked /app/data/T0015/329083/b8924gk/shopizer-329083/sm-core/src/main/java/com/salesmanager/core/business/tax/model/TaxItem.java (ext=.java, size=625)
2026-03-04 18:32:11,911 - Knowledge - INFO - process ingested knowledge for /app/data/T0015/329083/b8924gk/shopizer-329083/sm-core/src/main/java/com/salesmanager/core/business/system/dao/SystemConfigurationDaoImpl.java
2026-03-04 18:32:12,129 - Knowledge - INFO - process ingested knowledge for /app/data/T0015/329083/b8924gk/shopizer-329083/sm-core/src/main/java/com/salesmanager/core/business/order/dao/orderproduct/OrderProductDownloadDaoImpl.java
2026-03-04 18:32:12,262 - Knowledge - INFO - Worker kw1 processing /app/data/T0015/329083/b8924gk/shopizer-329083/sm-core/src/main/java/com/salesmanager/core/business/generic/exception/ConversionException.java
2026-03-04 18:32:12,330 - Knowledge - INFO - Fast-tracked /app/data/T0015/329083/b8924gk/shopizer-329083/sm-core/src/main/java/com/salesmanager/core/business/common/model/Delivery.java (small file (2594 bytes))
2026-03-04 18:32:12,380 - Knowledge - INFO - done ingest for /app/data/T0015/329083/b8924gk/shopizer-329083/sm-core/src/main/java/com/salesmanager/core/business/customer/dao/attribute/CustomerOptionSetDaoImpl.java
2026-03-04 18:32:12,522 - Knowledge - INFO - Fast-tracked /app/data/T0015/329083/b8924gk/shopizer-329083/sm-core/src/main/java/com/salesmanager/core/business/tax/service/TaxRateService.java (ext=.java, size=1338)
2026-03-04 18:32:12,615 - Knowledge - INFO - Worker kw3 processing /app/data/T0015/329083/b8924gk/shopizer-329083/sm-core/src/main/java/com/salesmanager/core/business/tax/model/TaxBasisCalculation.java
2026-03-04 18:32:12,956 - Knowledge - INFO - Fast-tracked /app/data/T0015/329083/b8924gk/shopizer-329083/sm-core/src/main/java/com/salesmanager/core/business/generic/exception/ConversionException.java (ext=.java, size=511)
2026-03-04 18:32:13,117 - Knowledge - INFO - process ingested knowledge for /app/data/T0015/329083/b8924gk/shopizer-329083/sm-core/src/main/java/com/salesmanager/core/business/order/service/OrderService.java
2026-03-04 18:32:13,315 - Knowledge - INFO - Worker kw2 processing /app/data/T0015/329083/b8924gk/shopizer-329083/sm-core/src/main/java/com/salesmanager/core/business/tax/service/TaxClassServiceImpl.java
2026-03-04 18:32:13,470 - Knowledge - INFO - Fast-tracked /app/data/T0015/329083/b8924gk/shopizer-329083/sm-core/src/main/java/com/salesmanager/core/business/tax/model/TaxBasisCalculation.java (ext=.java, size=144)
2026-03-04 18:32:13,559 - Knowledge - INFO - Worker kw1 processing /app/data/T0015/329083/b8924gk/shopizer-329083/sm-core/src/main/java/com/salesmanager/core/business/tax/dao/taxrate/TaxRateDao.java
2026-03-04 18:32:13,831 - Knowledge - INFO - Fast-tracked /app/data/T0015/329083/b8924gk/shopizer-329083/sm-core/src/main/java/com/salesmanager/core/business/tax/service/TaxClassServiceImpl.java (ext=.java, size=1515)
2026-03-04 18:32:13,954 - Knowledge - INFO - Worker kw3 processing /app/data/T0015/329083/b8924gk/shopizer-329083/sm-core/src/main/java/com/salesmanager/core/business/tax/model/taxrate/TaxRate.java
2026-03-04 18:32:14,102 - Knowledge - INFO - Fast-tracked /app/data/T0015/329083/b8924gk/shopizer-329083/sm-core/src/main/java/com/salesmanager/core/business/tax/dao/taxrate/TaxRateDao.java (ext=.java, size=1140)
2026-03-04 18:32:14,513 - Knowledge - INFO - Async storage completed for 10 embeddings
2026-03-04 18:32:14,609 - Knowledge - INFO - Worker kw3 processing /app/data/T0015/329083/b8924gk/shopizer-329083/sm-core/src/main/java/com/salesmanager/core/business/tax/model/taxrate/TaxRateDescription.java
2026-03-04 18:32:14,687 - Knowledge - INFO - Async storage completed for 10 embeddings
2026-03-04 18:32:14,897 - Knowledge - INFO - process ingested knowledge for /app/data/T0015/329083/b8924gk/shopizer-329083/sm-core/src/main/java/com/salesmanager/core/business/order/service/orderproduct/OrderProductDownloadServiceImpl.java
2026-03-04 18:32:14,952 - Knowledge - INFO - Fast-tracked /app/data/T0015/329083/b8924gk/shopizer-329083/sm-core/src/main/java/com/salesmanager/core/business/tax/model/taxrate/TaxRateDescription.java (ext=.java, size=1505)
2026-03-04 18:32:15,037 - Knowledge - INFO - Fast-tracked /app/data/T0015/329083/b8924gk/shopizer-329083/sm-core/src/main/java/com/salesmanager/core/business/generic/service/SalesManagerEntityService.java (small file (2005 bytes))
2026-03-04 18:32:15,082 - Knowledge - INFO - Fast-tracked /app/data/T0015/329083/b8924gk/shopizer-329083/sm-core/src/main/java/com/salesmanager/core/business/customer/model/attribute/CustomerAttribute.java (small file (2620 bytes))
2026-03-04 18:32:15,296 - Knowledge - INFO - Worker kw3 processing /app/data/T0015/329083/b8924gk/shopizer-329083/sm-core/src/main/java/com/salesmanager/core/business/tax/model/TaxConfiguration.java
2026-03-04 18:32:15,425 - Knowledge - INFO - Fast-tracked /app/data/T0015/329083/b8924gk/shopizer-329083/sm-core/src/main/java/com/salesmanager/core/business/generic/service/SalesManagerEntityServiceImpl.java (small file (2800 bytes))
2026-03-04 18:32:15,727 - Knowledge - INFO - Fast-tracked /app/data/T0015/329083/b8924gk/shopizer-329083/sm-core/src/main/java/com/salesmanager/core/business/tax/model/TaxConfiguration.java (ext=.java, size=1699)
2026-03-04 18:32:16,103 - Knowledge - INFO - Worker kw3 processing /app/data/T0015/329083/b8924gk/shopizer-329083/sm-core/src/main/java/com/salesmanager/core/business/tax/model/taxclass/TaxClass.java
2026-03-04 18:32:16,125 - Knowledge - INFO - [LLM_CALL] Completed: FileHistory.java:chunk1, Duration: 31778ms, PromptTokens: 2296, CompletionTokens: 622, Cost: $0.00048
2026-03-04 18:32:16,133 - Knowledge - INFO - Fast-tracked /app/data/T0015/329083/b8924gk/shopizer-329083/sm-core/src/main/java/com/salesmanager/core/business/generic/model/SalesManagerEntity.java (small file (2268 bytes))
2026-03-04 18:32:16,157 - Knowledge - INFO - process ingested knowledge for /app/data/T0015/329083/b8924gk/shopizer-329083/sm-core/src/main/java/com/salesmanager/core/business/order/service/orderproduct/OrderProductDownloadService.java
2026-03-04 18:32:16,332 - Knowledge - INFO - Worker kw3 processing /app/data/T0015/329083/b8924gk/shopizer-329083/sm-core/src/main/java/com/salesmanager/core/business/content/dao/ContentDaoImpl.java
2026-03-04 18:32:16,467 - Knowledge - INFO - done ingest for /app/data/T0015/329083/b8924gk/shopizer-329083/sm-core/src/main/java/com/salesmanager/core/business/order/model/filehistory/FileHistory.java
2026-03-04 18:32:16,689 - Knowledge - INFO - [WEBSOCKET] Sent: Type=progress_update, Size: 292, Duration: 0ms
2026-03-04 18:32:16,861 - Knowledge - INFO - Async storage completed for 10 embeddings
2026-03-04 18:32:16,975 - Knowledge - INFO - process ingested knowledge for /app/data/T0015/329083/b8924gk/shopizer-329083/sm-core/src/main/java/com/salesmanager/core/business/order/service/OrderServiceImpl.java
2026-03-04 18:32:17,187 - Knowledge - INFO - [LLM_CALL] Completed: OrderProduct.java:chunk1, Duration: 31480ms, PromptTokens: 2342, CompletionTokens: 656, Cost: $0.00050
2026-03-04 18:32:17,489 - Knowledge - INFO - done ingest for /app/data/T0015/329083/b8924gk/shopizer-329083/sm-core/src/main/java/com/salesmanager/core/business/order/model/orderproduct/OrderProduct.java
2026-03-04 18:32:17,490 - Knowledge - INFO - [WEBSOCKET] Sent: Type=unknown, Size: ?, Duration: 801ms
2026-03-04 18:32:17,555 - Knowledge - INFO - process ingested knowledge for /app/data/T0015/329083/b8924gk/shopizer-329083/sm-core/src/main/java/com/salesmanager/core/business/order/model/OrderTotal.java
2026-03-04 18:32:17,839 - Knowledge - INFO - Progress: 6.3% | Files: 81/1167 | Rate: 0.84 files/sec | Queue: 947
2026-03-04 18:32:17,863 - Knowledge - INFO - [LLM_CALL] Completed: OrderAccount.java:chunk1, Duration: 30010ms, PromptTokens: 2186, CompletionTokens: 571, Cost: $0.00045
2026-03-04 18:32:18,298 - Knowledge - INFO - done ingest for /app/data/T0015/329083/b8924gk/shopizer-329083/sm-core/src/main/java/com/salesmanager/core/business/order/model/orderaccount/OrderAccount.java
2026-03-04 18:32:18,362 - Knowledge - INFO - process ingested knowledge for /app/data/T0015/329083/b8924gk/shopizer-329083/sm-core/src/main/java/com/salesmanager/core/business/order/model/orderstatus/OrderStatus.java
2026-03-04 18:32:18,362 - Knowledge - INFO - Processing batch of 10 files
2026-03-04 18:32:18,742 - Knowledge - INFO - [kw4] Queue=947, InProgress=0, PendingWorkers=20/20, Completed=86/1167 (7.4%)
2026-03-04 18:32:18,777 - Knowledge - INFO - process ingested knowledge for /app/data/T0015/329083/b8924gk/shopizer-329083/sm-core/src/main/java/com/salesmanager/core/business/order/model/orderstatus/OrderStatusHistory.java
2026-03-04 18:32:18,879 - Knowledge - INFO - process ingested knowledge for /app/data/T0015/329083/b8924gk/shopizer-329083/sm-core/src/main/java/com/salesmanager/core/business/customer/dao/attribute/CustomerOptionSetDaoImpl.java
2026-03-04 18:32:19,062 - Knowledge - INFO - Batch sizing: calculated=8, max_allowed=10, queue=947, active_workers=20/20
2026-03-04 18:32:19,410 - Knowledge - INFO - Processing batch of 8 files
2026-03-04 18:32:19,423 - Knowledge - INFO - process ingested knowledge for /app/data/T0015/329083/b8924gk/shopizer-329083/sm-core/src/main/java/com/salesmanager/core/business/order/model/OrderList.java
2026-03-04 18:32:19,749 - Knowledge - INFO - process ingested knowledge for /app/data/T0015/329083/b8924gk/shopizer-329083/sm-core/src/main/java/com/salesmanager/core/business/customer/dao/attribute/CustomerOptionSetDao.java
2026-03-04 18:32:19,772 - Knowledge - INFO - process ingested knowledge for /app/data/T0015/329083/b8924gk/shopizer-329083/sm-core/src/main/java/com/salesmanager/core/business/generic/util/GenericEntityUtils.java
2026-03-04 18:32:20,122 - Knowledge - INFO - Async storing batch of 10 embeddings
2026-03-04 18:32:20,146 - Knowledge - INFO - process ingested knowledge for /app/data/T0015/329083/b8924gk/shopizer-329083/sm-core/src/main/java/com/salesmanager/core/business/order/model/Order.java
2026-03-04 18:32:20,193 - Knowledge - INFO - process ingested knowledge for /app/data/T0015/329083/b8924gk/shopizer-329083/sm-core/src/main/java/com/salesmanager/core/business/generic/service/TransactionalAspectAwareService.java
2026-03-04 18:32:20,212 - Knowledge - INFO - [kw16] Queue=939, InProgress=0, PendingWorkers=20/20, Completed=88/1167 (7.5%)
2026-03-04 18:32:20,220 - Knowledge - INFO - process ingested knowledge for /app/data/T0015/329083/b8924gk/shopizer-329083/sm-core/src/main/java/com/salesmanager/core/business/customer/dao/attribute/CustomerOptionDao.java
2026-03-04 18:32:20,333 - Knowledge - INFO - Worker kw4 processing /app/data/T0015/329083/b8924gk/shopizer-329083/sm-core/src/main/java/com/salesmanager/core/business/content/dao/ContentDao.java
2026-03-04 18:32:20,920 - Knowledge - INFO - Batch sizing: calculated=8, max_allowed=10, queue=939, active_workers=20/20
2026-03-04 18:32:20,990 - Knowledge - INFO - process ingested knowledge for /app/data/T0015/329083/b8924gk/shopizer-329083/sm-core/src/main/java/com/salesmanager/core/business/generic/service/SalesManagerEntityService.java
2026-03-04 18:32:21,115 - Knowledge - INFO - [LLM_CALL] Completed: OrderProductPrice.java:chunk1, Duration: 27821ms, PromptTokens: 2390, CompletionTokens: 749, Cost: $0.00054
2026-03-04 18:32:21,270 - Knowledge - INFO - Fast-tracked /app/data/T0015/329083/b8924gk/shopizer-329083/sm-core/src/main/java/com/salesmanager/core/business/content/dao/ContentDao.java (ext=.java, size=1743)
2026-03-04 18:32:21,330 - Knowledge - INFO - process ingested knowledge for /app/data/T0015/329083/b8924gk/shopizer-329083/sm-core/src/main/java/com/salesmanager/core/business/customer/dao/CustomerDAO.java
2026-03-04 18:32:21,682 - Knowledge - INFO - done ingest for /app/data/T0015/329083/b8924gk/shopizer-329083/sm-core/src/main/java/com/salesmanager/core/business/order/model/orderproduct/OrderProductPrice.java
2026-03-04 18:32:21,702 - Knowledge - INFO - [LLM_CALL] Completed: OrderProductAttribute.java:chunk1, Duration: 39214ms, PromptTokens: 2366, CompletionTokens: 745, Cost: $0.00053
2026-03-04 18:32:21,803 - Knowledge - INFO - Worker kw4 processing /app/data/T0015/329083/b8924gk/shopizer-329083/sm-core/src/main/java/com/salesmanager/core/business/content/service/ContentService.java
2026-03-04 18:32:22,023 - Knowledge - INFO - process ingested knowledge for /app/data/T0015/329083/b8924gk/shopizer-329083/sm-core/src/main/java/com/salesmanager/core/business/generic/service/SalesManagerEntityServiceImpl.java
2026-03-04 18:32:22,033 - Knowledge - INFO - process ingested knowledge for /app/data/T0015/329083/b8924gk/shopizer-329083/sm-core/src/main/java/com/salesmanager/core/business/customer/CustomerRegistrationException.java
2026-03-04 18:32:22,206 - Knowledge - INFO - done ingest for /app/data/T0015/329083/b8924gk/shopizer-329083/sm-core/src/main/java/com/salesmanager/core/business/order/model/orderproduct/OrderProductAttribute.java
2026-03-04 18:32:22,253 - Knowledge - INFO - Async storing batch of 10 embeddings
2026-03-04 18:32:22,380 - Knowledge - INFO - Worker kw4 processing /app/data/T0015/329083/b8924gk/shopizer-329083/sm-core/src/main/java/com/salesmanager/core/business/content/service/ContentServiceImpl.java
2026-03-04 18:32:22,921 - Knowledge - INFO - process ingested knowledge for /app/data/T0015/329083/b8924gk/shopizer-329083/sm-core/src/main/java/com/salesmanager/core/business/generic/model/SalesManagerEntity.java
2026-03-04 18:32:22,948 - Knowledge - INFO - process ingested knowledge for /app/data/T0015/329083/b8924gk/shopizer-329083/sm-core/src/main/java/com/salesmanager/core/business/customer/service/attribute/CustomerOptionSetService.java
2026-03-04 18:32:22,976 - Knowledge - INFO - [kw17] Queue=931, InProgress=0, PendingWorkers=20/20, Completed=88/1167 (7.5%)
2026-03-04 18:32:23,159 - Knowledge - INFO - Worker kw16 processing /app/data/T0015/329083/b8924gk/shopizer-329083/sm-core/src/main/java/com/salesmanager/core/business/content/model/StaticContentFile.java
2026-03-04 18:32:23,393 - Knowledge - INFO - Worker kw4 processing /app/data/T0015/329083/b8924gk/shopizer-329083/sm-core/src/main/java/com/salesmanager/core/business/content/model/ContentPosition.java
2026-03-04 18:32:23,746 - Knowledge - INFO - process ingested knowledge for /app/data/T0015/329083/b8924gk/shopizer-329083/sm-core/src/main/java/com/salesmanager/core/business/generic/exception/ServiceException.java
2026-03-04 18:32:23,769 - Knowledge - INFO - process ingested knowledge for /app/data/T0015/329083/b8924gk/shopizer-329083/sm-core/src/main/java/com/salesmanager/core/business/customer/service/attribute/CustomerOptionService.java
2026-03-04 18:32:23,894 - Knowledge - INFO - Batch sizing: calculated=8, max_allowed=10, queue=931, active_workers=20/20
2026-03-04 18:32:24,076 - Knowledge - INFO - Fast-tracked /app/data/T0015/329083/b8924gk/shopizer-329083/sm-core/src/main/java/com/salesmanager/core/business/content/model/StaticContentFile.java (ext=.java, size=376)
2026-03-04 18:32:24,259 - Knowledge - INFO - Fast-tracked /app/data/T0015/329083/b8924gk/shopizer-329083/sm-core/src/main/java/com/salesmanager/core/business/content/model/ContentPosition.java (ext=.java, size=110)
2026-03-04 18:32:24,370 - Knowledge - INFO - process ingested knowledge for /app/data/T0015/329083/b8924gk/shopizer-329083/sm-core/src/main/java/com/salesmanager/core/business/generic/exception/ConversionException.java
2026-03-04 18:32:25,007 - Knowledge - INFO - Worker kw16 processing /app/data/T0015/329083/b8924gk/shopizer-329083/sm-core/src/main/java/com/salesmanager/core/business/content/model/InputContentFile.java
2026-03-04 18:32:25,196 - Knowledge - INFO - Worker kw4 processing /app/data/T0015/329083/b8924gk/shopizer-329083/sm-core/src/main/java/com/salesmanager/core/business/content/model/OutputContentFile.java
2026-03-04 18:32:25,238 - Knowledge - INFO - process ingested knowledge for /app/data/T0015/329083/b8924gk/shopizer-329083/sm-core/src/main/java/com/salesmanager/core/business/customer/service/attribute/CustomerOptionSetServiceImpl.java
2026-03-04 18:32:25,257 - Knowledge - INFO - Async storing batch of 10 embeddings
2026-03-04 18:32:25,374 - Knowledge - INFO - process ingested knowledge for /app/data/T0015/329083/b8924gk/shopizer-329083/sm-core/src/main/java/com/salesmanager/core/business/tax/dao/taxrate/TaxRateDao.java
2026-03-04 18:32:25,606 - Knowledge - INFO - Fast-tracked /app/data/T0015/329083/b8924gk/shopizer-329083/sm-core/src/main/java/com/salesmanager/core/business/content/model/InputContentFile.java (ext=.java, size=482)
2026-03-04 18:32:25,648 - Knowledge - INFO - [LLM_CALL] Completed: OrderAccountProduct.java:chunk1, Duration: 40487ms, PromptTokens: 3118, CompletionTokens: 849, Cost: $0.00065
2026-03-04 18:32:25,710 - Knowledge - INFO - Fast-tracked /app/data/T0015/329083/b8924gk/shopizer-329083/sm-core/src/main/java/com/salesmanager/core/business/content/model/OutputContentFile.java (ext=.java, size=654)
2026-03-04 18:32:25,864 - Knowledge - INFO - process ingested knowledge for /app/data/T0015/329083/b8924gk/shopizer-329083/sm-core/src/main/java/com/salesmanager/core/business/customer/service/attribute/CustomerOptionServiceImpl.java
2026-03-04 18:32:25,909 - Knowledge - INFO - Worker kw17 processing /app/data/T0015/329083/b8924gk/shopizer-329083/sm-core/src/main/java/com/salesmanager/core/business/catalog/category/service/CategoryService.java
2026-03-04 18:32:26,160 - Knowledge - INFO - Worker kw16 processing /app/data/T0015/329083/b8924gk/shopizer-329083/sm-core/src/main/java/com/salesmanager/core/business/content/model/Content.java
2026-03-04 18:32:26,284 - Knowledge - INFO - done ingest for /app/data/T0015/329083/b8924gk/shopizer-329083/sm-core/src/main/java/com/salesmanager/core/business/order/model/orderaccount/OrderAccountProduct.java
2026-03-04 18:32:26,317 - Knowledge - INFO - [LLM_CALL] Completed: Transaction.java:chunk1, Duration: 25195ms, PromptTokens: 2758, CompletionTokens: 796, Cost: $0.00059
2026-03-04 18:32:26,352 - Knowledge - INFO - Fast-tracked /app/data/T0015/329083/b8924gk/shopizer-329083/sm-core/src/main/java/com/salesmanager/core/business/tax/dao/taxclass/TaxClassDaoImpl.java (small file (1972 bytes))
2026-03-04 18:32:26,436 - Knowledge - INFO - Worker kw4 processing /app/data/T0015/329083/b8924gk/shopizer-329083/sm-core/src/main/java/com/salesmanager/core/business/content/model/ImageContentFile.java
2026-03-04 18:32:27,120 - Knowledge - INFO - Worker kw17 processing /app/data/T0015/329083/b8924gk/shopizer-329083/sm-core/src/main/java/com/salesmanager/core/business/catalog/category/model/CategoryDescription.java
2026-03-04 18:32:27,273 - Knowledge - INFO - process ingested knowledge for /app/data/T0015/329083/b8924gk/shopizer-329083/sm-core/src/main/java/com/salesmanager/core/business/customer/service/attribute/CustomerOptionValueService.java
2026-03-04 18:32:27,355 - Knowledge - INFO - Worker kw16 processing /app/data/T0015/329083/b8924gk/shopizer-329083/sm-core/src/main/java/com/salesmanager/core/business/content/model/ContentFile.java
2026-03-04 18:32:27,504 - Knowledge - INFO - Fast-tracked /app/data/T0015/329083/b8924gk/shopizer-329083/sm-core/src/main/java/com/salesmanager/core/business/system/service/EmailServiceImpl.java (small file (2243 bytes))
2026-03-04 18:32:27,741 - Knowledge - INFO - done ingest for /app/data/T0015/329083/b8924gk/shopizer-329083/sm-core/src/main/java/com/salesmanager/core/business/payments/model/Transaction.java
2026-03-04 18:32:27,753 - Knowledge - INFO - [LLM_CALL] Completed: MerchantStoreDaoImpl.java:chunk1, Duration: 30480ms, PromptTokens: 2874, CompletionTokens: 561, Cost: $0.00051
2026-03-04 18:32:28,031 - Knowledge - INFO - Fast-tracked /app/data/T0015/329083/b8924gk/shopizer-329083/sm-core/src/main/java/com/salesmanager/core/business/content/model/ImageContentFile.java (ext=.java, size=504)
2026-03-04 18:32:28,130 - Knowledge - INFO - Worker kw17 processing /app/data/T0015/329083/b8924gk/shopizer-329083/sm-core/src/main/java/com/salesmanager/core/business/catalog/category/model/Category.java
2026-03-04 18:32:28,402 - Knowledge - INFO - Fast-tracked /app/data/T0015/329083/b8924gk/shopizer-329083/sm-core/src/main/java/com/salesmanager/core/business/content/model/ContentFile.java (ext=.java, size=429)
2026-03-04 18:32:28,699 - Knowledge - INFO - done ingest for /app/data/T0015/329083/b8924gk/shopizer-329083/sm-core/src/main/java/com/salesmanager/core/business/merchant/dao/MerchantStoreDaoImpl.java
2026-03-04 18:32:28,835 - Knowledge - INFO - Worker kw4 processing /app/data/T0015/329083/b8924gk/shopizer-329083/sm-core/src/main/java/com/salesmanager/core/business/content/model/ContentType.java
2026-03-04 18:32:29,004 - Knowledge - INFO - Worker kw17 processing /app/data/T0015/329083/b8924gk/shopizer-329083/sm-core/src/main/java/com/salesmanager/core/business/catalog/product/dao/file/DigitalProductDaoImpl.java
2026-03-04 18:32:29,107 - Knowledge - INFO - [LLM_CALL] Completed: ShippingService.java:chunk1, Duration: 34955ms, PromptTokens: 3450, CompletionTokens: 866, Cost: $0.00069
2026-03-04 18:32:29,129 - Knowledge - INFO - Worker kw16 processing /app/data/T0015/329083/b8924gk/shopizer-329083/sm-core/src/main/java/com/salesmanager/core/business/content/model/ContentDescription.java
2026-03-04 18:32:29,228 - Knowledge - INFO - [kw5] Queue=923, InProgress=0, PendingWorkers=20/20, Completed=96/1167 (8.2%)
2026-03-04 18:32:29,445 - Knowledge - INFO - Fast-tracked /app/data/T0015/329083/b8924gk/shopizer-329083/sm-core/src/main/java/com/salesmanager/core/business/content/model/ContentType.java (ext=.java, size=113)
2026-03-04 18:32:29,619 - Knowledge - INFO - Worker kw17 processing /app/data/T0015/329083/b8924gk/shopizer-329083/sm-core/src/main/java/com/salesmanager/core/business/catalog/product/dao/file/DigitalProductDao.java
2026-03-04 18:32:29,726 - Knowledge - INFO - done ingest for /app/data/T0015/329083/b8924gk/shopizer-329083/sm-core/src/main/java/com/salesmanager/core/business/shipping/service/ShippingService.java
2026-03-04 18:32:29,727 - Knowledge - INFO - [LLM_CALL] Completed: SalesManagerJpaDaoSupport.java:chunk1, Duration: 26531ms, PromptTokens: 4092, CompletionTokens: 1040, Cost: $0.00083
2026-03-04 18:32:29,842 - Knowledge - INFO - Worker kw16 processing /app/data/T0015/329083/b8924gk/shopizer-329083/sm-core/src/main/java/com/salesmanager/core/business/catalog/category/dao/CategoryDaoImpl.java
2026-03-04 18:32:29,964 - Knowledge - INFO - Batch sizing: calculated=8, max_allowed=10, queue=923, active_workers=20/20
2026-03-04 18:32:30,107 - Knowledge - INFO - Worker kw4 processing /app/data/T0015/329083/b8924gk/shopizer-329083/sm-core/src/main/java/com/salesmanager/core/business/content/model/FileContentType.java
2026-03-04 18:32:30,269 - Knowledge - INFO - Fast-tracked /app/data/T0015/329083/b8924gk/shopizer-329083/sm-core/src/main/java/com/salesmanager/core/business/catalog/product/dao/file/DigitalProductDao.java (ext=.java, size=520)
2026-03-04 18:32:30,570 - Knowledge - INFO - done ingest for /app/data/T0015/329083/b8924gk/shopizer-329083/sm-core/src/main/java/com/salesmanager/core/business/generic/dao/SalesManagerJpaDaoSupport.java
2026-03-04 18:32:30,578 - Knowledge - INFO - Processing batch of 10 files
2026-03-04 18:32:30,792 - Knowledge - INFO - Worker kw16 processing /app/data/T0015/329083/b8924gk/shopizer-329083/sm-core/src/main/java/com/salesmanager/core/business/catalog/category/dao/CategoryDao.java
2026-03-04 18:32:31,345 - Knowledge - INFO - Fast-tracked /app/data/T0015/329083/b8924gk/shopizer-329083/sm-core/src/main/java/com/salesmanager/core/business/content/model/FileContentType.java (ext=.java, size=638)
2026-03-04 18:32:31,418 - Knowledge - INFO - Worker kw17 processing /app/data/T0015/329083/b8924gk/shopizer-329083/sm-core/src/main/java/com/salesmanager/core/business/catalog/product/dao/attribute/ProductOptionDaoImpl.java
2026-03-04 18:32:31,569 - Knowledge - INFO - Async storing batch of 10 embeddings
2026-03-04 18:32:31,775 - Knowledge - INFO - process ingested knowledge for /app/data/T0015/329083/b8924gk/shopizer-329083/sm-core/src/main/java/com/salesmanager/core/business/order/model/filehistory/FileHistory.java
2026-03-04 18:32:31,946 - Knowledge - INFO - Fast-tracked /app/data/T0015/329083/b8924gk/shopizer-329083/sm-core/src/main/java/com/salesmanager/core/business/catalog/category/dao/CategoryDao.java (ext=.java, size=1690)
2026-03-04 18:32:31,993 - Knowledge - INFO - Processing batch of 10 files
2026-03-04 18:32:32,335 - Knowledge - INFO - Worker kw17 processing /app/data/T0015/329083/b8924gk/shopizer-329083/sm-core/src/main/java/com/salesmanager/core/business/catalog/product/dao/attribute/ProductOptionDao.java
2026-03-04 18:32:32,424 - Knowledge - INFO - Worker kw5 processing /app/data/T0015/329083/b8924gk/shopizer-329083/sm-core/src/main/java/com/salesmanager/core/business/catalog/product/dao/attribute/ProductOptionValueDaoImpl.java
2026-03-04 18:32:32,840 - Knowledge - INFO - Worker kw16 processing /app/data/T0015/329083/b8924gk/shopizer-329083/sm-core/src/main/java/com/salesmanager/core/business/catalog/category/service/CategoryServiceImpl.java
2026-03-04 18:32:32,966 - Knowledge - INFO - process ingested knowledge for /app/data/T0015/329083/b8924gk/shopizer-329083/sm-core/src/main/java/com/salesmanager/core/business/payments/model/PaymentType.java
2026-03-04 18:32:32,984 - Knowledge - INFO - process ingested knowledge for /app/data/T0015/329083/b8924gk/shopizer-329083/sm-core/src/main/java/com/salesmanager/core/business/order/model/OrderTotalType.java
2026-03-04 18:32:33,002 - Knowledge - INFO - [WEBSOCKET] Sent: Type=progress_update, Size: 294, Duration: 0ms
2026-03-04 18:32:33,156 - Knowledge - INFO - Fast-tracked /app/data/T0015/329083/b8924gk/shopizer-329083/sm-core/src/main/java/com/salesmanager/core/business/catalog/product/dao/attribute/ProductOptionDao.java (ext=.java, size=1024)
2026-03-04 18:32:33,316 - Knowledge - INFO - Worker kw5 processing /app/data/T0015/329083/b8924gk/shopizer-329083/sm-core/src/main/java/com/salesmanager/core/business/catalog/product/dao/attribute/ProductAttributeDaoImpl.java
2026-03-04 18:32:33,412 - Knowledge - INFO - Async storage completed for 10 embeddings
2026-03-04 18:32:33,641 - Knowledge - INFO - process ingested knowledge for /app/data/T0015/329083/b8924gk/shopizer-329083/sm-core/src/main/java/com/salesmanager/core/business/payments/model/BasicPayment.java
2026-03-04 18:32:33,650 - Knowledge - INFO - process ingested knowledge for /app/data/T0015/329083/b8924gk/shopizer-329083/sm-core/src/main/java/com/salesmanager/core/business/order/model/OrderSummary.java
2026-03-04 18:32:33,725 - Knowledge - INFO - [WEBSOCKET] Sent: Type=unknown, Size: ?, Duration: 723ms
2026-03-04 18:32:33,895 - Knowledge - INFO - Worker kw17 processing /app/data/T0015/329083/b8924gk/shopizer-329083/sm-core/src/main/java/com/salesmanager/core/business/catalog/product/dao/attribute/ProductAttributeDao.java
2026-03-04 18:32:34,078 - Knowledge - INFO - Worker kw5 processing /app/data/T0015/329083/b8924gk/shopizer-329083/sm-core/src/main/java/com/salesmanager/core/business/catalog/product/dao/attribute/ProductOptionValueDao.java
2026-03-04 18:32:34,409 - Knowledge - INFO - process ingested knowledge for /app/data/T0015/329083/b8924gk/shopizer-329083/sm-core/src/main/java/com/salesmanager/core/business/payments/model/TransactionType.java
2026-03-04 18:32:34,746 - Knowledge - INFO - Progress: 9.7% | Files: 116/1167 | Rate: 1.03 files/sec | Queue: 915
2026-03-04 18:32:34,770 - Knowledge - INFO - Processing batch of 8 files
2026-03-04 18:32:34,949 - Knowledge - INFO - Fast-tracked /app/data/T0015/329083/b8924gk/shopizer-329083/sm-core/src/main/java/com/salesmanager/core/business/catalog/product/dao/attribute/ProductAttributeDao.java (ext=.java, size=894)
2026-03-04 18:32:35,204 - Knowledge - INFO - process ingested knowledge for /app/data/T0015/329083/b8924gk/shopizer-329083/sm-core/src/main/java/com/salesmanager/core/business/order/model/OrderTotalSummary.java
2026-03-04 18:32:35,255 - Knowledge - INFO - Fast-tracked /app/data/T0015/329083/b8924gk/shopizer-329083/sm-core/src/main/java/com/salesmanager/core/business/catalog/product/dao/attribute/ProductOptionValueDao.java (ext=.java, size=904)
2026-03-04 18:32:35,328 - Knowledge - INFO - process ingested knowledge for /app/data/T0015/329083/b8924gk/shopizer-329083/sm-core/src/main/java/com/salesmanager/core/business/payments/model/Transaction.java
2026-03-04 18:32:35,859 - Knowledge - INFO - process ingested knowledge for /app/data/T0015/329083/b8924gk/shopizer-329083/sm-core/src/main/java/com/salesmanager/core/business/system/model/Module.java
2026-03-04 18:32:36,042 - Knowledge - INFO - Async storage completed for 10 embeddings
2026-03-04 18:32:36,103 - Knowledge - INFO - [kw1] Queue=915, InProgress=0, PendingWorkers=20/20, Completed=116/1167 (9.9%)
2026-03-04 18:32:36,146 - Knowledge - INFO - process ingested knowledge for /app/data/T0015/329083/b8924gk/shopizer-329083/sm-core/src/main/java/com/salesmanager/core/business/order/model/payment/CreditCard.java
2026-03-04 18:32:36,359 - Knowledge - INFO - [kw11] Queue=915, InProgress=0, PendingWorkers=20/20, Completed=116/1167 (9.9%)
2026-03-04 18:32:36,438 - Knowledge - INFO - Worker kw5 processing /app/data/T0015/329083/b8924gk/shopizer-329083/sm-core/src/main/java/com/salesmanager/core/business/catalog/product/dao/review/ProductReviewDaoImpl.java
2026-03-04 18:32:36,598 - Knowledge - INFO - process ingested knowledge for /app/data/T0015/329083/b8924gk/shopizer-329083/sm-core/src/main/java/com/salesmanager/core/business/payments/model/Payment.java
2026-03-04 18:32:36,776 - Knowledge - INFO - process ingested knowledge for /app/data/T0015/329083/b8924gk/shopizer-329083/sm-core/src/main/java/com/salesmanager/core/business/system/model/Environment.java
2026-03-04 18:32:37,252 - Knowledge - INFO - Batch sizing: calculated=8, max_allowed=10, queue=915, active_workers=20/20
2026-03-04 18:32:37,437 - Knowledge - INFO - process ingested knowledge for /app/data/T0015/329083/b8924gk/shopizer-329083/sm-core/src/main/java/com/salesmanager/core/business/order/model/OrderType.java
2026-03-04 18:32:37,517 - Knowledge - INFO - Fast-tracked /app/data/T0015/329083/b8924gk/shopizer-329083/sm-core/src/main/java/com/salesmanager/core/business/tax/service/TaxRateServiceImpl.java (small file (2320 bytes))
2026-03-04 18:32:37,616 - Knowledge - INFO - Batch sizing: calculated=8, max_allowed=10, queue=915, active_workers=20/20
2026-03-04 18:32:37,794 - Knowledge - INFO - Worker kw5 processing /app/data/T0015/329083/b8924gk/shopizer-329083/sm-core/src/main/java/com/salesmanager/core/business/catalog/product/dao/review/ProductReviewDao.java
2026-03-04 18:32:37,887 - Knowledge - INFO - process ingested knowledge for /app/data/T0015/329083/b8924gk/shopizer-329083/sm-core/src/main/java/com/salesmanager/core/business/payments/model/PaypalPayment.java
2026-03-04 18:32:38,097 - Knowledge - INFO - process ingested knowledge for /app/data/T0015/329083/b8924gk/shopizer-329083/sm-core/src/main/java/com/salesmanager/core/business/system/model/SystemConfiguration.java
2026-03-04 18:32:38,230 - Knowledge - INFO - Async storing batch of 8 embeddings
2026-03-04 18:32:38,389 - Knowledge - INFO - [LLM_CALL] Completed: ShippingConfiguration.java:chunk1, Duration: 48912ms, PromptTokens: 4520, CompletionTokens: 1594, Cost: $0.00109
2026-03-04 18:32:38,455 - Knowledge - INFO - process ingested knowledge for /app/data/T0015/329083/b8924gk/shopizer-329083/sm-core/src/main/java/com/salesmanager/core/business/order/model/orderaccount/OrderAccountProduct.java
2026-03-04 18:32:39,452 - Knowledge - INFO - Fast-tracked /app/data/T0015/329083/b8924gk/shopizer-329083/sm-core/src/main/java/com/salesmanager/core/business/catalog/product/dao/review/ProductReviewDao.java (ext=.java, size=799)
2026-03-04 18:32:39,645 - Knowledge - INFO - process ingested knowledge for /app/data/T0015/329083/b8924gk/shopizer-329083/sm-core/src/main/java/com/salesmanager/core/business/payments/model/CreditCardPayment.java
2026-03-04 18:32:39,740 - Knowledge - INFO - process ingested knowledge for /app/data/T0015/329083/b8924gk/shopizer-329083/sm-core/src/main/java/com/salesmanager/core/business/system/model/CustomIntegrationConfiguration.java
2026-03-04 18:32:39,888 - Knowledge - INFO - Worker kw1 processing /app/data/T0015/329083/b8924gk/shopizer-329083/sm-core/src/main/java/com/salesmanager/core/business/catalog/product/dao/type/ProductTypeDao.java
2026-03-04 18:32:40,003 - Knowledge - INFO - done ingest for /app/data/T0015/329083/b8924gk/shopizer-329083/sm-core/src/main/java/com/salesmanager/core/business/shipping/model/ShippingConfiguration.java
2026-03-04 18:32:40,017 - Knowledge - INFO - Async storing batch of 10 embeddings
2026-03-04 18:32:40,030 - Knowledge - INFO - [LLM_CALL] Completed: SearchServiceImpl.java:chunk1, Duration: 30929ms, PromptTokens: 5568, CompletionTokens: 623, Cost: $0.00081
2026-03-04 18:32:40,090 - Knowledge - INFO - process ingested knowledge for /app/data/T0015/329083/b8924gk/shopizer-329083/sm-core/src/main/java/com/salesmanager/core/business/order/model/orderaccount/OrderAccount.java
2026-03-04 18:32:40,204 - Knowledge - INFO - Worker kw5 processing /app/data/T0015/329083/b8924gk/shopizer-329083/sm-core/src/main/java/com/salesmanager/core/business/catalog/product/dao/relationship/ProductRelationshipDaoImpl.java
2026-03-04 18:32:40,346 - Knowledge - INFO - process ingested knowledge for /app/data/T0015/329083/b8924gk/shopizer-329083/sm-core/src/main/java/com/salesmanager/core/business/payments/model/CreditCardType.java
2026-03-04 18:32:40,445 - Knowledge - INFO - process ingested knowledge for /app/data/T0015/329083/b8924gk/shopizer-329083/sm-core/src/main/java/com/salesmanager/core/business/generic/dao/SalesManagerEntityDao.java
2026-03-04 18:32:40,629 - Knowledge - INFO - Fast-tracked /app/data/T0015/329083/b8924gk/shopizer-329083/sm-core/src/main/java/com/salesmanager/core/business/catalog/product/dao/type/ProductTypeDao.java (ext=.java, size=304)
2026-03-04 18:32:40,975 - Knowledge - INFO - Worker kw11 processing /app/data/T0015/329083/b8924gk/shopizer-329083/sm-core/src/main/java/com/salesmanager/core/business/catalog/product/dao/availability/ProductAvailabilityDao.java
2026-03-04 18:32:41,157 - Knowledge - INFO - done ingest for /app/data/T0015/329083/b8924gk/shopizer-329083/sm-core/src/main/java/com/salesmanager/core/business/search/service/SearchServiceImpl.java
2026-03-04 18:32:41,180 - Knowledge - INFO - Processing batch of 10 files
2026-03-04 18:32:41,278 - Knowledge - INFO - process ingested knowledge for /app/data/T0015/329083/b8924gk/shopizer-329083/sm-core/src/main/java/com/salesmanager/core/business/order/model/OrderChannel.java
2026-03-04 18:32:41,492 - Knowledge - INFO - Worker kw5 processing /app/data/T0015/329083/b8924gk/shopizer-329083/sm-core/src/main/java/com/salesmanager/core/business/catalog/product/dao/relationship/ProductRelationshipDao.java
2026-03-04 18:32:41,716 - Knowledge - INFO - process ingested knowledge for /app/data/T0015/329083/b8924gk/shopizer-329083/sm-core/src/main/java/com/salesmanager/core/business/payments/model/PaymentMethod.java
2026-03-04 18:32:41,815 - Knowledge - INFO - [LLM_CALL] Completed: ShippingServiceImpl.java:chunk1, Duration: 53168ms, PromptTokens: 10802, CompletionTokens: 1619, Cost: $0.00173
2026-03-04 18:32:41,886 - Knowledge - INFO - process ingested knowledge for /app/data/T0015/329083/b8924gk/shopizer-329083/sm-core/src/main/java/com/salesmanager/core/business/generic/dao/SalesManagerEntityDaoImpl.java
2026-03-04 18:32:41,966 - Knowledge - INFO - Worker kw1 processing /app/data/T0015/329083/b8924gk/shopizer-329083/sm-core/src/main/java/com/salesmanager/core/business/catalog/product/dao/ProductDao.java
2026-03-04 18:32:42,129 - Knowledge - INFO - Fast-tracked /app/data/T0015/329083/b8924gk/shopizer-329083/sm-core/src/main/java/com/salesmanager/core/business/catalog/product/dao/availability/ProductAvailabilityDao.java (ext=.java, size=344)
2026-03-04 18:32:42,366 - Knowledge - INFO - process ingested knowledge for /app/data/T0015/329083/b8924gk/shopizer-329083/sm-core/src/main/java/com/salesmanager/core/business/shipping/model/ShippingPackageType.java
2026-03-04 18:32:42,436 - Knowledge - INFO - process ingested knowledge for /app/data/T0015/329083/b8924gk/shopizer-329083/sm-core/src/main/java/com/salesmanager/core/business/order/model/orderproduct/OrderProductPrice.java
2026-03-04 18:32:42,574 - Knowledge - INFO - Fast-tracked /app/data/T0015/329083/b8924gk/shopizer-329083/sm-core/src/main/java/com/salesmanager/core/business/catalog/product/dao/relationship/ProductRelationshipDao.java (ext=.java, size=1146)
2026-03-04 18:32:42,633 - Knowledge - INFO - process ingested knowledge for /app/data/T0015/329083/b8924gk/shopizer-329083/sm-core/src/main/java/com/salesmanager/core/business/common/model/Delivery.java
2026-03-04 18:32:42,783 - Knowledge - INFO - done ingest for /app/data/T0015/329083/b8924gk/shopizer-329083/sm-core/src/main/java/com/salesmanager/core/business/shipping/service/ShippingServiceImpl.java
2026-03-04 18:32:42,876 - Knowledge - INFO - process ingested knowledge for /app/data/T0015/329083/b8924gk/shopizer-329083/sm-core/src/main/java/com/salesmanager/core/business/generic/dao/SalesManagerJpaDaoSupport.java
2026-03-04 18:32:43,062 - Knowledge - INFO - Fast-tracked /app/data/T0015/329083/b8924gk/shopizer-329083/sm-core/src/main/java/com/salesmanager/core/business/catalog/product/dao/ProductDao.java (ext=.java, size=1630)
2026-03-04 18:32:43,144 - Knowledge - INFO - Worker kw11 processing /app/data/T0015/329083/b8924gk/shopizer-329083/sm-core/src/main/java/com/salesmanager/core/business/catalog/product/dao/availability/ProductAvailabilityDaoImpl.java
2026-03-04 18:32:43,226 - Knowledge - INFO - process ingested knowledge for /app/data/T0015/329083/b8924gk/shopizer-329083/sm-core/src/main/java/com/salesmanager/core/business/shipping/model/ShippingType.java
2026-03-04 18:32:43,509 - Knowledge - INFO - Worker kw5 processing /app/data/T0015/329083/b8924gk/shopizer-329083/sm-core/src/main/java/com/salesmanager/core/business/catalog/product/dao/type/ProductTypeDaoImpl.java
2026-03-04 18:32:44,021 - Knowledge - INFO - process ingested knowledge for /app/data/T0015/329083/b8924gk/shopizer-329083/sm-core/src/main/java/com/salesmanager/core/business/generic/util/EntityManagerUtils.java
2026-03-04 18:32:44,039 - Knowledge - INFO - Processing batch of 10 files
2026-03-04 18:32:44,103 - Knowledge - INFO - Worker kw1 processing /app/data/T0015/329083/b8924gk/shopizer-329083/sm-core/src/main/java/com/salesmanager/core/business/catalog/product/dao/manufacturer/ManufacturerDao.java
2026-03-04 18:32:44,343 - Knowledge - INFO - Fast-tracked /app/data/T0015/329083/b8924gk/shopizer-329083/sm-core/src/main/java/com/salesmanager/core/business/catalog/product/dao/availability/ProductAvailabilityDaoImpl.java (ext=.java, size=479)
2026-03-04 18:32:44,503 - Knowledge - INFO - [LLM_CALL] Completed: MerchantConfigurationServiceImpl.java:chunk1, Duration: 30016ms, PromptTokens: 2230, CompletionTokens: 616, Cost: $0.00047
2026-03-04 18:32:44,503 - Knowledge - INFO - Fast-tracked /app/data/T0015/329083/b8924gk/shopizer-329083/sm-core/src/main/java/com/salesmanager/core/business/content/model/ContentDescription.java (small file (2079 bytes))
2026-03-04 18:32:44,699 - Knowledge - INFO - Fast-tracked /app/data/T0015/329083/b8924gk/shopizer-329083/sm-core/src/main/java/com/salesmanager/core/business/catalog/product/dao/type/ProductTypeDaoImpl.java (ext=.java, size=423)
2026-03-04 18:32:44,960 - Knowledge - INFO - process ingested knowledge for /app/data/T0015/329083/b8924gk/shopizer-329083/sm-core/src/main/java/com/salesmanager/core/business/order/model/orderproduct/OrderProductAttribute.java
2026-03-04 18:32:45,132 - Knowledge - INFO - Fast-tracked /app/data/T0015/329083/b8924gk/shopizer-329083/sm-core/src/main/java/com/salesmanager/core/business/catalog/product/dao/manufacturer/ManufacturerDao.java (ext=.java, size=796)
2026-03-04 18:32:45,205 - Knowledge - INFO - process ingested knowledge for /app/data/T0015/329083/b8924gk/shopizer-329083/sm-core/src/main/java/com/salesmanager/core/business/shipping/model/PackageDetails.java
2026-03-04 18:32:45,227 - Knowledge - INFO - Worker kw11 processing /app/data/T0015/329083/b8924gk/shopizer-329083/sm-core/src/main/java/com/salesmanager/core/business/catalog/product/dao/ProductDaoImpl.java
2026-03-04 18:32:45,348 - Knowledge - INFO - done ingest for /app/data/T0015/329083/b8924gk/shopizer-329083/sm-core/src/main/java/com/salesmanager/core/business/system/service/MerchantConfigurationServiceImpl.java
2026-03-04 18:32:46,015 - Knowledge - INFO - Worker kw1 processing /app/data/T0015/329083/b8924gk/shopizer-329083/sm-core/src/main/java/com/salesmanager/core/business/catalog/product/dao/manufacturer/ManufacturerDaoImpl.java
2026-03-04 18:32:46,543 - Knowledge - INFO - Worker kw11 processing /app/data/T0015/329083/b8924gk/shopizer-329083/sm-core/src/main/java/com/salesmanager/core/business/catalog/product/service/file/DigitalProductService.java
2026-03-04 18:32:46,836 - Knowledge - INFO - Worker kw1 processing /app/data/T0015/329083/b8924gk/shopizer-329083/sm-core/src/main/java/com/salesmanager/core/business/catalog/product/dao/image/ProductImageDao.java
2026-03-04 18:32:47,317 - Knowledge - INFO - process ingested knowledge for /app/data/T0015/329083/b8924gk/shopizer-329083/sm-core/src/main/java/com/salesmanager/core/business/order/model/orderproduct/OrderProductDownload.java
2026-03-04 18:32:47,353 - Knowledge - INFO - Fast-tracked /app/data/T0015/329083/b8924gk/shopizer-329083/sm-core/src/main/java/com/salesmanager/core/business/catalog/category/model/CategoryDescription.java (small file (2303 bytes))
2026-03-04 18:32:47,385 - Knowledge - INFO - Fast-tracked /app/data/T0015/329083/b8924gk/shopizer-329083/sm-core/src/main/java/com/salesmanager/core/business/catalog/product/service/file/DigitalProductService.java (ext=.java, size=917)
2026-03-04 18:32:47,570 - Knowledge - INFO - Fast-tracked /app/data/T0015/329083/b8924gk/shopizer-329083/sm-core/src/main/java/com/salesmanager/core/business/catalog/product/dao/image/ProductImageDao.java (ext=.java, size=354)
2026-03-04 18:32:47,873 - Knowledge - INFO - [LLM_CALL] Completed: ModuleConfigurationServiceImpl.java:chunk1, Duration: 44682ms, PromptTokens: 2540, CompletionTokens: 498, Cost: $0.00045
2026-03-04 18:32:48,244 - Knowledge - INFO - Worker kw11 processing /app/data/T0015/329083/b8924gk/shopizer-329083/sm-core/src/main/java/com/salesmanager/core/business/catalog/product/service/file/DigitalProductServiceImpl.java
2026-03-04 18:32:48,461 - Knowledge - INFO - Worker kw1 processing /app/data/T0015/329083/b8924gk/shopizer-329083/sm-core/src/main/java/com/salesmanager/core/business/catalog/product/dao/image/ProductImageDaoImpl.java
2026-03-04 18:32:48,510 - Knowledge - INFO - process ingested knowledge for /app/data/T0015/329083/b8924gk/shopizer-329083/sm-core/src/main/java/com/salesmanager/core/business/shipping/model/ShippingConfiguration.java
2026-03-04 18:32:48,620 - Knowledge - INFO - done ingest for /app/data/T0015/329083/b8924gk/shopizer-329083/sm-core/src/main/java/com/salesmanager/core/business/system/service/ModuleConfigurationServiceImpl.java
2026-03-04 18:32:48,829 - Knowledge - INFO - Worker kw11 processing /app/data/T0015/329083/b8924gk/shopizer-329083/sm-core/src/main/java/com/salesmanager/core/business/catalog/product/service/ProductServiceImpl.java
2026-03-04 18:32:49,062 - Knowledge - INFO - Fast-tracked /app/data/T0015/329083/b8924gk/shopizer-329083/sm-core/src/main/java/com/salesmanager/core/business/catalog/product/dao/image/ProductImageDaoImpl.java (ext=.java, size=1388)
2026-03-04 18:32:49,366 - Knowledge - INFO - [LLM_CALL] Completed: Customer.java:chunk1, Duration: 49973ms, PromptTokens: 3982, CompletionTokens: 1186, Cost: $0.00087
2026-03-04 18:32:49,503 - Knowledge - INFO - Worker kw11 processing /app/data/T0015/329083/b8924gk/shopizer-329083/sm-core/src/main/java/com/salesmanager/core/business/catalog/product/service/attribute/ProductAttributeServiceImpl.java
2026-03-04 18:32:49,608 - Knowledge - INFO - Worker kw1 processing /app/data/T0015/329083/b8924gk/shopizer-329083/sm-core/src/main/java/com/salesmanager/core/business/catalog/product/dao/price/ProductPriceDao.java
2026-03-04 18:32:49,751 - Knowledge - INFO - done ingest for /app/data/T0015/329083/b8924gk/shopizer-329083/sm-core/src/main/java/com/salesmanager/core/business/customer/model/Customer.java
2026-03-04 18:32:49,780 - Knowledge - INFO - process ingested knowledge for /app/data/T0015/329083/b8924gk/shopizer-329083/sm-core/src/main/java/com/salesmanager/core/business/order/model/orderproduct/OrderProduct.java
2026-03-04 18:32:49,911 - Knowledge - INFO - Worker kw11 processing /app/data/T0015/329083/b8924gk/shopizer-329083/sm-core/src/main/java/com/salesmanager/core/business/catalog/product/service/attribute/ProductOptionValueService.java
2026-03-04 18:32:50,090 - Knowledge - INFO - Fast-tracked /app/data/T0015/329083/b8924gk/shopizer-329083/sm-core/src/main/java/com/salesmanager/core/business/catalog/product/dao/price/ProductPriceDao.java (ext=.java, size=309)
2026-03-04 18:32:50,501 - Knowledge - INFO - Fast-tracked /app/data/T0015/329083/b8924gk/shopizer-329083/sm-core/src/main/java/com/salesmanager/core/business/catalog/product/service/attribute/ProductOptionValueService.java (ext=.java, size=1172)
2026-03-04 18:32:50,558 - Knowledge - INFO - process ingested knowledge for /app/data/T0015/329083/b8924gk/shopizer-329083/sm-core/src/main/java/com/salesmanager/core/business/shipping/model/ShippingBasisType.java
2026-03-04 18:32:50,605 - Knowledge - INFO - Async storage completed for 10 embeddings
2026-03-04 18:32:50,654 - Knowledge - INFO - Worker kw1 processing /app/data/T0015/329083/b8924gk/shopizer-329083/sm-core/src/main/java/com/salesmanager/core/business/catalog/product/dao/price/ProductPriceDaoImpl.java
2026-03-04 18:32:51,190 - Knowledge - INFO - process ingested knowledge for /app/data/T0015/329083/b8924gk/shopizer-329083/sm-core/src/main/java/com/salesmanager/core/business/order/model/OrderValueType.java
2026-03-04 18:32:51,319 - Knowledge - INFO - Fast-tracked /app/data/T0015/329083/b8924gk/shopizer-329083/sm-core/src/main/java/com/salesmanager/core/business/catalog/product/dao/price/ProductPriceDaoImpl.java (ext=.java, size=1559)
2026-03-04 18:32:51,764 - Knowledge - INFO - process ingested knowledge for /app/data/T0015/329083/b8924gk/shopizer-329083/sm-core/src/main/java/com/salesmanager/core/business/shipping/model/ShippingDescription.java
2026-03-04 18:32:52,815 - Knowledge - INFO - process ingested knowledge for /app/data/T0015/329083/b8924gk/shopizer-329083/sm-core/src/main/java/com/salesmanager/core/business/order/model/OrderCriteria.java
2026-03-04 18:32:53,355 - Knowledge - INFO - process ingested knowledge for /app/data/T0015/329083/b8924gk/shopizer-329083/sm-core/src/main/java/com/salesmanager/core/business/shipping/model/ShippingProduct.java
2026-03-04 18:32:54,417 - Knowledge - INFO - process ingested knowledge for /app/data/T0015/329083/b8924gk/shopizer-329083/sm-core/src/main/java/com/salesmanager/core/business/shipping/service/ShippingServiceImpl.java
2026-03-04 18:32:54,617 - Knowledge - INFO - [LLM_CALL] Completed: CustomerServiceImpl.java:chunk1, Duration: 60032ms, PromptTokens: 2088, CompletionTokens: 753, Cost: $0.00051
2026-03-04 18:32:54,875 - Knowledge - INFO - done ingest for /app/data/T0015/329083/b8924gk/shopizer-329083/sm-core/src/main/java/com/salesmanager/core/business/customer/service/CustomerServiceImpl.java
2026-03-04 18:32:54,905 - Knowledge - INFO - process ingested knowledge for /app/data/T0015/329083/b8924gk/shopizer-329083/sm-core/src/main/java/com/salesmanager/core/business/shipping/model/ShippingOption.java
2026-03-04 18:32:55,376 - Knowledge - INFO - process ingested knowledge for /app/data/T0015/329083/b8924gk/shopizer-329083/sm-core/src/main/java/com/salesmanager/core/business/shipping/service/ShippingService.java
2026-03-04 18:32:55,784 - Knowledge - INFO - [LLM_CALL] Completed: CustomerOptionValue.java:chunk1, Duration: 53707ms, PromptTokens: 2602, CompletionTokens: 699, Cost: $0.00054
2026-03-04 18:32:55,858 - Knowledge - INFO - process ingested knowledge for /app/data/T0015/329083/b8924gk/shopizer-329083/sm-core/src/main/java/com/salesmanager/core/business/merchant/dao/MerchantStoreDaoImpl.java
2026-03-04 18:32:56,042 - Knowledge - INFO - done ingest for /app/data/T0015/329083/b8924gk/shopizer-329083/sm-core/src/main/java/com/salesmanager/core/business/customer/model/attribute/CustomerOptionValue.java
2026-03-04 18:32:56,250 - Knowledge - INFO - process ingested knowledge for /app/data/T0015/329083/b8924gk/shopizer-329083/sm-core/src/main/java/com/salesmanager/core/business/shipping/model/ShippingSummary.java
2026-03-04 18:32:56,684 - Knowledge - INFO - Processing batch of 10 files
2026-03-04 18:32:56,770 - Knowledge - INFO - Fast-tracked /app/data/T0015/329083/b8924gk/shopizer-329083/sm-core/src/main/java/com/salesmanager/core/business/catalog/product/dao/file/DigitalProductDaoImpl.java (small file (2055 bytes))
2026-03-04 18:32:56,936 - Knowledge - INFO - process ingested knowledge for /app/data/T0015/329083/b8924gk/shopizer-329083/sm-core/src/main/java/com/salesmanager/core/business/merchant/dao/MerchantStoreDao.java
2026-03-04 18:32:57,010 - Knowledge - INFO - process ingested knowledge for /app/data/T0015/329083/b8924gk/shopizer-329083/sm-core/src/main/java/com/salesmanager/core/business/shipping/model/ShippingOptionPriceType.java
2026-03-04 18:32:57,010 - Knowledge - INFO - process ingested knowledge for /app/data/T0015/329083/b8924gk/shopizer-329083/sm-core/src/main/java/com/salesmanager/core/business/customer/model/attribute/CustomerOptionSet.java
2026-03-04 18:32:57,023 - Knowledge - INFO - [WEBSOCKET] Sent: Type=progress_update, Size: 294, Duration: 0ms
2026-03-04 18:32:58,078 - Knowledge - INFO - Processing batch of 10 files
2026-03-04 18:32:58,162 - Knowledge - INFO - [WEBSOCKET] Sent: Type=unknown, Size: ?, Duration: 1139ms
2026-03-04 18:32:58,188 - Knowledge - INFO - process ingested knowledge for /app/data/T0015/329083/b8924gk/shopizer-329083/sm-core/src/main/java/com/salesmanager/core/business/shipping/model/ShippingQuote.java
2026-03-04 18:32:58,213 - Knowledge - INFO - [kw20] Queue=899, InProgress=0, PendingWorkers=20/20, Completed=156/1167 (13.4%)
2026-03-04 18:32:58,271 - Knowledge - INFO - process ingested knowledge for /app/data/T0015/329083/b8924gk/shopizer-329083/sm-core/src/main/java/com/salesmanager/core/business/customer/model/attribute/CustomerOptionDescription.java
2026-03-04 18:32:58,439 - Knowledge - INFO - process ingested knowledge for /app/data/T0015/329083/b8924gk/shopizer-329083/sm-core/src/main/java/com/salesmanager/core/business/system/service/SystemConfigurationServiceImpl.java
2026-03-04 18:32:58,592 - Knowledge - INFO - Progress: 13.3% | Files: 156/1167 | Rate: 1.14 files/sec | Queue: 899
2026-03-04 18:32:58,610 - Knowledge - INFO - [kw15] Queue=899, InProgress=0, PendingWorkers=20/20, Completed=156/1167 (13.4%)
2026-03-04 18:32:58,760 - Knowledge - INFO - [LLM_CALL] Completed: TaxRateDaoImpl.java:chunk1, Duration: 43869ms, PromptTokens: 3600, CompletionTokens: 727, Cost: $0.00065
2026-03-04 18:32:58,998 - Knowledge - INFO - Batch sizing: calculated=8, max_allowed=10, queue=899, active_workers=20/20
2026-03-04 18:32:59,732 - Knowledge - INFO - Async storage completed for 8 embeddings
2026-03-04 18:32:59,825 - Knowledge - INFO - process ingested knowledge for /app/data/T0015/329083/b8924gk/shopizer-329083/sm-core/src/main/java/com/salesmanager/core/business/customer/model/Customer.java
2026-03-04 18:32:59,847 - Knowledge - INFO - process ingested knowledge for /app/data/T0015/329083/b8924gk/shopizer-329083/sm-core/src/main/java/com/salesmanager/core/business/system/service/SystemConfigurationService.java
2026-03-04 18:32:59,889 - Knowledge - INFO - Batch sizing: calculated=8, max_allowed=10, queue=899, active_workers=20/20
2026-03-04 18:33:00,045 - Knowledge - INFO - done ingest for /app/data/T0015/329083/b8924gk/shopizer-329083/sm-core/src/main/java/com/salesmanager/core/business/tax/dao/taxrate/TaxRateDaoImpl.java
2026-03-04 18:33:00,097 - Knowledge - INFO - [LLM_CALL] Completed: CustomerOption.java:chunk1, Duration: 44491ms, PromptTokens: 2638, CompletionTokens: 734, Cost: $0.00056
2026-03-04 18:33:00,215 - Knowledge - INFO - [kw6] Queue=899, InProgress=0, PendingWorkers=20/20, Completed=156/1167 (13.4%)
2026-03-04 18:33:01,025 - Knowledge - INFO - done ingest for /app/data/T0015/329083/b8924gk/shopizer-329083/sm-core/src/main/java/com/salesmanager/core/business/customer/model/attribute/CustomerOption.java
2026-03-04 18:33:01,026 - Knowledge - INFO - [LLM_CALL] Completed: TransactionServiceImpl.java:chunk1, Duration: 51145ms, PromptTokens: 2978, CompletionTokens: 581, Cost: $0.00053
2026-03-04 18:33:01,254 - Knowledge - INFO - Batch sizing: calculated=8, max_allowed=10, queue=899, active_workers=20/20
2026-03-04 18:33:01,400 - Knowledge - INFO - process ingested knowledge for /app/data/T0015/329083/b8924gk/shopizer-329083/sm-core/src/main/java/com/salesmanager/core/business/customer/model/CustomerList.java
2026-03-04 18:33:01,416 - Knowledge - INFO - process ingested knowledge for /app/data/T0015/329083/b8924gk/shopizer-329083/sm-core/src/main/java/com/salesmanager/core/business/system/service/ModuleConfigurationServiceImpl.java
2026-03-04 18:33:01,627 - Knowledge - INFO - done ingest for /app/data/T0015/329083/b8924gk/shopizer-329083/sm-core/src/main/java/com/salesmanager/core/business/payments/service/TransactionServiceImpl.java
2026-03-04 18:33:01,663 - Knowledge - INFO - Async storing batch of 8 embeddings
2026-03-04 18:33:02,213 - Knowledge - INFO - Async storing batch of 10 embeddings
2026-03-04 18:33:02,452 - Knowledge - INFO - Worker kw20 processing /app/data/T0015/329083/b8924gk/shopizer-329083/sm-core/src/main/java/com/salesmanager/core/business/catalog/product/service/attribute/ProductOptionValueServiceImpl.java
2026-03-04 18:33:02,671 - Knowledge - INFO - [LLM_CALL] Completed: TaxServiceImpl.java:chunk1, Duration: 33964ms, PromptTokens: 5770, CompletionTokens: 633, Cost: $0.00083
2026-03-04 18:33:02,718 - Knowledge - INFO - Worker kw15 processing /app/data/T0015/329083/b8924gk/shopizer-329083/sm-core/src/main/java/com/salesmanager/core/business/catalog/product/service/relationship/ProductRelationshipServiceImpl.java
2026-03-04 18:33:02,873 - Knowledge - INFO - process ingested knowledge for /app/data/T0015/329083/b8924gk/shopizer-329083/sm-core/src/main/java/com/salesmanager/core/business/customer/model/CustomerCriteria.java
2026-03-04 18:33:02,919 - Knowledge - INFO - Worker kw20 processing /app/data/T0015/329083/b8924gk/shopizer-329083/sm-core/src/main/java/com/salesmanager/core/business/catalog/product/service/attribute/ProductAttributeService.java
2026-03-04 18:33:02,947 - Knowledge - INFO - process ingested knowledge for /app/data/T0015/329083/b8924gk/shopizer-329083/sm-core/src/main/java/com/salesmanager/core/business/system/service/EmailService.java
2026-03-04 18:33:03,035 - Knowledge - INFO - done ingest for /app/data/T0015/329083/b8924gk/shopizer-329083/sm-core/src/main/java/com/salesmanager/core/business/tax/service/TaxServiceImpl.java
2026-03-04 18:33:03,059 - Knowledge - INFO - Async storing batch of 10 embeddings
2026-03-04 18:33:03,199 - Knowledge - INFO - Worker kw15 processing /app/data/T0015/329083/b8924gk/shopizer-329083/sm-core/src/main/java/com/salesmanager/core/business/catalog/product/service/type/ProductTypeService.java
2026-03-04 18:33:03,738 - Knowledge - INFO - Fast-tracked /app/data/T0015/329083/b8924gk/shopizer-329083/sm-core/src/main/java/com/salesmanager/core/business/catalog/product/service/attribute/ProductAttributeService.java (ext=.java, size=1174)
2026-03-04 18:33:05,035 - Knowledge - INFO - Worker kw6 processing /app/data/T0015/329083/b8924gk/shopizer-329083/sm-core/src/main/java/com/salesmanager/core/business/catalog/product/service/price/ProductPriceService.java
2026-03-04 18:33:05,172 - Knowledge - INFO - process ingested knowledge for /app/data/T0015/329083/b8924gk/shopizer-329083/sm-core/src/main/java/com/salesmanager/core/business/customer/model/CustomerGender.java
2026-03-04 18:33:05,303 - Knowledge - INFO - Fast-tracked /app/data/T0015/329083/b8924gk/shopizer-329083/sm-core/src/main/java/com/salesmanager/core/business/catalog/product/service/type/ProductTypeService.java (ext=.java, size=476)
2026-03-04 18:33:05,406 - Knowledge - INFO - Worker kw20 processing /app/data/T0015/329083/b8924gk/shopizer-329083/sm-core/src/main/java/com/salesmanager/core/business/catalog/product/service/attribute/ProductOptionServiceImpl.java
2026-03-04 18:33:05,602 - Knowledge - INFO - Fast-tracked /app/data/T0015/329083/b8924gk/shopizer-329083/sm-core/src/main/java/com/salesmanager/core/business/catalog/product/service/price/ProductPriceService.java (ext=.java, size=665)
2026-03-04 18:33:05,920 - Knowledge - INFO - Worker kw15 processing /app/data/T0015/329083/b8924gk/shopizer-329083/sm-core/src/main/java/com/salesmanager/core/business/catalog/product/service/type/ProductTypeServiceImpl.java
2026-03-04 18:33:06,186 - Knowledge - INFO - Worker kw20 processing /app/data/T0015/329083/b8924gk/shopizer-329083/sm-core/src/main/java/com/salesmanager/core/business/catalog/product/service/attribute/ProductOptionService.java
2026-03-04 18:33:06,445 - Knowledge - INFO - Worker kw6 processing /app/data/T0015/329083/b8924gk/shopizer-329083/sm-core/src/main/java/com/salesmanager/core/business/catalog/product/service/price/ProductPriceServiceImpl.java
2026-03-04 18:33:06,539 - Knowledge - INFO - process ingested knowledge for /app/data/T0015/329083/b8924gk/shopizer-329083/sm-core/src/main/java/com/salesmanager/core/business/system/service/MerchantLogService.java
2026-03-04 18:33:06,741 - Knowledge - INFO - Fast-tracked /app/data/T0015/329083/b8924gk/shopizer-329083/sm-core/src/main/java/com/salesmanager/core/business/catalog/product/service/type/ProductTypeServiceImpl.java (ext=.java, size=1097)
2026-03-04 18:33:07,144 - Knowledge - INFO - Fast-tracked /app/data/T0015/329083/b8924gk/shopizer-329083/sm-core/src/main/java/com/salesmanager/core/business/catalog/product/service/attribute/ProductOptionService.java (ext=.java, size=1038)
2026-03-04 18:33:07,249 - Knowledge - INFO - Fast-tracked /app/data/T0015/329083/b8924gk/shopizer-329083/sm-core/src/main/java/com/salesmanager/core/business/catalog/product/service/price/ProductPriceServiceImpl.java (ext=.java, size=1878)
2026-03-04 18:33:07,315 - Knowledge - INFO - process ingested knowledge for /app/data/T0015/329083/b8924gk/shopizer-329083/sm-core/src/main/java/com/salesmanager/core/business/customer/exception/CustomerNotFoundException.java
2026-03-04 18:33:07,629 - Knowledge - INFO - Worker kw15 processing /app/data/T0015/329083/b8924gk/shopizer-329083/sm-core/src/main/java/com/salesmanager/core/business/catalog/product/service/PricingService.java
2026-03-04 18:33:07,718 - Knowledge - INFO - Worker kw20 processing /app/data/T0015/329083/b8924gk/shopizer-329083/sm-core/src/main/java/com/salesmanager/core/business/catalog/product/service/ProductService.java
2026-03-04 18:33:07,858 - Knowledge - INFO - Worker kw6 processing /app/data/T0015/329083/b8924gk/shopizer-329083/sm-core/src/main/java/com/salesmanager/core/business/catalog/product/service/availability/ProductAvailabilityService.java
2026-03-04 18:33:08,080 - Knowledge - INFO - process ingested knowledge for /app/data/T0015/329083/b8924gk/shopizer-329083/sm-core/src/main/java/com/salesmanager/core/business/system/service/MerchantConfigurationServiceImpl.java
2026-03-04 18:33:08,261 - Knowledge - INFO - Worker kw15 processing /app/data/T0015/329083/b8924gk/shopizer-329083/sm-core/src/main/java/com/salesmanager/core/business/catalog/product/service/manufacturer/ManufacturerServiceImpl.java
2026-03-04 18:33:08,624 - Knowledge - INFO - Worker kw20 processing /app/data/T0015/329083/b8924gk/shopizer-329083/sm-core/src/main/java/com/salesmanager/core/business/catalog/product/service/review/ProductReviewService.java
2026-03-04 18:33:08,838 - Knowledge - INFO - process ingested knowledge for /app/data/T0015/329083/b8924gk/shopizer-329083/sm-core/src/main/java/com/salesmanager/core/business/search/service/SearchServiceImpl.java
2026-03-04 18:33:08,912 - Knowledge - INFO - Fast-tracked /app/data/T0015/329083/b8924gk/shopizer-329083/sm-core/src/main/java/com/salesmanager/core/business/catalog/product/service/availability/ProductAvailabilityService.java (ext=.java, size=519)
2026-03-04 18:33:09,221 - Knowledge - INFO - Worker kw15 processing /app/data/T0015/329083/b8924gk/shopizer-329083/sm-core/src/main/java/com/salesmanager/core/business/catalog/product/service/manufacturer/ManufacturerService.java
2026-03-04 18:33:09,330 - Knowledge - INFO - Fast-tracked /app/data/T0015/329083/b8924gk/shopizer-329083/sm-core/src/main/java/com/salesmanager/core/business/catalog/product/service/review/ProductReviewService.java (ext=.java, size=822)
2026-03-04 18:33:09,398 - Knowledge - INFO - Processing batch of 10 files
2026-03-04 18:33:09,442 - Knowledge - INFO - Processing batch of 8 files
2026-03-04 18:33:09,448 - Knowledge - INFO - process ingested knowledge for /app/data/T0015/329083/b8924gk/shopizer-329083/sm-core/src/main/java/com/salesmanager/core/business/system/service/MerchantConfigurationService.java
2026-03-04 18:33:09,643 - Knowledge - INFO - Worker kw6 processing /app/data/T0015/329083/b8924gk/shopizer-329083/sm-core/src/main/java/com/salesmanager/core/business/catalog/product/service/availability/ProductAvailabilityServiceImpl.java
2026-03-04 18:33:09,852 - Knowledge - INFO - Fast-tracked /app/data/T0015/329083/b8924gk/shopizer-329083/sm-core/src/main/java/com/salesmanager/core/business/catalog/product/service/manufacturer/ManufacturerService.java (ext=.java, size=1520)
2026-03-04 18:33:09,978 - Knowledge - INFO - process ingested knowledge for /app/data/T0015/329083/b8924gk/shopizer-329083/sm-core/src/main/java/com/salesmanager/core/business/search/service/SearchService.java
2026-03-04 18:33:10,005 - Knowledge - INFO - Worker kw20 processing /app/data/T0015/329083/b8924gk/shopizer-329083/sm-core/src/main/java/com/salesmanager/core/business/catalog/product/service/review/ProductReviewServiceImpl.java
2026-03-04 18:33:10,220 - Knowledge - INFO - Fast-tracked /app/data/T0015/329083/b8924gk/shopizer-329083/sm-core/src/main/java/com/salesmanager/core/business/catalog/product/service/attribute/ProductAttributeServiceImpl.java (small file (2733 bytes))
2026-03-04 18:33:10,437 - Knowledge - INFO - process ingested knowledge for /app/data/T0015/329083/b8924gk/shopizer-329083/sm-core/src/main/java/com/salesmanager/core/business/customer/service/attribute/CustomerAttributeServiceImpl.java
2026-03-04 18:33:10,594 - Knowledge - INFO - process ingested knowledge for /app/data/T0015/329083/b8924gk/shopizer-329083/sm-core/src/main/java/com/salesmanager/core/business/tax/dao/taxrate/TaxRateDaoImpl.java
2026-03-04 18:33:11,104 - Knowledge - INFO - Fast-tracked /app/data/T0015/329083/b8924gk/shopizer-329083/sm-core/src/main/java/com/salesmanager/core/business/catalog/product/service/availability/ProductAvailabilityServiceImpl.java (ext=.java, size=1248)
2026-03-04 18:33:11,285 - Knowledge - INFO - Async storage completed for 10 embeddings
2026-03-04 18:33:11,286 - Knowledge - INFO - Worker kw15 processing /app/data/T0015/329083/b8924gk/shopizer-329083/sm-core/src/main/java/com/salesmanager/core/business/catalog/product/service/image/ProductImageService.java
2026-03-04 18:33:11,785 - Knowledge - INFO - process ingested knowledge for /app/data/T0015/329083/b8924gk/shopizer-329083/sm-core/src/main/java/com/salesmanager/core/business/system/service/EmailServiceImpl.java
2026-03-04 18:33:11,900 - Knowledge - INFO - Worker kw20 processing /app/data/T0015/329083/b8924gk/shopizer-329083/sm-core/src/main/java/com/salesmanager/core/business/catalog/product/service/relationship/ProductRelationshipService.java
2026-03-04 18:33:12,058 - Knowledge - INFO - process ingested knowledge for /app/data/T0015/329083/b8924gk/shopizer-329083/sm-core/src/main/java/com/salesmanager/core/business/search/model/SearchEntry.java
2026-03-04 18:33:12,074 - Knowledge - INFO - [kw8] Queue=875, InProgress=0, PendingWorkers=20/20, Completed=174/1167 (14.9%)
2026-03-04 18:33:12,122 - Knowledge - INFO - Async storage completed for 10 embeddings
2026-03-04 18:33:12,535 - Knowledge - INFO - [LLM_CALL] Completed: ShoppingCartCalculationServiceImpl.java:chunk1, Duration: 61146ms, PromptTokens: 2508, CompletionTokens: 454, Cost: $0.00043
2026-03-04 18:33:12,735 - Knowledge - INFO - Worker kw6 processing /app/data/T0015/329083/b8924gk/shopizer-329083/sm-core/src/main/java/com/salesmanager/core/business/catalog/product/service/PricingServiceImpl.java
2026-03-04 18:33:12,822 - Knowledge - INFO - process ingested knowledge for /app/data/T0015/329083/b8924gk/shopizer-329083/sm-core/src/main/java/com/salesmanager/core/business/tax/dao/taxclass/TaxClassDaoImpl.java
2026-03-04 18:33:12,826 - Knowledge - INFO - process ingested knowledge for /app/data/T0015/329083/b8924gk/shopizer-329083/sm-core/src/main/java/com/salesmanager/core/business/customer/service/attribute/CustomerOptionValueServiceImpl.java
2026-03-04 18:33:13,014 - Knowledge - INFO - Worker kw15 processing /app/data/T0015/329083/b8924gk/shopizer-329083/sm-core/src/main/java/com/salesmanager/core/business/catalog/product/service/image/ProductImageServiceImpl.java
2026-03-04 18:33:13,125 - Knowledge - INFO - process ingested knowledge for /app/data/T0015/329083/b8924gk/shopizer-329083/sm-core/src/main/java/com/salesmanager/core/business/system/service/MerchantLogServiceImpl.java
2026-03-04 18:33:13,499 - Knowledge - INFO - Batch sizing: calculated=8, max_allowed=10, queue=875, active_workers=20/20
2026-03-04 18:33:13,824 - Knowledge - INFO - done ingest for /app/data/T0015/329083/b8924gk/shopizer-329083/sm-core/src/main/java/com/salesmanager/core/business/shoppingcart/service/ShoppingCartCalculationServiceImpl.java
2026-03-04 18:33:13,838 - Knowledge - INFO - [LLM_CALL] Completed: PaymentServiceImpl.java:chunk1, Duration: 74443ms, PromptTokens: 10696, CompletionTokens: 1215, Cost: $0.00156
2026-03-04 18:33:14,002 - Knowledge - INFO - Worker kw6 processing /app/data/T0015/329083/b8924gk/shopizer-329083/sm-core/src/main/java/com/salesmanager/core/business/catalog/product/model/file/ProductImageSize.java
2026-03-04 18:33:14,587 - Knowledge - INFO - process ingested knowledge for /app/data/T0015/329083/b8924gk/shopizer-329083/sm-core/src/main/java/com/salesmanager/core/business/tax/dao/taxclass/TaxClassDao.java
2026-03-04 18:33:14,624 - Knowledge - INFO - process ingested knowledge for /app/data/T0015/329083/b8924gk/shopizer-329083/sm-core/src/main/java/com/salesmanager/core/business/system/service/ModuleConfigurationService.java
2026-03-04 18:33:14,691 - Knowledge - INFO - process ingested knowledge for /app/data/T0015/329083/b8924gk/shopizer-329083/sm-core/src/main/java/com/salesmanager/core/business/customer/service/attribute/CustomerAttributeService.java
2026-03-04 18:33:15,126 - Knowledge - INFO - done ingest for /app/data/T0015/329083/b8924gk/shopizer-329083/sm-core/src/main/java/com/salesmanager/core/business/payments/service/PaymentServiceImpl.java
2026-03-04 18:33:15,223 - Knowledge - INFO - Async storing batch of 10 embeddings
2026-03-04 18:33:15,224 - Knowledge - INFO - Fast-tracked /app/data/T0015/329083/b8924gk/shopizer-329083/sm-core/src/main/java/com/salesmanager/core/business/catalog/product/model/file/ProductImageSize.java (ext=.java, size=132)
2026-03-04 18:33:15,327 - Knowledge - INFO - [LLM_CALL] Completed: ManufacturerDaoImpl.java:chunk1, Duration: 23563ms, PromptTokens: 2506, CompletionTokens: 613, Cost: $0.00050
2026-03-04 18:33:15,555 - Knowledge - INFO - [kw7] Queue=867, InProgress=0, PendingWorkers=20/20, Completed=174/1167 (14.9%)
2026-03-04 18:33:15,573 - Knowledge - INFO - process ingested knowledge for /app/data/T0015/329083/b8924gk/shopizer-329083/sm-core/src/main/java/com/salesmanager/core/business/tax/service/TaxServiceImpl.java
2026-03-04 18:33:16,183 - Knowledge - INFO - Worker kw8 processing /app/data/T0015/329083/b8924gk/shopizer-329083/sm-core/src/main/java/com/salesmanager/core/business/catalog/product/model/ProductCriteria.java
2026-03-04 18:33:16,358 - Knowledge - INFO - Worker kw6 processing /app/data/T0015/329083/b8924gk/shopizer-329083/sm-core/src/main/java/com/salesmanager/core/business/catalog/product/model/file/DigitalProduct.java
2026-03-04 18:33:16,529 - Knowledge - INFO - done ingest for /app/data/T0015/329083/b8924gk/shopizer-329083/sm-core/src/main/java/com/salesmanager/core/business/catalog/product/dao/manufacturer/ManufacturerDaoImpl.java
2026-03-04 18:33:16,552 - Knowledge - INFO - [LLM_CALL] Completed: TaxClass.java:chunk1, Duration: 47852ms, PromptTokens: 2374, CompletionTokens: 619, Cost: $0.00048
2026-03-04 18:33:16,650 - Knowledge - INFO - process ingested knowledge for /app/data/T0015/329083/b8924gk/shopizer-329083/sm-core/src/main/java/com/salesmanager/core/business/customer/service/CustomerServiceImpl.java
2026-03-04 18:33:16,703 - Knowledge - INFO - Batch sizing: calculated=8, max_allowed=10, queue=867, active_workers=20/20
2026-03-04 18:33:17,142 - Knowledge - INFO - Fast-tracked /app/data/T0015/329083/b8924gk/shopizer-329083/sm-core/src/main/java/com/salesmanager/core/business/catalog/product/model/ProductCriteria.java (ext=.java, size=1709)
2026-03-04 18:33:17,340 - Knowledge - INFO - Fast-tracked /app/data/T0015/329083/b8924gk/shopizer-329083/sm-core/src/main/java/com/salesmanager/core/business/catalog/product/model/file/DigitalProduct.java (ext=.java, size=1924)
2026-03-04 18:33:17,994 - Knowledge - INFO - done ingest for /app/data/T0015/329083/b8924gk/shopizer-329083/sm-core/src/main/java/com/salesmanager/core/business/tax/model/taxclass/TaxClass.java
2026-03-04 18:33:18,345 - Knowledge - INFO - process ingested knowledge for /app/data/T0015/329083/b8924gk/shopizer-329083/sm-core/src/main/java/com/salesmanager/core/business/tax/service/TaxClassService.java
2026-03-04 18:33:18,364 - Knowledge - INFO - process ingested knowledge for /app/data/T0015/329083/b8924gk/shopizer-329083/sm-core/src/main/java/com/salesmanager/core/business/customer/service/CustomerService.java
2026-03-04 18:33:18,459 - Knowledge - INFO - Worker kw8 processing /app/data/T0015/329083/b8924gk/shopizer-329083/sm-core/src/main/java/com/salesmanager/core/business/catalog/product/model/attribute/ProductOptionType.java
2026-03-04 18:33:18,547 - Knowledge - INFO - Worker kw6 processing /app/data/T0015/329083/b8924gk/shopizer-329083/sm-core/src/main/java/com/salesmanager/core/business/catalog/product/model/description/ProductDescription.java
2026-03-04 18:33:18,838 - Knowledge - INFO - Fast-tracked /app/data/T0015/329083/b8924gk/shopizer-329083/sm-core/src/main/java/com/salesmanager/core/business/catalog/product/service/attribute/ProductOptionServiceImpl.java (small file (2749 bytes))
2026-03-04 18:33:19,156 - Knowledge - INFO - [LLM_CALL] Completed: PaymentService.java:chunk1, Duration: 56932ms, PromptTokens: 2236, CompletionTokens: 806, Cost: $0.00055
2026-03-04 18:33:19,260 - Knowledge - INFO - Fast-tracked /app/data/T0015/329083/b8924gk/shopizer-329083/sm-core/src/main/java/com/salesmanager/core/business/catalog/product/model/attribute/ProductOptionType.java (ext=.java, size=148)
2026-03-04 18:33:19,629 - Knowledge - INFO - Fast-tracked /app/data/T0015/329083/b8924gk/shopizer-329083/sm-core/src/main/java/com/salesmanager/core/business/catalog/product/service/ProductService.java (small file (2049 bytes))
2026-03-04 18:33:19,668 - Knowledge - INFO - done ingest for /app/data/T0015/329083/b8924gk/shopizer-329083/sm-core/src/main/java/com/salesmanager/core/business/payments/service/PaymentService.java
2026-03-04 18:33:19,684 - Knowledge - INFO - Async storing batch of 10 embeddings
2026-03-04 18:33:19,895 - Knowledge - INFO - Worker kw8 processing /app/data/T0015/329083/b8924gk/shopizer-329083/sm-core/src/main/java/com/salesmanager/core/business/catalog/product/model/attribute/ProductOption.java
2026-03-04 18:33:19,972 - Knowledge - INFO - process ingested knowledge for /app/data/T0015/329083/b8924gk/shopizer-329083/sm-core/src/main/java/com/salesmanager/core/business/tax/service/TaxRateServiceImpl.java
2026-03-04 18:33:20,010 - Knowledge - INFO - process ingested knowledge for /app/data/T0015/329083/b8924gk/shopizer-329083/sm-core/src/main/java/com/salesmanager/core/business/customer/model/attribute/CustomerOptionValue.java
2026-03-04 18:33:20,084 - Knowledge - INFO - Fast-tracked /app/data/T0015/329083/b8924gk/shopizer-329083/sm-core/src/main/java/com/salesmanager/core/business/catalog/product/service/review/ProductReviewServiceImpl.java (small file (2794 bytes))
2026-03-04 18:33:20,496 - Knowledge - INFO - Worker kw7 processing /app/data/T0015/329083/b8924gk/shopizer-329083/sm-core/src/main/java/com/salesmanager/core/business/catalog/product/model/review/ProductReview.java
2026-03-04 18:33:20,547 - Knowledge - INFO - Worker kw8 processing /app/data/T0015/329083/b8924gk/shopizer-329083/sm-core/src/main/java/com/salesmanager/core/business/catalog/product/model/attribute/ProductOptionDescription.java
2026-03-04 18:33:21,190 - Knowledge - INFO - Fast-tracked /app/data/T0015/329083/b8924gk/shopizer-329083/sm-core/src/main/java/com/salesmanager/core/business/catalog/product/service/relationship/ProductRelationshipService.java (small file (2950 bytes))
2026-03-04 18:33:21,364 - Knowledge - INFO - Worker kw7 processing /app/data/T0015/329083/b8924gk/shopizer-329083/sm-core/src/main/java/com/salesmanager/core/business/catalog/product/model/review/ProductReviewDescription.java
2026-03-04 18:33:21,554 - Knowledge - INFO - Fast-tracked /app/data/T0015/329083/b8924gk/shopizer-329083/sm-core/src/main/java/com/salesmanager/core/business/catalog/product/model/attribute/ProductOptionDescription.java (ext=.java, size=1516)
2026-03-04 18:33:21,566 - Knowledge - INFO - process ingested knowledge for /app/data/T0015/329083/b8924gk/shopizer-329083/sm-core/src/main/java/com/salesmanager/core/business/tax/service/TaxRateService.java
2026-03-04 18:33:21,616 - Knowledge - INFO - Async storage completed for 8 embeddings
2026-03-04 18:33:21,793 - Knowledge - INFO - Fast-tracked /app/data/T0015/329083/b8924gk/shopizer-329083/sm-core/src/main/java/com/salesmanager/core/business/catalog/product/model/review/ProductReviewDescription.java (ext=.java, size=1742)
2026-03-04 18:33:21,946 - Knowledge - INFO - Worker kw8 processing /app/data/T0015/329083/b8924gk/shopizer-329083/sm-core/src/main/java/com/salesmanager/core/business/catalog/product/model/attribute/ProductAttribute.java
2026-03-04 18:33:22,546 - Knowledge - INFO - process ingested knowledge for /app/data/T0015/329083/b8924gk/shopizer-329083/sm-core/src/main/java/com/salesmanager/core/business/customer/model/attribute/CustomerOptionValueDescription.java
2026-03-04 18:33:22,595 - Knowledge - INFO - process ingested knowledge for /app/data/T0015/329083/b8924gk/shopizer-329083/sm-core/src/main/java/com/salesmanager/core/business/tax/service/TaxClassServiceImpl.java
2026-03-04 18:33:22,653 - Knowledge - INFO - Worker kw7 processing /app/data/T0015/329083/b8924gk/shopizer-329083/sm-core/src/main/java/com/salesmanager/core/business/catalog/product/model/relationship/ProductRelationshipType.java
2026-03-04 18:33:23,059 - Knowledge - INFO - Worker kw8 processing /app/data/T0015/329083/b8924gk/shopizer-329083/sm-core/src/main/java/com/salesmanager/core/business/catalog/product/model/attribute/ProductOptionValueDescription.java
2026-03-04 18:33:23,099 - Knowledge - INFO - Fast-tracked /app/data/T0015/329083/b8924gk/shopizer-329083/sm-core/src/main/java/com/salesmanager/core/business/catalog/product/model/description/ProductDescription.java (small file (2381 bytes))
2026-03-04 18:33:23,311 - Knowledge - INFO - Processing batch of 8 files
2026-03-04 18:33:23,988 - Knowledge - INFO - Fast-tracked /app/data/T0015/329083/b8924gk/shopizer-329083/sm-core/src/main/java/com/salesmanager/core/business/catalog/product/model/relationship/ProductRelationshipType.java (ext=.java, size=169)
2026-03-04 18:33:24,122 - Knowledge - INFO - Fast-tracked /app/data/T0015/329083/b8924gk/shopizer-329083/sm-core/src/main/java/com/salesmanager/core/business/catalog/product/model/attribute/ProductOptionValueDescription.java (ext=.java, size=1133)
2026-03-04 18:33:24,211 - Knowledge - INFO - Async storage completed for 10 embeddings
2026-03-04 18:33:24,568 - Knowledge - INFO - process ingested knowledge for /app/data/T0015/329083/b8924gk/shopizer-329083/sm-core/src/main/java/com/salesmanager/core/business/catalog/product/dao/type/ProductTypeDao.java
2026-03-04 18:33:24,590 - Knowledge - INFO - [LLM_CALL] Completed: ContentServiceImpl.java:chunk1, Duration: 43263ms, PromptTokens: 6406, CompletionTokens: 1144, Cost: $0.00110
2026-03-04 18:33:24,596 - Knowledge - INFO - Fast-tracked /app/data/T0015/329083/b8924gk/shopizer-329083/sm-core/src/main/java/com/salesmanager/core/business/catalog/product/service/image/ProductImageService.java (small file (2099 bytes))
2026-03-04 18:33:24,625 - Knowledge - INFO - process ingested knowledge for /app/data/T0015/329083/b8924gk/shopizer-329083/sm-core/src/main/java/com/salesmanager/core/business/customer/model/attribute/CustomerAttribute.java
2026-03-04 18:33:24,792 - Knowledge - INFO - Worker kw7 processing /app/data/T0015/329083/b8924gk/shopizer-329083/sm-core/src/main/java/com/salesmanager/core/business/catalog/product/model/relationship/ProductRelationship.java
2026-03-04 18:33:24,927 - Knowledge - INFO - Worker kw8 processing /app/data/T0015/329083/b8924gk/shopizer-329083/sm-core/src/main/java/com/salesmanager/core/business/catalog/product/model/attribute/AttributeCriteria.java
2026-03-04 18:33:25,579 - Knowledge - INFO - done ingest for /app/data/T0015/329083/b8924gk/shopizer-329083/sm-core/src/main/java/com/salesmanager/core/business/content/service/ContentServiceImpl.java
2026-03-04 18:33:26,214 - Knowledge - INFO - Worker kw7 processing /app/data/T0015/329083/b8924gk/shopizer-329083/sm-core/src/main/java/com/salesmanager/core/business/catalog/product/model/type/ProductType.java
2026-03-04 18:33:26,411 - Knowledge - INFO - Fast-tracked /app/data/T0015/329083/b8924gk/shopizer-329083/sm-core/src/main/java/com/salesmanager/core/business/catalog/product/model/attribute/AttributeCriteria.java (ext=.java, size=641)
2026-03-04 18:33:26,580 - Knowledge - INFO - [LLM_CALL] Completed: ShoppingCartDaoImpl.java:chunk1, Duration: 85458ms, PromptTokens: 3038, CompletionTokens: 599, Cost: $0.00054
2026-03-04 18:33:26,625 - Knowledge - INFO - Worker kw7 processing /app/data/T0015/329083/b8924gk/shopizer-329083/sm-core/src/main/java/com/salesmanager/core/business/catalog/product/model/Product.java
2026-03-04 18:33:26,789 - Knowledge - INFO - Worker kw8 processing /app/data/T0015/329083/b8924gk/shopizer-329083/sm-core/src/main/java/com/salesmanager/core/business/catalog/product/model/attribute/ProductOptionValue.java
2026-03-04 18:33:27,024 - Knowledge - INFO - done ingest for /app/data/T0015/329083/b8924gk/shopizer-329083/sm-core/src/main/java/com/salesmanager/core/business/shoppingcart/dao/ShoppingCartDaoImpl.java
2026-03-04 18:33:27,239 - Knowledge - INFO - Worker kw7 processing /app/data/T0015/329083/b8924gk/shopizer-329083/sm-core/src/main/java/com/salesmanager/core/business/catalog/product/model/manufacturer/ManufacturerDescription.java
2026-03-04 18:33:27,249 - Knowledge - INFO - process ingested knowledge for /app/data/T0015/329083/b8924gk/shopizer-329083/sm-core/src/main/java/com/salesmanager/core/business/catalog/product/dao/ProductDao.java
2026-03-04 18:33:27,668 - Knowledge - INFO - Async storage completed for 10 embeddings
2026-03-04 18:33:28,028 - Knowledge - INFO - Fast-tracked /app/data/T0015/329083/b8924gk/shopizer-329083/sm-core/src/main/java/com/salesmanager/core/business/catalog/product/model/manufacturer/ManufacturerDescription.java (ext=.java, size=1622)
2026-03-04 18:33:28,090 - Knowledge - INFO - Processing batch of 10 files
2026-03-04 18:33:28,146 - Knowledge - INFO - process ingested knowledge for /app/data/T0015/329083/b8924gk/shopizer-329083/sm-core/src/main/java/com/salesmanager/core/business/customer/model/attribute/CustomerOptionType.java
2026-03-04 18:33:28,572 - Knowledge - INFO - Worker kw7 processing /app/data/T0015/329083/b8924gk/shopizer-329083/sm-core/src/main/java/com/salesmanager/core/business/catalog/product/model/manufacturer/Manufacturer.java
2026-03-04 18:33:28,592 - Knowledge - INFO - [LLM_CALL] Completed: TaxRate.java:chunk1, Duration: 70742ms, PromptTokens: 3686, CompletionTokens: 1107, Cost: $0.00081
2026-03-04 18:33:28,700 - Knowledge - INFO - process ingested knowledge for /app/data/T0015/329083/b8924gk/shopizer-329083/sm-core/src/main/java/com/salesmanager/core/business/search/model/SearchKeywords.java
2026-03-04 18:33:29,424 - Knowledge - INFO - done ingest for /app/data/T0015/329083/b8924gk/shopizer-329083/sm-core/src/main/java/com/salesmanager/core/business/tax/model/taxrate/TaxRate.java
2026-03-04 18:33:29,871 - Knowledge - INFO - process ingested knowledge for /app/data/T0015/329083/b8924gk/shopizer-329083/sm-core/src/main/java/com/salesmanager/core/business/catalog/product/dao/manufacturer/ManufacturerDao.java
2026-03-04 18:33:29,959 - Knowledge - INFO - [WEBSOCKET] Sent: Type=progress_update, Size: 296, Duration: 0ms
2026-03-04 18:33:30,591 - Knowledge - INFO - process ingested knowledge for /app/data/T0015/329083/b8924gk/shopizer-329083/sm-core/src/main/java/com/salesmanager/core/business/search/model/SearchFacet.java
2026-03-04 18:33:30,702 - Knowledge - INFO - [WEBSOCKET] Sent: Type=unknown, Size: ?, Duration: 743ms
2026-03-04 18:33:31,107 - Knowledge - INFO - Progress: 16.5% | Files: 192/1167 | Rate: 1.14 files/sec | Queue: 859
2026-03-04 18:33:31,467 - Knowledge - INFO - process ingested knowledge for /app/data/T0015/329083/b8924gk/shopizer-329083/sm-core/src/main/java/com/salesmanager/core/business/catalog/product/dao/manufacturer/ManufacturerDaoImpl.java
2026-03-04 18:33:31,528 - Knowledge - INFO - process ingested knowledge for /app/data/T0015/329083/b8924gk/shopizer-329083/sm-core/src/main/java/com/salesmanager/core/business/customer/model/attribute/CustomerOption.java
2026-03-04 18:33:32,120 - Knowledge - INFO - process ingested knowledge for /app/data/T0015/329083/b8924gk/shopizer-329083/sm-core/src/main/java/com/salesmanager/core/business/search/model/IndexProduct.java
2026-03-04 18:33:32,159 - Knowledge - INFO - [kw13] Queue=859, InProgress=0, PendingWorkers=20/20, Completed=192/1167 (16.5%)
2026-03-04 18:33:32,752 - Knowledge - INFO - process ingested knowledge for /app/data/T0015/329083/b8924gk/shopizer-329083/sm-core/src/main/java/com/salesmanager/core/business/catalog/product/dao/image/ProductImageDao.java
2026-03-04 18:33:33,319 - Knowledge - INFO - [LLM_CALL] Completed: ContentDaoImpl.java:chunk1, Duration: 55659ms, PromptTokens: 4490, CompletionTokens: 627, Cost: $0.00070
2026-03-04 18:33:33,341 - Knowledge - INFO - Batch sizing: calculated=8, max_allowed=10, queue=859, active_workers=20/20
2026-03-04 18:33:33,426 - Knowledge - INFO - Fast-tracked /app/data/T0015/329083/b8924gk/shopizer-329083/sm-core/src/main/java/com/salesmanager/core/business/catalog/product/model/relationship/ProductRelationship.java (small file (2631 bytes))
2026-03-04 18:33:33,770 - Knowledge - INFO - done ingest for /app/data/T0015/329083/b8924gk/shopizer-329083/sm-core/src/main/java/com/salesmanager/core/business/content/dao/ContentDaoImpl.java
2026-03-04 18:33:34,000 - Knowledge - INFO - process ingested knowledge for /app/data/T0015/329083/b8924gk/shopizer-329083/sm-core/src/main/java/com/salesmanager/core/business/search/model/SearchResponse.java
2026-03-04 18:33:34,043 - Knowledge - INFO - process ingested knowledge for /app/data/T0015/329083/b8924gk/shopizer-329083/sm-core/src/main/java/com/salesmanager/core/business/catalog/product/dao/image/ProductImageDaoImpl.java
2026-03-04 18:33:34,053 - Knowledge - INFO - [kw18] Queue=859, InProgress=0, PendingWorkers=20/20, Completed=192/1167 (16.5%)
2026-03-04 18:33:34,057 - Knowledge - INFO - Async storing batch of 10 embeddings
2026-03-04 18:33:34,253 - Knowledge - INFO - Fast-tracked /app/data/T0015/329083/b8924gk/shopizer-329083/sm-core/src/main/java/com/salesmanager/core/business/catalog/product/model/type/ProductType.java (small file (2213 bytes))
2026-03-04 18:33:35,034 - Knowledge - INFO - Batch sizing: calculated=8, max_allowed=10, queue=859, active_workers=20/20
2026-03-04 18:33:35,215 - Knowledge - INFO - [LLM_CALL] Completed: ContentService.java:chunk1, Duration: 62857ms, PromptTokens: 3070, CompletionTokens: 1038, Cost: $0.00072
2026-03-04 18:33:35,233 - Knowledge - INFO - Worker kw13 processing /app/data/T0015/329083/b8924gk/shopizer-329083/sm-core/src/main/java/com/salesmanager/core/business/catalog/product/model/ProductList.java
2026-03-04 18:33:35,855 - Knowledge - INFO - process ingested knowledge for /app/data/T0015/329083/b8924gk/shopizer-329083/sm-core/src/main/java/com/salesmanager/core/business/payments/dao/TransactionDaoImpl.java
2026-03-04 18:33:35,914 - Knowledge - INFO - done ingest for /app/data/T0015/329083/b8924gk/shopizer-329083/sm-core/src/main/java/com/salesmanager/core/business/content/service/ContentService.java
2026-03-04 18:33:35,992 - Knowledge - INFO - Async storage completed for 10 embeddings
2026-03-04 18:33:36,237 - Knowledge - INFO - Fast-tracked /app/data/T0015/329083/b8924gk/shopizer-329083/sm-core/src/main/java/com/salesmanager/core/business/catalog/product/model/ProductList.java (ext=.java, size=519)
2026-03-04 18:33:36,479 - Knowledge - INFO - Async storing batch of 10 embeddings
2026-03-04 18:33:36,507 - Knowledge - INFO - process ingested knowledge for /app/data/T0015/329083/b8924gk/shopizer-329083/sm-core/src/main/java/com/salesmanager/core/business/catalog/product/dao/price/ProductPriceDao.java
2026-03-04 18:33:36,581 - Knowledge - INFO - process ingested knowledge for /app/data/T0015/329083/b8924gk/shopizer-329083/sm-core/src/main/java/com/salesmanager/core/business/payments/dao/TransactionDao.java
2026-03-04 18:33:37,081 - Knowledge - INFO - Worker kw13 processing /app/data/T0015/329083/b8924gk/shopizer-329083/sm-core/src/main/java/com/salesmanager/core/business/catalog/product/model/image/ProductImageDescription.java
2026-03-04 18:33:37,301 - Knowledge - INFO - Worker kw18 processing /app/data/T0015/329083/b8924gk/shopizer-329083/sm-core/src/main/java/com/salesmanager/core/business/catalog/common/CatalogServiceHelper.java
2026-03-04 18:33:37,951 - Knowledge - INFO - Fast-tracked /app/data/T0015/329083/b8924gk/shopizer-329083/sm-core/src/main/java/com/salesmanager/core/business/catalog/product/model/manufacturer/Manufacturer.java (small file (3031 bytes))
2026-03-04 18:33:38,111 - Knowledge - INFO - Fast-tracked /app/data/T0015/329083/b8924gk/shopizer-329083/sm-core/src/main/java/com/salesmanager/core/business/catalog/product/model/image/ProductImageDescription.java (ext=.java, size=1268)
2026-03-04 18:33:38,234 - Knowledge - INFO - Worker kw18 processing /app/data/T0015/329083/b8924gk/shopizer-329083/sm-core/src/main/java/com/salesmanager/core/business/reference/language/dao/LanguageDao.java
2026-03-04 18:33:38,403 - Knowledge - INFO - process ingested knowledge for /app/data/T0015/329083/b8924gk/shopizer-329083/sm-core/src/main/java/com/salesmanager/core/business/catalog/product/dao/price/ProductPriceDaoImpl.java
2026-03-04 18:33:38,520 - Knowledge - INFO - Async storage completed for 10 embeddings
2026-03-04 18:33:38,727 - Knowledge - INFO - Worker kw13 processing /app/data/T0015/329083/b8924gk/shopizer-329083/sm-core/src/main/java/com/salesmanager/core/business/catalog/product/model/image/ProductImage.java
2026-03-04 18:33:39,202 - Knowledge - INFO - Fast-tracked /app/data/T0015/329083/b8924gk/shopizer-329083/sm-core/src/main/java/com/salesmanager/core/business/reference/language/dao/LanguageDao.java (ext=.java, size=293)
2026-03-04 18:33:39,440 - Knowledge - INFO - Processing batch of 8 files
2026-03-04 18:33:39,493 - Knowledge - INFO - process ingested knowledge for /app/data/T0015/329083/b8924gk/shopizer-329083/sm-core/src/main/java/com/salesmanager/core/business/payments/service/PaymentServiceImpl.java
2026-03-04 18:33:39,874 - Knowledge - INFO - Worker kw13 processing /app/data/T0015/329083/b8924gk/shopizer-329083/sm-core/src/main/java/com/salesmanager/core/business/catalog/product/model/price/ProductPriceDescription.java
2026-03-04 18:33:39,987 - Knowledge - INFO - Worker kw18 processing /app/data/T0015/329083/b8924gk/shopizer-329083/sm-core/src/main/java/com/salesmanager/core/business/reference/language/dao/LanguageDaoImpl.java
2026-03-04 18:33:40,371 - Knowledge - INFO - process ingested knowledge for /app/data/T0015/329083/b8924gk/shopizer-329083/sm-core/src/main/java/com/salesmanager/core/business/tax/service/TaxService.java
2026-03-04 18:33:40,532 - Knowledge - INFO - [LLM_CALL] Completed: ProductOptionValueServiceImpl.java:chunk1, Duration: 25361ms, PromptTokens: 2126, CompletionTokens: 700, Cost: $0.00049
2026-03-04 18:33:40,927 - Knowledge - INFO - Fast-tracked /app/data/T0015/329083/b8924gk/shopizer-329083/sm-core/src/main/java/com/salesmanager/core/business/catalog/product/model/price/ProductPriceDescription.java (ext=.java, size=1116)
2026-03-04 18:33:40,939 - Knowledge - INFO - Fast-tracked /app/data/T0015/329083/b8924gk/shopizer-329083/sm-core/src/main/java/com/salesmanager/core/business/reference/language/dao/LanguageDaoImpl.java (ext=.java, size=402)
2026-03-04 18:33:41,441 - Knowledge - INFO - process ingested knowledge for /app/data/T0015/329083/b8924gk/shopizer-329083/sm-core/src/main/java/com/salesmanager/core/business/payments/service/TransactionServiceImpl.java
2026-03-04 18:33:41,469 - Knowledge - INFO - done ingest for /app/data/T0015/329083/b8924gk/shopizer-329083/sm-core/src/main/java/com/salesmanager/core/business/catalog/product/service/attribute/ProductOptionValueServiceImpl.java
2026-03-04 18:33:41,526 - Knowledge - INFO - process ingested knowledge for /app/data/T0015/329083/b8924gk/shopizer-329083/sm-core/src/main/java/com/salesmanager/core/business/tax/model/TaxItem.java
2026-03-04 18:33:41,532 - Knowledge - INFO - [LLM_CALL] Completed: PricingServiceImpl.java:chunk1, Duration: 21804ms, PromptTokens: 2110, CompletionTokens: 655, Cost: $0.00047
2026-03-04 18:33:41,677 - Knowledge - INFO - Worker kw13 processing /app/data/T0015/329083/b8924gk/shopizer-329083/sm-core/src/main/java/com/salesmanager/core/business/catalog/product/model/price/ProductPrice.java
2026-03-04 18:33:41,986 - Knowledge - INFO - Worker kw18 processing /app/data/T0015/329083/b8924gk/shopizer-329083/sm-core/src/main/java/com/salesmanager/core/business/reference/language/service/LanguageService.java
2026-03-04 18:33:43,402 - Knowledge - INFO - done ingest for /app/data/T0015/329083/b8924gk/shopizer-329083/sm-core/src/main/java/com/salesmanager/core/business/catalog/product/service/PricingServiceImpl.java
2026-03-04 18:33:43,526 - Knowledge - INFO - process ingested knowledge for /app/data/T0015/329083/b8924gk/shopizer-329083/sm-core/src/main/java/com/salesmanager/core/business/payments/service/TransactionService.java
2026-03-04 18:33:43,606 - Knowledge - INFO - Processing batch of 8 files
2026-03-04 18:33:43,727 - Knowledge - INFO - Worker kw13 processing /app/data/T0015/329083/b8924gk/shopizer-329083/sm-core/src/main/java/com/salesmanager/core/business/catalog/product/model/price/ProductPriceType.java
2026-03-04 18:33:44,004 - Knowledge - INFO - Fast-tracked /app/data/T0015/329083/b8924gk/shopizer-329083/sm-core/src/main/java/com/salesmanager/core/business/reference/language/service/LanguageService.java (ext=.java, size=717)
2026-03-04 18:33:44,599 - Knowledge - INFO - process ingested knowledge for /app/data/T0015/329083/b8924gk/shopizer-329083/sm-core/src/main/java/com/salesmanager/core/business/tax/model/TaxBasisCalculation.java
2026-03-04 18:33:44,685 - Knowledge - INFO - process ingested knowledge for /app/data/T0015/329083/b8924gk/shopizer-329083/sm-core/src/main/java/com/salesmanager/core/business/content/dao/ContentDao.java
2026-03-04 18:33:45,088 - Knowledge - INFO - Fast-tracked /app/data/T0015/329083/b8924gk/shopizer-329083/sm-core/src/main/java/com/salesmanager/core/business/catalog/product/model/price/ProductPriceType.java (ext=.java, size=131)
2026-03-04 18:33:45,211 - Knowledge - INFO - [LLM_CALL] Completed: ProductOptionDaoImpl.java:chunk1, Duration: 46619ms, PromptTokens: 2776, CompletionTokens: 545, Cost: $0.00050
2026-03-04 18:33:45,234 - Knowledge - INFO - Worker kw18 processing /app/data/T0015/329083/b8924gk/shopizer-329083/sm-core/src/main/java/com/salesmanager/core/business/reference/language/service/LanguageServiceImpl.java
2026-03-04 18:33:45,268 - Knowledge - INFO - process ingested knowledge for /app/data/T0015/329083/b8924gk/shopizer-329083/sm-core/src/main/java/com/salesmanager/core/business/payments/service/PaymentService.java
2026-03-04 18:33:45,799 - Knowledge - INFO - Worker kw13 processing /app/data/T0015/329083/b8924gk/shopizer-329083/sm-core/src/main/java/com/salesmanager/core/business/catalog/product/model/price/FinalPrice.java
2026-03-04 18:33:45,868 - Knowledge - INFO - [kw2] Queue=843, InProgress=0, PendingWorkers=20/20, Completed=212/1167 (18.2%)
2026-03-04 18:33:45,882 - Knowledge - INFO - process ingested knowledge for /app/data/T0015/329083/b8924gk/shopizer-329083/sm-core/src/main/java/com/salesmanager/core/business/tax/model/taxrate/TaxRate.java
2026-03-04 18:33:46,006 - Knowledge - INFO - done ingest for /app/data/T0015/329083/b8924gk/shopizer-329083/sm-core/src/main/java/com/salesmanager/core/business/catalog/product/dao/attribute/ProductOptionDaoImpl.java
2026-03-04 18:33:46,058 - Knowledge - INFO - [LLM_CALL] Completed: ProductAttributeDaoImpl.java:chunk1, Duration: 49746ms, PromptTokens: 2940, CompletionTokens: 589, Cost: $0.00053
2026-03-04 18:33:46,353 - Knowledge - INFO - Worker kw18 processing /app/data/T0015/329083/b8924gk/shopizer-329083/sm-core/src/main/java/com/salesmanager/core/business/reference/language/model/Language.java
2026-03-04 18:33:46,563 - Knowledge - INFO - Worker kw13 processing /app/data/T0015/329083/b8924gk/shopizer-329083/sm-core/src/main/java/com/salesmanager/core/business/catalog/product/model/availability/ProductAvailability.java
2026-03-04 18:33:46,620 - Knowledge - INFO - Batch sizing: calculated=8, max_allowed=10, queue=843, active_workers=20/20
2026-03-04 18:33:47,191 - Knowledge - INFO - done ingest for /app/data/T0015/329083/b8924gk/shopizer-329083/sm-core/src/main/java/com/salesmanager/core/business/catalog/product/dao/attribute/ProductAttributeDaoImpl.java
2026-03-04 18:33:47,197 - Knowledge - INFO - process ingested knowledge for /app/data/T0015/329083/b8924gk/shopizer-329083/sm-core/src/main/java/com/salesmanager/core/business/content/service/ContentService.java
2026-03-04 18:33:47,237 - Knowledge - INFO - [LLM_CALL] Completed: MerchantStoreServiceImpl.java:chunk1, Duration: 119193ms, PromptTokens: 2704, CompletionTokens: 979, Cost: $0.00066
2026-03-04 18:33:47,370 - Knowledge - INFO - Worker kw18 processing /app/data/T0015/329083/b8924gk/shopizer-329083/sm-core/src/main/java/com/salesmanager/core/business/reference/country/dao/CountryDao.java
2026-03-04 18:33:49,200 - Knowledge - INFO - done ingest for /app/data/T0015/329083/b8924gk/shopizer-329083/sm-core/src/main/java/com/salesmanager/core/business/merchant/service/MerchantStoreServiceImpl.java
2026-03-04 18:33:49,413 - Knowledge - INFO - Processing batch of 8 files
2026-03-04 18:33:49,491 - Knowledge - INFO - Processing batch of 8 files
2026-03-04 18:33:49,543 - Knowledge - INFO - Fast-tracked /app/data/T0015/329083/b8924gk/shopizer-329083/sm-core/src/main/java/com/salesmanager/core/business/reference/country/dao/CountryDao.java (ext=.java, size=442)
2026-03-04 18:33:49,624 - Knowledge - INFO - process ingested knowledge for /app/data/T0015/329083/b8924gk/shopizer-329083/sm-core/src/main/java/com/salesmanager/core/business/tax/model/taxrate/TaxRateDescription.java
2026-03-04 18:33:50,072 - Knowledge - INFO - process ingested knowledge for /app/data/T0015/329083/b8924gk/shopizer-329083/sm-core/src/main/java/com/salesmanager/core/business/catalog/product/service/price/ProductPriceService.java
2026-03-04 18:33:50,170 - Knowledge - INFO - process ingested knowledge for /app/data/T0015/329083/b8924gk/shopizer-329083/sm-core/src/main/java/com/salesmanager/core/business/catalog/product/service/attribute/ProductOptionValueServiceImpl.java
2026-03-04 18:33:50,590 - Knowledge - INFO - Worker kw18 processing /app/data/T0015/329083/b8924gk/shopizer-329083/sm-core/src/main/java/com/salesmanager/core/business/reference/country/dao/CountryDaoImpl.java
2026-03-04 18:33:50,611 - Knowledge - INFO - Async storing batch of 8 embeddings
2026-03-04 18:33:50,657 - Knowledge - INFO - process ingested knowledge for /app/data/T0015/329083/b8924gk/shopizer-329083/sm-core/src/main/java/com/salesmanager/core/business/content/service/ContentServiceImpl.java
2026-03-04 18:33:50,795 - Knowledge - INFO - [LLM_CALL] Completed: SystemNotification.java:chunk1, Duration: 103728ms, PromptTokens: 2324, CompletionTokens: 856, Cost: $0.00057
2026-03-04 18:33:51,352 - Knowledge - INFO - Fast-tracked /app/data/T0015/329083/b8924gk/shopizer-329083/sm-core/src/main/java/com/salesmanager/core/business/reference/country/dao/CountryDaoImpl.java (ext=.java, size=1235)
2026-03-04 18:33:51,759 - Knowledge - INFO - Worker kw2 processing /app/data/T0015/329083/b8924gk/shopizer-329083/sm-core/src/main/java/com/salesmanager/core/business/reference/country/service/CountryService.java
2026-03-04 18:33:51,842 - Knowledge - INFO - done ingest for /app/data/T0015/329083/b8924gk/shopizer-329083/sm-core/src/main/java/com/salesmanager/core/business/system/model/SystemNotification.java
2026-03-04 18:33:51,849 - Knowledge - INFO - [LLM_CALL] Completed: CategoryServiceImpl.java:chunk1, Duration: 58185ms, PromptTokens: 5748, CompletionTokens: 1115, Cost: $0.00102
2026-03-04 18:33:52,021 - Knowledge - INFO - process ingested knowledge for /app/data/T0015/329083/b8924gk/shopizer-329083/sm-core/src/main/java/com/salesmanager/core/business/tax/model/TaxConfiguration.java
2026-03-04 18:33:52,048 - Knowledge - INFO - process ingested knowledge for /app/data/T0015/329083/b8924gk/shopizer-329083/sm-core/src/main/java/com/salesmanager/core/business/catalog/product/service/price/ProductPriceServiceImpl.java
2026-03-04 18:33:52,070 - Knowledge - INFO - process ingested knowledge for /app/data/T0015/329083/b8924gk/shopizer-329083/sm-core/src/main/java/com/salesmanager/core/business/catalog/product/service/attribute/ProductAttributeService.java
2026-03-04 18:33:52,204 - Knowledge - INFO - Fast-tracked /app/data/T0015/329083/b8924gk/shopizer-329083/sm-core/src/main/java/com/salesmanager/core/business/reference/country/service/CountryService.java (ext=.java, size=1024)
2026-03-04 18:33:52,454 - Knowledge - INFO - done ingest for /app/data/T0015/329083/b8924gk/shopizer-329083/sm-core/src/main/java/com/salesmanager/core/business/catalog/category/service/CategoryServiceImpl.java
2026-03-04 18:33:53,423 - Knowledge - INFO - [LLM_CALL] Completed: IntegrationConfiguration.java:chunk1, Duration: 94360ms, PromptTokens: 2800, CompletionTokens: 614, Cost: $0.00053
2026-03-04 18:33:53,632 - Knowledge - INFO - Worker kw2 processing /app/data/T0015/329083/b8924gk/shopizer-329083/sm-core/src/main/java/com/salesmanager/core/business/reference/country/service/CountryServiceImpl.java
2026-03-04 18:33:53,910 - Knowledge - INFO - process ingested knowledge for /app/data/T0015/329083/b8924gk/shopizer-329083/sm-core/src/main/java/com/salesmanager/core/business/content/model/ContentPosition.java
2026-03-04 18:33:54,359 - Knowledge - INFO - done ingest for /app/data/T0015/329083/b8924gk/shopizer-329083/sm-core/src/main/java/com/salesmanager/core/business/system/model/IntegrationConfiguration.java
2026-03-04 18:33:54,381 - Knowledge - INFO - [LLM_CALL] Completed: DigitalProductServiceImpl.java:chunk1, Duration: 54310ms, PromptTokens: 2322, CompletionTokens: 570, Cost: $0.00046
2026-03-04 18:33:54,562 - Knowledge - INFO - Worker kw2 processing /app/data/T0015/329083/b8924gk/shopizer-329083/sm-core/src/main/java/com/salesmanager/core/business/reference/country/model/CountryDescription.java
2026-03-04 18:33:55,023 - Knowledge - INFO - done ingest for /app/data/T0015/329083/b8924gk/shopizer-329083/sm-core/src/main/java/com/salesmanager/core/business/catalog/product/service/file/DigitalProductServiceImpl.java
2026-03-04 18:33:55,161 - Knowledge - INFO - [LLM_CALL] Completed: CustomerOptionValueDaoImpl.java:chunk1, Duration: 86406ms, PromptTokens: 2108, CompletionTokens: 443, Cost: $0.00039
2026-03-04 18:33:55,383 - Knowledge - INFO - Fast-tracked /app/data/T0015/329083/b8924gk/shopizer-329083/sm-core/src/main/java/com/salesmanager/core/business/reference/country/model/CountryDescription.java (ext=.java, size=1079)
2026-03-04 18:33:55,468 - Knowledge - INFO - process ingested knowledge for /app/data/T0015/329083/b8924gk/shopizer-329083/sm-core/src/main/java/com/salesmanager/core/business/catalog/product/service/availability/ProductAvailabilityService.java
2026-03-04 18:33:55,539 - Knowledge - INFO - process ingested knowledge for /app/data/T0015/329083/b8924gk/shopizer-329083/sm-core/src/main/java/com/salesmanager/core/business/catalog/product/service/attribute/ProductOptionServiceImpl.java
2026-03-04 18:33:55,560 - Knowledge - INFO - process ingested knowledge for /app/data/T0015/329083/b8924gk/shopizer-329083/sm-core/src/main/java/com/salesmanager/core/business/content/model/OutputContentFile.java
2026-03-04 18:33:55,610 - Knowledge - INFO - process ingested knowledge for /app/data/T0015/329083/b8924gk/shopizer-329083/sm-core/src/main/java/com/salesmanager/core/business/tax/model/taxclass/TaxClass.java
2026-03-04 18:33:55,796 - Knowledge - INFO - done ingest for /app/data/T0015/329083/b8924gk/shopizer-329083/sm-core/src/main/java/com/salesmanager/core/business/customer/dao/attribute/CustomerOptionValueDaoImpl.java
2026-03-04 18:33:55,837 - Knowledge - INFO - [LLM_CALL] Completed: ProductReviewDaoImpl.java:chunk1, Duration: 53213ms, PromptTokens: 3728, CompletionTokens: 597, Cost: $0.00061
2026-03-04 18:33:56,000 - Knowledge - INFO - Worker kw2 processing /app/data/T0015/329083/b8924gk/shopizer-329083/sm-core/src/main/java/com/salesmanager/core/business/reference/country/model/Country.java
2026-03-04 18:33:56,482 - Knowledge - INFO - Fast-tracked /app/data/T0015/329083/b8924gk/shopizer-329083/sm-core/src/main/java/com/salesmanager/core/business/catalog/product/model/price/FinalPrice.java (small file (2333 bytes))
2026-03-04 18:33:56,709 - Knowledge - INFO - process ingested knowledge for /app/data/T0015/329083/b8924gk/shopizer-329083/sm-core/src/main/java/com/salesmanager/core/business/catalog/product/service/availability/ProductAvailabilityServiceImpl.java
2026-03-04 18:33:56,730 - Knowledge - INFO - process ingested knowledge for /app/data/T0015/329083/b8924gk/shopizer-329083/sm-core/src/main/java/com/salesmanager/core/business/content/model/ImageContentFile.java
2026-03-04 18:33:56,755 - Knowledge - INFO - process ingested knowledge for /app/data/T0015/329083/b8924gk/shopizer-329083/sm-core/src/main/java/com/salesmanager/core/business/catalog/product/service/attribute/ProductOptionService.java
2026-03-04 18:33:56,907 - Knowledge - INFO - process ingested knowledge for /app/data/T0015/329083/b8924gk/shopizer-329083/sm-core/src/main/java/com/salesmanager/core/business/content/dao/ContentDaoImpl.java
2026-03-04 18:33:56,995 - Knowledge - INFO - Fast-tracked /app/data/T0015/329083/b8924gk/shopizer-329083/sm-core/src/main/java/com/salesmanager/core/business/reference/language/service/LanguageServiceImpl.java (small file (2473 bytes))
2026-03-04 18:33:57,207 - Knowledge - INFO - done ingest for /app/data/T0015/329083/b8924gk/shopizer-329083/sm-core/src/main/java/com/salesmanager/core/business/catalog/product/dao/review/ProductReviewDaoImpl.java
2026-03-04 18:33:57,309 - Knowledge - INFO - [WEBSOCKET] Sent: Type=progress_update, Size: 294, Duration: 0ms
2026-03-04 18:33:57,496 - Knowledge - INFO - Worker kw2 processing /app/data/T0015/329083/b8924gk/shopizer-329083/sm-core/src/main/java/com/salesmanager/core/business/reference/init/service/InitializationDatabase.java
2026-03-04 18:33:57,782 - Knowledge - INFO - [kw1] Queue=835, InProgress=0, PendingWorkers=20/20, Completed=224/1167 (19.2%)
2026-03-04 18:33:58,015 - Knowledge - INFO - process ingested knowledge for /app/data/T0015/329083/b8924gk/shopizer-329083/sm-core/src/main/java/com/salesmanager/core/business/catalog/product/service/PricingServiceImpl.java
2026-03-04 18:33:58,553 - Knowledge - INFO - process ingested knowledge for /app/data/T0015/329083/b8924gk/shopizer-329083/sm-core/src/main/java/com/salesmanager/core/business/content/model/ContentType.java
2026-03-04 18:33:58,563 - Knowledge - INFO - process ingested knowledge for /app/data/T0015/329083/b8924gk/shopizer-329083/sm-core/src/main/java/com/salesmanager/core/business/catalog/product/service/ProductService.java
2026-03-04 18:33:58,913 - Knowledge - INFO - Fast-tracked /app/data/T0015/329083/b8924gk/shopizer-329083/sm-core/src/main/java/com/salesmanager/core/business/reference/language/model/Language.java (small file (2954 bytes))
2026-03-04 18:33:59,058 - Knowledge - INFO - [LLM_CALL] Completed: ProductDaoImpl.java:chunk1, Duration: 68195ms, PromptTokens: 15420, CompletionTokens: 684, Cost: $0.00182
2026-03-04 18:33:59,154 - Knowledge - INFO - Fast-tracked /app/data/T0015/329083/b8924gk/shopizer-329083/sm-core/src/main/java/com/salesmanager/core/business/reference/init/service/InitializationDatabase.java (ext=.java, size=261)
2026-03-04 18:33:59,455 - Knowledge - INFO - Batch sizing: calculated=8, max_allowed=10, queue=835, active_workers=20/20
2026-03-04 18:34:00,044 - Knowledge - INFO - Async storage completed for 10 embeddings
2026-03-04 18:34:00,205 - Knowledge - INFO - process ingested knowledge for /app/data/T0015/329083/b8924gk/shopizer-329083/sm-core/src/main/java/com/salesmanager/core/business/catalog/product/model/file/ProductImageSize.java
2026-03-04 18:34:00,234 - Knowledge - INFO - process ingested knowledge for /app/data/T0015/329083/b8924gk/shopizer-329083/sm-core/src/main/java/com/salesmanager/core/business/content/model/FileContentType.java
2026-03-04 18:34:00,259 - Knowledge - INFO - done ingest for /app/data/T0015/329083/b8924gk/shopizer-329083/sm-core/src/main/java/com/salesmanager/core/business/catalog/product/dao/ProductDaoImpl.java
2026-03-04 18:34:00,317 - Knowledge - INFO - process ingested knowledge for /app/data/T0015/329083/b8924gk/shopizer-329083/sm-core/src/main/java/com/salesmanager/core/business/catalog/product/service/review/ProductReviewService.java
2026-03-04 18:34:00,332 - Knowledge - INFO - [LLM_CALL] Completed: MerchantConfig.java:chunk1, Duration: 123379ms, PromptTokens: 2242, CompletionTokens: 616, Cost: $0.00047
2026-03-04 18:34:00,506 - Knowledge - INFO - Async storage completed for 10 embeddings
2026-03-04 18:34:00,757 - Knowledge - INFO - Worker kw2 processing /app/data/T0015/329083/b8924gk/shopizer-329083/sm-core/src/main/java/com/salesmanager/core/business/reference/init/service/InitializationDatabaseImpl.java
2026-03-04 18:34:01,836 - Knowledge - INFO - process ingested knowledge for /app/data/T0015/329083/b8924gk/shopizer-329083/sm-core/src/main/java/com/salesmanager/core/business/catalog/product/model/file/DigitalProduct.java
2026-03-04 18:34:01,860 - Knowledge - INFO - process ingested knowledge for /app/data/T0015/329083/b8924gk/shopizer-329083/sm-core/src/main/java/com/salesmanager/core/business/catalog/product/service/review/ProductReviewServiceImpl.java
2026-03-04 18:34:01,925 - Knowledge - INFO - done ingest for /app/data/T0015/329083/b8924gk/shopizer-329083/sm-core/src/main/java/com/salesmanager/core/business/system/model/MerchantConfig.java
2026-03-04 18:34:01,938 - Knowledge - INFO - [WEBSOCKET] Sent: Type=unknown, Size: ?, Duration: 4646ms
2026-03-04 18:34:02,398 - Knowledge - INFO - Worker kw2 processing /app/data/T0015/329083/b8924gk/shopizer-329083/sm-core/src/main/java/com/salesmanager/core/business/reference/zone/dao/ZoneDao.java
2026-03-04 18:34:03,145 - Knowledge - INFO - Progress: 19.2% | Files: 224/1167 | Rate: 1.15 files/sec | Queue: 827
2026-03-04 18:34:03,181 - Knowledge - INFO - [LLM_CALL] Completed: CategoryDaoImpl.java:chunk1, Duration: 77619ms, PromptTokens: 6824, CompletionTokens: 909, Cost: $0.00105
2026-03-04 18:34:03,478 - Knowledge - INFO - Fast-tracked /app/data/T0015/329083/b8924gk/shopizer-329083/sm-core/src/main/java/com/salesmanager/core/business/reference/zone/dao/ZoneDao.java (ext=.java, size=562)
2026-03-04 18:34:03,781 - Knowledge - INFO - done ingest for /app/data/T0015/329083/b8924gk/shopizer-329083/sm-core/src/main/java/com/salesmanager/core/business/catalog/category/dao/CategoryDaoImpl.java
2026-03-04 18:34:03,804 - Knowledge - INFO - [LLM_CALL] Completed: MerchantStore.java:chunk1, Duration: 130168ms, PromptTokens: 5144, CompletionTokens: 1544, Cost: $0.00113
2026-03-04 18:34:03,915 - Knowledge - INFO - Worker kw2 processing /app/data/T0015/329083/b8924gk/shopizer-329083/sm-core/src/main/java/com/salesmanager/core/business/reference/zone/dao/ZoneDaoImpl.java
2026-03-04 18:34:04,070 - Knowledge - INFO - process ingested knowledge for /app/data/T0015/329083/b8924gk/shopizer-329083/sm-core/src/main/java/com/salesmanager/core/business/catalog/product/model/description/ProductDescription.java
2026-03-04 18:34:04,316 - Knowledge - INFO - done ingest for /app/data/T0015/329083/b8924gk/shopizer-329083/sm-core/src/main/java/com/salesmanager/core/business/merchant/model/MerchantStore.java
2026-03-04 18:34:04,359 - Knowledge - INFO - Async storing batch of 8 embeddings
2026-03-04 18:34:04,387 - Knowledge - INFO - [LLM_CALL] Completed: Category.java:chunk1, Duration: 75757ms, PromptTokens: 3002, CompletionTokens: 701, Cost: $0.00058
2026-03-04 18:34:04,722 - Knowledge - INFO - Fast-tracked /app/data/T0015/329083/b8924gk/shopizer-329083/sm-core/src/main/java/com/salesmanager/core/business/reference/zone/dao/ZoneDaoImpl.java (ext=.java, size=1770)
2026-03-04 18:34:05,196 - Knowledge - INFO - [kw12] Queue=827, InProgress=0, PendingWorkers=20/20, Completed=224/1167 (19.2%)
2026-03-04 18:34:05,308 - Knowledge - INFO - Worker kw1 processing /app/data/T0015/329083/b8924gk/shopizer-329083/sm-core/src/main/java/com/salesmanager/core/business/reference/zone/imports/ZoneTransient.java
2026-03-04 18:34:05,542 - Knowledge - INFO - done ingest for /app/data/T0015/329083/b8924gk/shopizer-329083/sm-core/src/main/java/com/salesmanager/core/business/catalog/category/model/Category.java
2026-03-04 18:34:05,630 - Knowledge - INFO - [LLM_CALL] Completed: CustomerAttributeDaoImpl.java:chunk1, Duration: 109681ms, PromptTokens: 3188, CompletionTokens: 602, Cost: $0.00056
2026-03-04 18:34:05,989 - Knowledge - INFO - Batch sizing: calculated=8, max_allowed=10, queue=827, active_workers=20/20
2026-03-04 18:34:06,372 - Knowledge - INFO - Fast-tracked /app/data/T0015/329083/b8924gk/shopizer-329083/sm-core/src/main/java/com/salesmanager/core/business/reference/zone/imports/ZoneTransient.java (ext=.java, size=611)
2026-03-04 18:34:06,820 - Knowledge - INFO - done ingest for /app/data/T0015/329083/b8924gk/shopizer-329083/sm-core/src/main/java/com/salesmanager/core/business/customer/dao/attribute/CustomerAttributeDaoImpl.java
2026-03-04 18:34:06,837 - Knowledge - INFO - [LLM_CALL] Completed: ProductRelationshipDaoImpl.java:chunk1, Duration: 59119ms, PromptTokens: 4654, CompletionTokens: 470, Cost: $0.00065
2026-03-04 18:34:07,232 - Knowledge - INFO - Worker kw1 processing /app/data/T0015/329083/b8924gk/shopizer-329083/sm-core/src/main/java/com/salesmanager/core/business/reference/zone/imports/ZoneLoader.java
2026-03-04 18:34:08,427 - Knowledge - INFO - done ingest for /app/data/T0015/329083/b8924gk/shopizer-329083/sm-core/src/main/java/com/salesmanager/core/business/catalog/product/dao/relationship/ProductRelationshipDaoImpl.java
2026-03-04 18:34:08,634 - Knowledge - INFO - Fast-tracked /app/data/T0015/329083/b8924gk/shopizer-329083/sm-core/src/main/java/com/salesmanager/core/business/reference/zone/imports/ZoneLoader.java (ext=.java, size=987)
2026-03-04 18:34:09,042 - Knowledge - INFO - process ingested knowledge for /app/data/T0015/329083/b8924gk/shopizer-329083/sm-core/src/main/java/com/salesmanager/core/business/catalog/product/service/relationship/ProductRelationshipService.java
2026-03-04 18:34:09,216 - Knowledge - INFO - Worker kw1 processing /app/data/T0015/329083/b8924gk/shopizer-329083/sm-core/src/main/java/com/salesmanager/core/business/reference/zone/service/ZoneService.java
2026-03-04 18:34:09,856 - Knowledge - INFO - [LLM_CALL] Completed: CustomerOptionDaoImpl.java:chunk1, Duration: 89846ms, PromptTokens: 2128, CompletionTokens: 490, Cost: $0.00041
2026-03-04 18:34:10,056 - Knowledge - INFO - Fast-tracked /app/data/T0015/329083/b8924gk/shopizer-329083/sm-core/src/main/java/com/salesmanager/core/business/reference/zone/service/ZoneService.java (ext=.java, size=910)
2026-03-04 18:34:10,374 - Knowledge - INFO - done ingest for /app/data/T0015/329083/b8924gk/shopizer-329083/sm-core/src/main/java/com/salesmanager/core/business/customer/dao/attribute/CustomerOptionDaoImpl.java
2026-03-04 18:34:10,525 - Knowledge - INFO - Worker kw1 processing /app/data/T0015/329083/b8924gk/shopizer-329083/sm-core/src/main/java/com/salesmanager/core/business/reference/zone/service/ZoneServiceImpl.java
2026-03-04 18:34:11,024 - Knowledge - INFO - Async storing batch of 10 embeddings
2026-03-04 18:34:11,059 - Knowledge - INFO - Worker kw1 processing /app/data/T0015/329083/b8924gk/shopizer-329083/sm-core/src/main/java/com/salesmanager/core/business/reference/zone/model/ZoneDescription.java
2026-03-04 18:34:11,351 - Knowledge - INFO - Fast-tracked /app/data/T0015/329083/b8924gk/shopizer-329083/sm-core/src/main/java/com/salesmanager/core/business/reference/country/model/Country.java (small file (3056 bytes))
2026-03-04 18:34:11,474 - Knowledge - INFO - Worker kw12 processing /app/data/T0015/329083/b8924gk/shopizer-329083/sm-core/src/main/java/com/salesmanager/core/business/reference/currency/service/CurrencyService.java
2026-03-04 18:34:12,225 - Knowledge - INFO - Fast-tracked /app/data/T0015/329083/b8924gk/shopizer-329083/sm-core/src/main/java/com/salesmanager/core/business/reference/zone/model/ZoneDescription.java (ext=.java, size=1017)
2026-03-04 18:34:12,526 - Knowledge - INFO - [LLM_CALL] Completed: Content.java:chunk1, Duration: 97698ms, PromptTokens: 2668, CompletionTokens: 765, Cost: $0.00057
2026-03-04 18:34:13,043 - Knowledge - INFO - Fast-tracked /app/data/T0015/329083/b8924gk/shopizer-329083/sm-core/src/main/java/com/salesmanager/core/business/reference/currency/service/CurrencyService.java (ext=.java, size=346)
2026-03-04 18:34:13,231 - Knowledge - INFO - Worker kw1 processing /app/data/T0015/329083/b8924gk/shopizer-329083/sm-core/src/main/java/com/salesmanager/core/business/reference/zone/model/Zone.java
2026-03-04 18:34:13,528 - Knowledge - INFO - done ingest for /app/data/T0015/329083/b8924gk/shopizer-329083/sm-core/src/main/java/com/salesmanager/core/business/content/model/Content.java
2026-03-04 18:34:13,602 - Knowledge - INFO - [LLM_CALL] Completed: CategoryService.java:chunk1, Duration: 96582ms, PromptTokens: 2186, CompletionTokens: 1380, Cost: $0.00077
2026-03-04 18:34:13,799 - Knowledge - INFO - Worker kw12 processing /app/data/T0015/329083/b8924gk/shopizer-329083/sm-core/src/main/java/com/salesmanager/core/business/reference/currency/service/CurrencyServiceImpl.java
2026-03-04 18:34:14,200 - Knowledge - INFO - Worker kw1 processing /app/data/T0015/329083/b8924gk/shopizer-329083/sm-core/src/main/java/com/salesmanager/core/business/reference/currency/dao/CurrencyDaoImpl.java
2026-03-04 18:34:14,683 - Knowledge - INFO - done ingest for /app/data/T0015/329083/b8924gk/shopizer-329083/sm-core/src/main/java/com/salesmanager/core/business/catalog/category/service/CategoryService.java
2026-03-04 18:34:14,780 - Knowledge - INFO - [LLM_CALL] Completed: ProductOption.java:chunk1, Duration: 46803ms, PromptTokens: 2554, CompletionTokens: 706, Cost: $0.00054
2026-03-04 18:34:15,085 - Knowledge - INFO - Fast-tracked /app/data/T0015/329083/b8924gk/shopizer-329083/sm-core/src/main/java/com/salesmanager/core/business/reference/currency/dao/CurrencyDaoImpl.java (ext=.java, size=881)
2026-03-04 18:34:15,130 - Knowledge - INFO - Fast-tracked /app/data/T0015/329083/b8924gk/shopizer-329083/sm-core/src/main/java/com/salesmanager/core/business/reference/currency/service/CurrencyServiceImpl.java (ext=.java, size=829)
2026-03-04 18:34:15,501 - Knowledge - INFO - done ingest for /app/data/T0015/329083/b8924gk/shopizer-329083/sm-core/src/main/java/com/salesmanager/core/business/catalog/product/model/attribute/ProductOption.java
2026-03-04 18:34:15,526 - Knowledge - INFO - [LLM_CALL] Completed: ShoppingCartServiceImpl.java:chunk1, Duration: 112835ms, PromptTokens: 8046, CompletionTokens: 1103, Cost: $0.00125
2026-03-04 18:34:15,709 - Knowledge - INFO - Async storage completed for 8 embeddings
2026-03-04 18:34:15,715 - Knowledge - INFO - Worker kw1 processing /app/data/T0015/329083/b8924gk/shopizer-329083/sm-core/src/main/java/com/salesmanager/core/business/reference/currency/dao/CurrencyDao.java
2026-03-04 18:34:15,965 - Knowledge - INFO - Worker kw12 processing /app/data/T0015/329083/b8924gk/shopizer-329083/sm-core/src/main/java/com/salesmanager/core/business/reference/currency/model/Currency.java
2026-03-04 18:34:16,229 - Knowledge - INFO - done ingest for /app/data/T0015/329083/b8924gk/shopizer-329083/sm-core/src/main/java/com/salesmanager/core/business/shoppingcart/service/ShoppingCartServiceImpl.java
2026-03-04 18:34:16,268 - Knowledge - INFO - [LLM_CALL] Completed: CustomerDAOImpl.java:chunk1, Duration: 133054ms, PromptTokens: 6454, CompletionTokens: 676, Cost: $0.00092
2026-03-04 18:34:16,665 - Knowledge - INFO - Fast-tracked /app/data/T0015/329083/b8924gk/shopizer-329083/sm-core/src/main/java/com/salesmanager/core/business/reference/currency/dao/CurrencyDao.java (ext=.java, size=291)
2026-03-04 18:34:16,882 - Knowledge - INFO - [kw14] Queue=819, InProgress=0, PendingWorkers=20/20, Completed=226/1167 (19.4%)
2026-03-04 18:34:16,882 - Knowledge - INFO - Worker kw12 processing /app/data/T0015/329083/b8924gk/shopizer-329083/sm-core/src/main/java/com/salesmanager/core/business/reference/geozone/model/GeoZoneDescription.java
2026-03-04 18:34:17,150 - Knowledge - INFO - done ingest for /app/data/T0015/329083/b8924gk/shopizer-329083/sm-core/src/main/java/com/salesmanager/core/business/customer/dao/CustomerDAOImpl.java
2026-03-04 18:34:17,172 - Knowledge - INFO - [LLM_CALL] Completed: IntegrationModule.java:chunk1, Duration: 106566ms, PromptTokens: 2722, CompletionTokens: 1022, Cost: $0.00068
2026-03-04 18:34:17,465 - Knowledge - INFO - Batch sizing: calculated=8, max_allowed=10, queue=819, active_workers=20/20
2026-03-04 18:34:17,714 - Knowledge - INFO - Fast-tracked /app/data/T0015/329083/b8924gk/shopizer-329083/sm-core/src/main/java/com/salesmanager/core/business/reference/geozone/model/GeoZoneDescription.java (ext=.java, size=866)
2026-03-04 18:34:17,913 - Knowledge - INFO - done ingest for /app/data/T0015/329083/b8924gk/shopizer-329083/sm-core/src/main/java/com/salesmanager/core/business/system/model/IntegrationModule.java
2026-03-04 18:34:17,915 - Knowledge - INFO - [LLM_CALL] Completed: ProductReview.java:chunk1, Duration: 48474ms, PromptTokens: 2442, CompletionTokens: 681, Cost: $0.00052
2026-03-04 18:34:17,973 - Knowledge - WARNING - Timeout processing /app/data/T0015/329083/b8924gk/shopizer-329083/sm-core/src/main/java/com/salesmanager/core/business/shoppingcart/model/ShoppingCart.java after 90s - using fallback metadata
2026-03-04 18:34:18,195 - Knowledge - INFO - Worker kw12 processing /app/data/T0015/329083/b8924gk/shopizer-329083/sm-core/src/main/java/com/salesmanager/core/business/reference/geozone/model/GeoZone.java
2026-03-04 18:34:18,466 - Knowledge - INFO - done ingest for /app/data/T0015/329083/b8924gk/shopizer-329083/sm-core/src/main/java/com/salesmanager/core/business/catalog/product/model/review/ProductReview.java
2026-03-04 18:34:18,494 - Knowledge - INFO - [LLM_CALL] Completed: ProductOptionValueDaoImpl.java:chunk1, Duration: 92659ms, PromptTokens: 2778, CompletionTokens: 528, Cost: $0.00049
2026-03-04 18:34:18,818 - Knowledge - WARNING - Timeout processing /app/data/T0015/329083/b8924gk/shopizer-329083/sm-core/src/main/java/com/salesmanager/core/business/shoppingcart/model/ShoppingCartItem.java after 90s - using fallback metadata
2026-03-04 18:34:19,041 - Knowledge - INFO - Worker kw12 processing /app/data/T0015/329083/b8924gk/shopizer-329083/sm-core/src/main/java/com/salesmanager/core/business/user/dao/GroupDao.java
2026-03-04 18:34:19,335 - Knowledge - INFO - done ingest for /app/data/T0015/329083/b8924gk/shopizer-329083/sm-core/src/main/java/com/salesmanager/core/business/catalog/product/dao/attribute/ProductOptionValueDaoImpl.java
2026-03-04 18:34:19,420 - Knowledge - WARNING - Timeout processing /app/data/T0015/329083/b8924gk/shopizer-329083/sm-core/src/main/java/com/salesmanager/core/business/shoppingcart/model/ShoppingCartAttributeItem.java after 90s - using fallback metadata
2026-03-04 18:34:19,437 - Knowledge - INFO - [LLM_CALL] Completed: CatalogServiceHelper.java:chunk1, Duration: 26904ms, PromptTokens: 2126, CompletionTokens: 522, Cost: $0.00042
2026-03-04 18:34:19,656 - Knowledge - INFO - Fast-tracked /app/data/T0015/329083/b8924gk/shopizer-329083/sm-core/src/main/java/com/salesmanager/core/business/user/dao/GroupDao.java (ext=.java, size=533)
2026-03-04 18:34:20,232 - Knowledge - INFO - done ingest for /app/data/T0015/329083/b8924gk/shopizer-329083/sm-core/src/main/java/com/salesmanager/core/business/catalog/common/CatalogServiceHelper.java
2026-03-04 18:34:20,256 - Knowledge - INFO - [LLM_CALL] Completed: ProductServiceImpl.java:chunk1, Duration: 73601ms, PromptTokens: 6142, CompletionTokens: 1289, Cost: $0.00113
2026-03-04 18:34:20,411 - Knowledge - INFO - Worker kw12 processing /app/data/T0015/329083/b8924gk/shopizer-329083/sm-core/src/main/java/com/salesmanager/core/business/user/dao/UserDaoImpl.java
2026-03-04 18:34:20,696 - Knowledge - INFO - done ingest for /app/data/T0015/329083/b8924gk/shopizer-329083/sm-core/src/main/java/com/salesmanager/core/business/catalog/product/service/ProductServiceImpl.java
2026-03-04 18:34:20,716 - Knowledge - INFO - [LLM_CALL] Completed: PricingService.java:chunk1, Duration: 61920ms, PromptTokens: 2178, CompletionTokens: 560, Cost: $0.00044
2026-03-04 18:34:20,862 - Knowledge - INFO - Worker kw12 processing /app/data/T0015/329083/b8924gk/shopizer-329083/sm-core/src/main/java/com/salesmanager/core/business/user/dao/PermissionDao.java
2026-03-04 18:34:21,016 - Knowledge - INFO - Fast-tracked /app/data/T0015/329083/b8924gk/shopizer-329083/sm-core/src/main/java/com/salesmanager/core/business/reference/zone/model/Zone.java (small file (2358 bytes))
2026-03-04 18:34:21,204 - Knowledge - INFO - done ingest for /app/data/T0015/329083/b8924gk/shopizer-329083/sm-core/src/main/java/com/salesmanager/core/business/catalog/product/service/PricingService.java
2026-03-04 18:34:21,319 - Knowledge - INFO - [LLM_CALL] Completed: MerchantConfiguration.java:chunk1, Duration: 100152ms, PromptTokens: 2186, CompletionTokens: 597, Cost: $0.00046
2026-03-04 18:34:21,330 - Knowledge - INFO - Async storing batch of 10 embeddings
2026-03-04 18:34:21,402 - Knowledge - INFO - Fast-tracked /app/data/T0015/329083/b8924gk/shopizer-329083/sm-core/src/main/java/com/salesmanager/core/business/user/dao/PermissionDao.java (ext=.java, size=686)
2026-03-04 18:34:21,590 - Knowledge - INFO - Async storage completed for 8 embeddings
2026-03-04 18:34:21,914 - Knowledge - INFO - done ingest for /app/data/T0015/329083/b8924gk/shopizer-329083/sm-core/src/main/java/com/salesmanager/core/business/system/model/MerchantConfiguration.java
2026-03-04 18:34:21,919 - Knowledge - INFO - Processing batch of 8 files
2026-03-04 18:34:22,258 - Knowledge - INFO - Worker kw14 processing /app/data/T0015/329083/b8924gk/shopizer-329083/sm-core/src/main/java/com/salesmanager/core/business/user/dao/UserDao.java
2026-03-04 18:34:22,443 - Knowledge - INFO - Fast-tracked /app/data/T0015/329083/b8924gk/shopizer-329083/sm-core/src/main/java/com/salesmanager/core/business/reference/currency/model/Currency.java (small file (2165 bytes))
2026-03-04 18:34:22,993 - Knowledge - INFO - process ingested knowledge for /app/data/T0015/329083/b8924gk/shopizer-329083/sm-core/src/main/java/com/salesmanager/core/business/catalog/category/service/CategoryService.java
2026-03-04 18:34:23,213 - Knowledge - INFO - Fast-tracked /app/data/T0015/329083/b8924gk/shopizer-329083/sm-core/src/main/java/com/salesmanager/core/business/user/dao/UserDao.java (ext=.java, size=479)
2026-03-04 18:34:23,423 - Knowledge - INFO - Fast-tracked /app/data/T0015/329083/b8924gk/shopizer-329083/sm-core/src/main/java/com/salesmanager/core/business/reference/geozone/model/GeoZone.java (small file (2181 bytes))
2026-03-04 18:34:23,589 - Knowledge - INFO - Worker kw14 processing /app/data/T0015/329083/b8924gk/shopizer-329083/sm-core/src/main/java/com/salesmanager/core/business/user/dao/GroupDaoImpl.java
2026-03-04 18:34:23,835 - Knowledge - INFO - [WEBSOCKET] Sent: Type=progress_update, Size: 296, Duration: 0ms
2026-03-04 18:34:23,859 - Knowledge - INFO - Worker kw14 processing /app/data/T0015/329083/b8924gk/shopizer-329083/sm-core/src/main/java/com/salesmanager/core/business/user/dao/PermissionDaoImpl.java
2026-03-04 18:34:23,865 - Knowledge - INFO - Fast-tracked /app/data/T0015/329083/b8924gk/shopizer-329083/sm-core/src/main/java/com/salesmanager/core/business/user/dao/UserDaoImpl.java (small file (2269 bytes))
2026-03-04 18:34:24,164 - Knowledge - INFO - [WEBSOCKET] Sent: Type=unknown, Size: ?, Duration: 329ms
2026-03-04 18:34:24,354 - Knowledge - INFO - Worker kw14 processing /app/data/T0015/329083/b8924gk/shopizer-329083/sm-core/src/main/java/com/salesmanager/core/business/user/service/GroupServiceImpl.java
2026-03-04 18:34:24,701 - Knowledge - INFO - Async storage completed for 10 embeddings
2026-03-04 18:34:24,886 - Knowledge - INFO - process ingested knowledge for /app/data/T0015/329083/b8924gk/shopizer-329083/sm-core/src/main/java/com/salesmanager/core/business/catalog/category/model/CategoryDescription.java
2026-03-04 18:34:24,959 - Knowledge - INFO - Progress: 21.9% | Files: 266/1167 | Rate: 1.21 files/sec | Queue: 811
2026-03-04 18:34:25,010 - Knowledge - INFO - [LLM_CALL] Completed: ManufacturerServiceImpl.java:chunk1, Duration: 63679ms, PromptTokens: 2076, CompletionTokens: 672, Cost: $0.00048
2026-03-04 18:34:25,011 - Knowledge - INFO - [kw4] Queue=811, InProgress=0, PendingWorkers=20/20, Completed=267/1167 (22.9%)
2026-03-04 18:34:25,118 - Knowledge - INFO - Fast-tracked /app/data/T0015/329083/b8924gk/shopizer-329083/sm-core/src/main/java/com/salesmanager/core/business/user/service/GroupServiceImpl.java (ext=.java, size=1275)
2026-03-04 18:34:25,796 - Knowledge - INFO - done ingest for /app/data/T0015/329083/b8924gk/shopizer-329083/sm-core/src/main/java/com/salesmanager/core/business/catalog/product/service/manufacturer/ManufacturerServiceImpl.java
2026-03-04 18:34:25,803 - Knowledge - INFO - Processing batch of 8 files
2026-03-04 18:34:25,808 - Knowledge - INFO - Processing batch of 10 files
2026-03-04 18:34:25,902 - Knowledge - INFO - Processing batch of 10 files
2026-03-04 18:34:25,913 - Knowledge - INFO - process ingested knowledge for /app/data/T0015/329083/b8924gk/shopizer-329083/sm-core/src/main/java/com/salesmanager/core/business/catalog/category/model/Category.java
2026-03-04 18:34:25,949 - Knowledge - INFO - Processing batch of 8 files
2026-03-04 18:34:26,028 - Knowledge - INFO - Batch sizing: calculated=8, max_allowed=10, queue=811, active_workers=20/20
2026-03-04 18:34:26,117 - Knowledge - INFO - Worker kw14 processing /app/data/T0015/329083/b8924gk/shopizer-329083/sm-core/src/main/java/com/salesmanager/core/business/user/service/UserService.java
2026-03-04 18:34:26,211 - Knowledge - INFO - [kw3] Queue=811, InProgress=0, PendingWorkers=20/20, Completed=281/1167 (24.1%)
2026-03-04 18:34:26,287 - Knowledge - INFO - [WEBSOCKET] Sent: Type=progress_update, Size: 296, Duration: 0ms
2026-03-04 18:34:26,338 - Knowledge - INFO - process ingested knowledge for /app/data/T0015/329083/b8924gk/shopizer-329083/sm-core/src/main/java/com/salesmanager/core/business/content/model/StaticContentFile.java
2026-03-04 18:34:26,575 - Knowledge - INFO - process ingested knowledge for /app/data/T0015/329083/b8924gk/shopizer-329083/sm-core/src/main/java/com/salesmanager/core/business/merchant/service/MerchantStoreService.java
2026-03-04 18:34:26,732 - Knowledge - INFO - process ingested knowledge for /app/data/T0015/329083/b8924gk/shopizer-329083/sm-core/src/main/java/com/salesmanager/core/business/shoppingcart/service/ShoppingCartService.java
2026-03-04 18:34:26,882 - Knowledge - INFO - process ingested knowledge for /app/data/T0015/329083/b8924gk/shopizer-329083/sm-core/src/main/java/com/salesmanager/core/business/catalog/product/dao/file/DigitalProductDaoImpl.java
2026-03-04 18:34:27,060 - Knowledge - INFO - process ingested knowledge for /app/data/T0015/329083/b8924gk/shopizer-329083/sm-core/src/main/java/com/salesmanager/core/business/catalog/product/dao/availability/ProductAvailabilityDao.java
2026-03-04 18:34:27,318 - Knowledge - INFO - Fast-tracked /app/data/T0015/329083/b8924gk/shopizer-329083/sm-core/src/main/java/com/salesmanager/core/business/user/service/UserService.java (ext=.java, size=840)
2026-03-04 18:34:27,455 - Knowledge - INFO - Batch sizing: calculated=8, max_allowed=10, queue=811, active_workers=20/20
2026-03-04 18:34:27,572 - Knowledge - INFO - Processing batch of 8 files
2026-03-04 18:34:27,572 - Knowledge - INFO - Processing batch of 8 files
2026-03-04 18:34:27,579 - Knowledge - INFO - Processing batch of 8 files
2026-03-04 18:34:27,584 - Knowledge - INFO - Processing batch of 8 files
2026-03-04 18:34:27,585 - Knowledge - INFO - [LLM_CALL] Completed: ProductPrice.java:chunk1, Duration: 35093ms, PromptTokens: 2854, CompletionTokens: 785, Cost: $0.00060
2026-03-04 18:34:27,693 - Knowledge - INFO - process ingested knowledge for /app/data/T0015/329083/b8924gk/shopizer-329083/sm-core/src/main/java/com/salesmanager/core/business/content/model/InputContentFile.java
2026-03-04 18:34:27,830 - Knowledge - INFO - process ingested knowledge for /app/data/T0015/329083/b8924gk/shopizer-329083/sm-core/src/main/java/com/salesmanager/core/business/merchant/service/MerchantStoreServiceImpl.java
2026-03-04 18:34:27,901 - Knowledge - INFO - process ingested knowledge for /app/data/T0015/329083/b8924gk/shopizer-329083/sm-core/src/main/java/com/salesmanager/core/business/shoppingcart/model/ShoppingCart.java
2026-03-04 18:34:28,015 - Knowledge - INFO - process ingested knowledge for /app/data/T0015/329083/b8924gk/shopizer-329083/sm-core/src/main/java/com/salesmanager/core/business/catalog/product/dao/file/DigitalProductDao.java
2026-03-04 18:34:28,137 - Knowledge - INFO - process ingested knowledge for /app/data/T0015/329083/b8924gk/shopizer-329083/sm-core/src/main/java/com/salesmanager/core/business/catalog/product/dao/availability/ProductAvailabilityDaoImpl.java
2026-03-04 18:34:28,339 - Knowledge - INFO - Worker kw14 processing /app/data/T0015/329083/b8924gk/shopizer-329083/sm-core/src/main/java/com/salesmanager/core/business/user/service/PermissionServiceImpl.java
2026-03-04 18:34:28,907 - Knowledge - INFO - process ingested knowledge for /app/data/T0015/329083/b8924gk/shopizer-329083/sm-core/src/main/java/com/salesmanager/core/business/catalog/product/dao/attribute/ProductOptionValueDaoImpl.java
2026-03-04 18:34:29,046 - Knowledge - INFO - process ingested knowledge for /app/data/T0015/329083/b8924gk/shopizer-329083/sm-core/src/main/java/com/salesmanager/core/business/catalog/common/CatalogServiceHelper.java
2026-03-04 18:34:29,194 - Knowledge - INFO - process ingested knowledge for /app/data/T0015/329083/b8924gk/shopizer-329083/sm-core/src/main/java/com/salesmanager/core/business/system/model/MerchantConfig.java
2026-03-04 18:34:29,412 - Knowledge - INFO - process ingested knowledge for /app/data/T0015/329083/b8924gk/shopizer-329083/sm-core/src/main/java/com/salesmanager/core/business/reference/currency/service/CurrencyService.java
2026-03-04 18:34:29,509 - Knowledge - INFO - done ingest for /app/data/T0015/329083/b8924gk/shopizer-329083/sm-core/src/main/java/com/salesmanager/core/business/catalog/product/model/price/ProductPrice.java
2026-03-04 18:34:29,519 - Knowledge - INFO - Async storing batch of 8 embeddings
2026-03-04 18:34:29,536 - Knowledge - INFO - [LLM_CALL] Completed: ProductAttribute.java:chunk1, Duration: 59812ms, PromptTokens: 3278, CompletionTokens: 1015, Cost: $0.00073
2026-03-04 18:34:29,747 - Knowledge - INFO - process ingested knowledge for /app/data/T0015/329083/b8924gk/shopizer-329083/sm-core/src/main/java/com/salesmanager/core/business/content/model/Content.java
2026-03-04 18:34:29,918 - Knowledge - INFO - process ingested knowledge for /app/data/T0015/329083/b8924gk/shopizer-329083/sm-core/src/main/java/com/salesmanager/core/business/merchant/model/MerchantStore.java
2026-03-04 18:34:30,305 - Knowledge - INFO - process ingested knowledge for /app/data/T0015/329083/b8924gk/shopizer-329083/sm-core/src/main/java/com/salesmanager/core/business/shoppingcart/model/ShoppingCartItem.java
2026-03-04 18:34:30,397 - Knowledge - INFO - process ingested knowledge for /app/data/T0015/329083/b8924gk/shopizer-329083/sm-core/src/main/java/com/salesmanager/core/business/catalog/product/dao/attribute/ProductOptionDaoImpl.java
2026-03-04 18:34:30,558 - Knowledge - INFO - process ingested knowledge for /app/data/T0015/329083/b8924gk/shopizer-329083/sm-core/src/main/java/com/salesmanager/core/business/catalog/product/dao/ProductDaoImpl.java
2026-03-04 18:34:30,871 - Knowledge - INFO - Worker kw14 processing /app/data/T0015/329083/b8924gk/shopizer-329083/sm-core/src/main/java/com/salesmanager/core/business/user/service/UserServiceImpl.java
2026-03-04 18:34:31,029 - Knowledge - INFO - process ingested knowledge for /app/data/T0015/329083/b8924gk/shopizer-329083/sm-core/src/main/java/com/salesmanager/core/business/catalog/product/dao/attribute/ProductAttributeDaoImpl.java
2026-03-04 18:34:31,220 - Knowledge - INFO - process ingested knowledge for /app/data/T0015/329083/b8924gk/shopizer-329083/sm-core/src/main/java/com/salesmanager/core/business/reference/language/dao/LanguageDao.java
2026-03-04 18:34:31,370 - Knowledge - INFO - process ingested knowledge for /app/data/T0015/329083/b8924gk/shopizer-329083/sm-core/src/main/java/com/salesmanager/core/business/system/model/MerchantLog.java
2026-03-04 18:34:31,501 - Knowledge - INFO - process ingested knowledge for /app/data/T0015/329083/b8924gk/shopizer-329083/sm-core/src/main/java/com/salesmanager/core/business/reference/currency/service/CurrencyServiceImpl.java
2026-03-04 18:34:31,959 - Knowledge - INFO - Worker kw4 processing /app/data/T0015/329083/b8924gk/shopizer-329083/sm-core/src/main/java/com/salesmanager/core/business/user/service/GroupService.java
2026-03-04 18:34:32,100 - Knowledge - INFO - done ingest for /app/data/T0015/329083/b8924gk/shopizer-329083/sm-core/src/main/java/com/salesmanager/core/business/catalog/product/model/attribute/ProductAttribute.java
2026-03-04 18:34:32,108 - Knowledge - INFO - [WEBSOCKET] Sent: Type=unknown, Size: ?, Duration: 5821ms
2026-03-04 18:34:32,379 - Knowledge - INFO - process ingested knowledge for /app/data/T0015/329083/b8924gk/shopizer-329083/sm-core/src/main/java/com/salesmanager/core/business/content/model/ContentFile.java
2026-03-04 18:34:32,460 - Knowledge - INFO - process ingested knowledge for /app/data/T0015/329083/b8924gk/shopizer-329083/sm-core/src/main/java/com/salesmanager/core/business/shoppingcart/dao/ShoppingCartDaoImpl.java
2026-03-04 18:34:32,554 - Knowledge - INFO - process ingested knowledge for /app/data/T0015/329083/b8924gk/shopizer-329083/sm-core/src/main/java/com/salesmanager/core/business/shoppingcart/model/ShoppingCartAttributeItem.java
2026-03-04 18:34:32,631 - Knowledge - INFO - process ingested knowledge for /app/data/T0015/329083/b8924gk/shopizer-329083/sm-core/src/main/java/com/salesmanager/core/business/catalog/product/dao/attribute/ProductOptionDao.java
2026-03-04 18:34:32,721 - Knowledge - INFO - process ingested knowledge for /app/data/T0015/329083/b8924gk/shopizer-329083/sm-core/src/main/java/com/salesmanager/core/business/catalog/product/service/file/DigitalProductService.java
2026-03-04 18:34:32,821 - Knowledge - INFO - Fast-tracked /app/data/T0015/329083/b8924gk/shopizer-329083/sm-core/src/main/java/com/salesmanager/core/business/user/service/UserServiceImpl.java (ext=.java, size=1827)
2026-03-04 18:34:32,936 - Knowledge - INFO - process ingested knowledge for /app/data/T0015/329083/b8924gk/shopizer-329083/sm-core/src/main/java/com/salesmanager/core/business/catalog/product/dao/attribute/ProductOptionValueDao.java
2026-03-04 18:34:33,008 - Knowledge - INFO - process ingested knowledge for /app/data/T0015/329083/b8924gk/shopizer-329083/sm-core/src/main/java/com/salesmanager/core/business/reference/language/dao/LanguageDaoImpl.java
2026-03-04 18:34:33,110 - Knowledge - INFO - process ingested knowledge for /app/data/T0015/329083/b8924gk/shopizer-329083/sm-core/src/main/java/com/salesmanager/core/business/system/model/SystemNotification.java
2026-03-04 18:34:33,177 - Knowledge - INFO - process ingested knowledge for /app/data/T0015/329083/b8924gk/shopizer-329083/sm-core/src/main/java/com/salesmanager/core/business/reference/currency/model/Currency.java
2026-03-04 18:34:33,282 - Knowledge - INFO - Fast-tracked /app/data/T0015/329083/b8924gk/shopizer-329083/sm-core/src/main/java/com/salesmanager/core/business/user/service/GroupService.java (ext=.java, size=616)
2026-03-04 18:34:33,683 - Knowledge - INFO - Progress: 24.6% | Files: 300/1167 | Rate: 1.33 files/sec | Queue: 795
2026-03-04 18:34:33,685 - Knowledge - INFO - [kw20] Queue=795, InProgress=0, PendingWorkers=20/20, Completed=300/1167 (25.7%)
2026-03-04 18:34:33,698 - Knowledge - INFO - Async storing batch of 8 embeddings
2026-03-04 18:34:33,699 - Knowledge - INFO - [LLM_CALL] Completed: ProductRelationshipServiceImpl.java:chunk1, Duration: 78516ms, PromptTokens: 2616, CompletionTokens: 715, Cost: $0.00055
2026-03-04 18:34:33,821 - Knowledge - INFO - process ingested knowledge for /app/data/T0015/329083/b8924gk/shopizer-329083/sm-core/src/main/java/com/salesmanager/core/business/content/model/ContentDescription.java
2026-03-04 18:34:34,085 - Knowledge - INFO - process ingested knowledge for /app/data/T0015/329083/b8924gk/shopizer-329083/sm-core/src/main/java/com/salesmanager/core/business/shoppingcart/dao/ShoppingCartDao.java
2026-03-04 18:34:34,228 - Knowledge - INFO - process ingested knowledge for /app/data/T0015/329083/b8924gk/shopizer-329083/sm-core/src/main/java/com/salesmanager/core/business/customer/dao/CustomerDAOImpl.java
2026-03-04 18:34:34,395 - Knowledge - INFO - process ingested knowledge for /app/data/T0015/329083/b8924gk/shopizer-329083/sm-core/src/main/java/com/salesmanager/core/business/catalog/product/dao/attribute/ProductAttributeDao.java
2026-03-04 18:34:34,646 - Knowledge - INFO - process ingested knowledge for /app/data/T0015/329083/b8924gk/shopizer-329083/sm-core/src/main/java/com/salesmanager/core/business/catalog/product/service/file/DigitalProductServiceImpl.java
2026-03-04 18:34:34,783 - Knowledge - INFO - Worker kw14 processing /app/data/T0015/329083/b8924gk/shopizer-329083/sm-core/src/main/java/com/salesmanager/core/business/user/service/PermissionService.java
2026-03-04 18:34:34,918 - Knowledge - INFO - process ingested knowledge for /app/data/T0015/329083/b8924gk/shopizer-329083/sm-core/src/main/java/com/salesmanager/core/business/catalog/product/dao/review/ProductReviewDaoImpl.java
2026-03-04 18:34:35,068 - Knowledge - INFO - process ingested knowledge for /app/data/T0015/329083/b8924gk/shopizer-329083/sm-core/src/main/java/com/salesmanager/core/business/reference/language/service/LanguageService.java
2026-03-04 18:34:35,181 - Knowledge - INFO - process ingested knowledge for /app/data/T0015/329083/b8924gk/shopizer-329083/sm-core/src/main/java/com/salesmanager/core/business/system/model/IntegrationConfiguration.java
2026-03-04 18:34:35,268 - Knowledge - INFO - process ingested knowledge for /app/data/T0015/329083/b8924gk/shopizer-329083/sm-core/src/main/java/com/salesmanager/core/business/reference/geozone/model/GeoZoneDescription.java
2026-03-04 18:34:35,364 - Knowledge - INFO - Worker kw4 processing /app/data/T0015/329083/b8924gk/shopizer-329083/sm-core/src/main/java/com/salesmanager/core/business/user/service/UserServiceLDAPImpl.java
2026-03-04 18:34:35,445 - Knowledge - INFO - [kw6] Queue=795, InProgress=0, PendingWorkers=20/20, Completed=300/1167 (25.7%)
2026-03-04 18:34:35,520 - Knowledge - INFO - Batch sizing: calculated=8, max_allowed=10, queue=795, active_workers=20/20
2026-03-04 18:34:35,586 - Knowledge - INFO - Worker kw3 processing /app/data/T0015/329083/b8924gk/shopizer-329083/sm-core/src/main/java/com/salesmanager/core/utils/ProductImageSizeUtils.java
2026-03-04 18:34:35,662 - Knowledge - INFO - done ingest for /app/data/T0015/329083/b8924gk/shopizer-329083/sm-core/src/main/java/com/salesmanager/core/business/catalog/product/service/relationship/ProductRelationshipServiceImpl.java
2026-03-04 18:34:35,663 - Knowledge - INFO - [LLM_CALL] Completed: CountryServiceImpl.java:chunk1, Duration: 27091ms, PromptTokens: 2226, CompletionTokens: 528, Cost: $0.00043
2026-03-04 18:34:35,734 - Knowledge - INFO - process ingested knowledge for /app/data/T0015/329083/b8924gk/shopizer-329083/sm-core/src/main/java/com/salesmanager/core/business/catalog/category/dao/CategoryDaoImpl.java
2026-03-04 18:34:35,844 - Knowledge - INFO - process ingested knowledge for /app/data/T0015/329083/b8924gk/shopizer-329083/sm-core/src/main/java/com/salesmanager/core/business/shoppingcart/dao/ShoppingCartItemDao.java
2026-03-04 18:34:35,919 - Knowledge - INFO - process ingested knowledge for /app/data/T0015/329083/b8924gk/shopizer-329083/sm-core/src/main/java/com/salesmanager/core/business/customer/dao/attribute/CustomerOptionValueDao.java
2026-03-04 18:34:36,108 - Knowledge - INFO - process ingested knowledge for /app/data/T0015/329083/b8924gk/shopizer-329083/sm-core/src/main/java/com/salesmanager/core/business/catalog/product/service/ProductServiceImpl.java
2026-03-04 18:34:36,214 - Knowledge - INFO - Fast-tracked /app/data/T0015/329083/b8924gk/shopizer-329083/sm-core/src/main/java/com/salesmanager/core/business/user/service/PermissionService.java (ext=.java, size=1195)
2026-03-04 18:34:36,320 - Knowledge - INFO - process ingested knowledge for /app/data/T0015/329083/b8924gk/shopizer-329083/sm-core/src/main/java/com/salesmanager/core/business/catalog/product/dao/review/ProductReviewDao.java
2026-03-04 18:34:36,429 - Knowledge - INFO - process ingested knowledge for /app/data/T0015/329083/b8924gk/shopizer-329083/sm-core/src/main/java/com/salesmanager/core/business/reference/language/service/LanguageServiceImpl.java
2026-03-04 18:34:36,652 - Knowledge - INFO - process ingested knowledge for /app/data/T0015/329083/b8924gk/shopizer-329083/sm-core/src/main/java/com/salesmanager/core/business/system/model/MerchantConfigurationType.java
2026-03-04 18:34:36,652 - Knowledge - INFO - process ingested knowledge for /app/data/T0015/329083/b8924gk/shopizer-329083/sm-core/src/main/java/com/salesmanager/core/business/reference/geozone/model/GeoZone.java
2026-03-04 18:34:36,712 - Knowledge - INFO - Worker kw4 processing /app/data/T0015/329083/b8924gk/shopizer-329083/sm-core/src/main/java/com/salesmanager/core/business/user/model/PermissionCriteria.java
2026-03-04 18:34:36,798 - Knowledge - INFO - Batch sizing: calculated=8, max_allowed=10, queue=795, active_workers=20/20
2026-03-04 18:34:36,963 - Knowledge - INFO - Worker kw3 processing /app/data/T0015/329083/b8924gk/shopizer-329083/sm-core/src/main/java/com/salesmanager/core/utils/ApplicationContextListenerUtils.java
2026-03-04 18:34:37,312 - Knowledge - INFO - done ingest for /app/data/T0015/329083/b8924gk/shopizer-329083/sm-core/src/main/java/com/salesmanager/core/business/reference/country/service/CountryServiceImpl.java
2026-03-04 18:34:37,312 - Knowledge - INFO - [LLM_CALL] Completed: ZoneServiceImpl.java:chunk1, Duration: 17941ms, PromptTokens: 2410, CompletionTokens: 540, Cost: $0.00046
2026-03-04 18:34:37,482 - Knowledge - INFO - process ingested knowledge for /app/data/T0015/329083/b8924gk/shopizer-329083/sm-core/src/main/java/com/salesmanager/core/business/catalog/category/dao/CategoryDao.java
2026-03-04 18:34:37,611 - Knowledge - INFO - process ingested knowledge for /app/data/T0015/329083/b8924gk/shopizer-329083/sm-core/src/main/java/com/salesmanager/core/business/shoppingcart/dao/ShoppingCartItemDaoImpl.java
2026-03-04 18:34:37,691 - Knowledge - INFO - process ingested knowledge for /app/data/T0015/329083/b8924gk/shopizer-329083/sm-core/src/main/java/com/salesmanager/core/business/customer/dao/attribute/CustomerAttributeDaoImpl.java
2026-03-04 18:34:37,760 - Knowledge - INFO - process ingested knowledge for /app/data/T0015/329083/b8924gk/shopizer-329083/sm-core/src/main/java/com/salesmanager/core/business/catalog/product/service/attribute/ProductAttributeServiceImpl.java
2026-03-04 18:34:37,837 - Knowledge - INFO - Fast-tracked /app/data/T0015/329083/b8924gk/shopizer-329083/sm-core/src/main/java/com/salesmanager/core/business/user/dao/GroupDaoImpl.java (small file (1954 bytes))
2026-03-04 18:34:37,926 - Knowledge - INFO - process ingested knowledge for /app/data/T0015/329083/b8924gk/shopizer-329083/sm-core/src/main/java/com/salesmanager/core/business/catalog/product/dao/relationship/ProductRelationshipDaoImpl.java
2026-03-04 18:34:38,044 - Knowledge - INFO - process ingested knowledge for /app/data/T0015/329083/b8924gk/shopizer-329083/sm-core/src/main/java/com/salesmanager/core/business/reference/language/model/Language.java
2026-03-04 18:34:38,118 - Knowledge - INFO - process ingested knowledge for /app/data/T0015/329083/b8924gk/shopizer-329083/sm-core/src/main/java/com/salesmanager/core/business/system/model/ModuleConfig.java
2026-03-04 18:34:38,220 - Knowledge - INFO - process ingested knowledge for /app/data/T0015/329083/b8924gk/shopizer-329083/sm-core/src/main/java/com/salesmanager/core/business/user/dao/GroupDao.java
2026-03-04 18:34:38,310 - Knowledge - INFO - Fast-tracked /app/data/T0015/329083/b8924gk/shopizer-329083/sm-core/src/main/java/com/salesmanager/core/business/user/model/PermissionCriteria.java (ext=.java, size=988)
2026-03-04 18:34:38,473 - Knowledge - INFO - Fast-tracked /app/data/T0015/329083/b8924gk/shopizer-329083/sm-core/src/main/java/com/salesmanager/core/utils/ApplicationContextListenerUtils.java (ext=.java, size=719)
2026-03-04 18:34:38,665 - Knowledge - INFO - done ingest for /app/data/T0015/329083/b8924gk/shopizer-329083/sm-core/src/main/java/com/salesmanager/core/business/reference/zone/service/ZoneServiceImpl.java
2026-03-04 18:34:38,677 - Knowledge - INFO - [LLM_CALL] Completed: Product.java:chunk1, Duration: 62745ms, PromptTokens: 5412, CompletionTokens: 2180, Cost: $0.00141
2026-03-04 18:34:38,812 - Knowledge - INFO - process ingested knowledge for /app/data/T0015/329083/b8924gk/shopizer-329083/sm-core/src/main/java/com/salesmanager/core/business/catalog/category/service/CategoryServiceImpl.java
2026-03-04 18:34:39,004 - Knowledge - INFO - process ingested knowledge for /app/data/T0015/329083/b8924gk/shopizer-329083/sm-core/src/main/java/com/salesmanager/core/business/shoppingcart/service/ShoppingCartCalculationServiceImpl.java
2026-03-04 18:34:39,106 - Knowledge - INFO - process ingested knowledge for /app/data/T0015/329083/b8924gk/shopizer-329083/sm-core/src/main/java/com/salesmanager/core/business/customer/dao/attribute/CustomerAttributeDao.java
2026-03-04 18:34:39,220 - Knowledge - INFO - process ingested knowledge for /app/data/T0015/329083/b8924gk/shopizer-329083/sm-core/src/main/java/com/salesmanager/core/business/catalog/product/service/attribute/ProductOptionValueService.java
2026-03-04 18:34:39,644 - Knowledge - INFO - process ingested knowledge for /app/data/T0015/329083/b8924gk/shopizer-329083/sm-core/src/main/java/com/salesmanager/core/business/catalog/product/dao/relationship/ProductRelationshipDao.java
2026-03-04 18:34:39,873 - Knowledge - INFO - process ingested knowledge for /app/data/T0015/329083/b8924gk/shopizer-329083/sm-core/src/main/java/com/salesmanager/core/business/reference/country/dao/CountryDao.java
2026-03-04 18:34:40,002 - Knowledge - INFO - process ingested knowledge for /app/data/T0015/329083/b8924gk/shopizer-329083/sm-core/src/main/java/com/salesmanager/core/business/system/model/IntegrationModule.java
2026-03-04 18:34:40,087 - Knowledge - INFO - process ingested knowledge for /app/data/T0015/329083/b8924gk/shopizer-329083/sm-core/src/main/java/com/salesmanager/core/business/user/dao/UserDaoImpl.java
2026-03-04 18:34:40,194 - Knowledge - INFO - Worker kw4 processing /app/data/T0015/329083/b8924gk/shopizer-329083/sm-core/src/main/java/com/salesmanager/core/business/user/model/Permission.java
2026-03-04 18:34:40,271 - Knowledge - INFO - Worker kw3 processing /app/data/T0015/329083/b8924gk/shopizer-329083/sm-core/src/main/java/com/salesmanager/core/utils/DataPopulator.java
2026-03-04 18:34:40,444 - Knowledge - INFO - done ingest for /app/data/T0015/329083/b8924gk/shopizer-329083/sm-core/src/main/java/com/salesmanager/core/business/catalog/product/model/Product.java
2026-03-04 18:34:40,444 - Knowledge - INFO - [LLM_CALL] Completed: ProductImage.java:chunk1, Duration: 51197ms, PromptTokens: 2148, CompletionTokens: 630, Cost: $0.00047
2026-03-04 18:34:40,789 - Knowledge - INFO - process ingested knowledge for /app/data/T0015/329083/b8924gk/shopizer-329083/sm-core/src/main/java/com/salesmanager/core/business/shoppingcart/service/ShoppingCartCalculationService.java
2026-03-04 18:34:40,806 - Knowledge - INFO - process ingested knowledge for /app/data/T0015/329083/b8924gk/shopizer-329083/sm-core/src/main/java/com/salesmanager/core/business/customer/dao/attribute/CustomerOptionValueDaoImpl.java
2026-03-04 18:34:41,217 - Knowledge - INFO - process ingested knowledge for /app/data/T0015/329083/b8924gk/shopizer-329083/sm-core/src/main/java/com/salesmanager/core/business/catalog/product/dao/type/ProductTypeDaoImpl.java
2026-03-04 18:34:41,366 - Knowledge - INFO - Worker kw4 processing /app/data/T0015/329083/b8924gk/shopizer-329083/sm-core/src/main/java/com/salesmanager/core/business/user/model/PermissionList.java
2026-03-04 18:34:41,389 - Knowledge - INFO - process ingested knowledge for /app/data/T0015/329083/b8924gk/shopizer-329083/sm-core/src/main/java/com/salesmanager/core/business/system/model/MerchantConfiguration.java
2026-03-04 18:34:41,390 - Knowledge - INFO - process ingested knowledge for /app/data/T0015/329083/b8924gk/shopizer-329083/sm-core/src/main/java/com/salesmanager/core/business/reference/country/dao/CountryDaoImpl.java
2026-03-04 18:34:41,440 - Knowledge - INFO - Fast-tracked /app/data/T0015/329083/b8924gk/shopizer-329083/sm-core/src/main/java/com/salesmanager/core/utils/DataPopulator.java (ext=.java, size=612)
2026-03-04 18:34:41,529 - Knowledge - INFO - process ingested knowledge for /app/data/T0015/329083/b8924gk/shopizer-329083/sm-core/src/main/java/com/salesmanager/core/business/user/dao/PermissionDao.java
2026-03-04 18:34:41,648 - Knowledge - INFO - done ingest for /app/data/T0015/329083/b8924gk/shopizer-329083/sm-core/src/main/java/com/salesmanager/core/business/catalog/product/model/image/ProductImage.java
2026-03-04 18:34:41,648 - Knowledge - INFO - [LLM_CALL] Completed: ProductOptionValue.java:chunk1, Duration: 67595ms, PromptTokens: 2748, CompletionTokens: 1008, Cost: $0.00068
2026-03-04 18:34:41,919 - Knowledge - INFO - process ingested knowledge for /app/data/T0015/329083/b8924gk/shopizer-329083/sm-core/src/main/java/com/salesmanager/core/business/shoppingcart/service/ShoppingCartServiceImpl.java
2026-03-04 18:34:41,923 - Knowledge - INFO - process ingested knowledge for /app/data/T0015/329083/b8924gk/shopizer-329083/sm-core/src/main/java/com/salesmanager/core/business/customer/dao/attribute/CustomerOptionDaoImpl.java
2026-03-04 18:34:42,049 - Knowledge - INFO - Fast-tracked /app/data/T0015/329083/b8924gk/shopizer-329083/sm-core/src/main/java/com/salesmanager/core/business/user/model/PermissionList.java (ext=.java, size=656)
2026-03-04 18:34:42,322 - Knowledge - INFO - Worker kw3 processing /app/data/T0015/329083/b8924gk/shopizer-329083/sm-core/src/main/java/com/salesmanager/core/utils/ajax/AjaxPageableResponse.java
2026-03-04 18:34:42,683 - Knowledge - INFO - done ingest for /app/data/T0015/329083/b8924gk/shopizer-329083/sm-core/src/main/java/com/salesmanager/core/business/catalog/product/model/attribute/ProductOptionValue.java
2026-03-04 18:34:42,689 - Knowledge - INFO - Async storing batch of 8 embeddings
2026-03-04 18:34:42,698 - Knowledge - INFO - [LLM_CALL] Completed: ProductImageServiceImpl.java:chunk1, Duration: 76788ms, PromptTokens: 3102, CompletionTokens: 677, Cost: $0.00058
2026-03-04 18:34:43,044 - Knowledge - INFO - Worker kw4 processing /app/data/T0015/329083/b8924gk/shopizer-329083/sm-core/src/main/java/com/salesmanager/core/business/user/model/Group.java
2026-03-04 18:34:43,157 - Knowledge - INFO - Worker kw3 processing /app/data/T0015/329083/b8924gk/shopizer-329083/sm-core/src/main/java/com/salesmanager/core/utils/ajax/AjaxResponse.java
2026-03-04 18:34:43,538 - Knowledge - INFO - Worker kw20 processing /app/data/T0015/329083/b8924gk/shopizer-329083/sm-core/src/main/java/com/salesmanager/core/utils/CreditCardUtils.java
2026-03-04 18:34:43,634 - Knowledge - INFO - done ingest for /app/data/T0015/329083/b8924gk/shopizer-329083/sm-core/src/main/java/com/salesmanager/core/business/catalog/product/service/image/ProductImageServiceImpl.java
2026-03-04 18:34:43,635 - Knowledge - INFO - Async storing batch of 8 embeddings
2026-03-04 18:34:43,649 - Knowledge - INFO - [LLM_CALL] Completed: InitializationDatabaseImpl.java:chunk1, Duration: 30092ms, PromptTokens: 4150, CompletionTokens: 934, Cost: $0.00079
2026-03-04 18:34:43,858 - Knowledge - INFO - Worker kw4 processing /app/data/T0015/329083/b8924gk/shopizer-329083/sm-core/src/main/java/com/salesmanager/core/business/user/model/User.java
2026-03-04 18:34:43,911 - Knowledge - INFO - Worker kw3 processing /app/data/T0015/329083/b8924gk/shopizer-329083/sm-core/src/main/java/com/salesmanager/core/utils/AbstractDataPopulator.java
2026-03-04 18:34:44,031 - Knowledge - INFO - Fast-tracked /app/data/T0015/329083/b8924gk/shopizer-329083/sm-core/src/main/java/com/salesmanager/core/utils/CreditCardUtils.java (ext=.java, size=689)
2026-03-04 18:34:44,202 - Knowledge - INFO - Worker kw6 processing /app/data/T0015/329083/b8924gk/shopizer-329083/sm-core/src/main/java/com/salesmanager/core/utils/reference/IntegrationModulesLoader.java
2026-03-04 18:34:44,291 - Knowledge - INFO - done ingest for /app/data/T0015/329083/b8924gk/shopizer-329083/sm-core/src/main/java/com/salesmanager/core/business/reference/init/service/InitializationDatabaseImpl.java
2026-03-04 18:34:44,291 - Knowledge - INFO - Processing batch of 8 files
2026-03-04 18:34:44,291 - Knowledge - INFO - [LLM_CALL] Completed: ProductAvailability.java:chunk1, Duration: 45256ms, PromptTokens: 2832, CompletionTokens: 870, Cost: $0.00063
2026-03-04 18:34:44,392 - Knowledge - INFO - Worker kw4 processing /app/data/T0015/329083/b8924gk/shopizer-329083/sm-core/src/main/java/com/salesmanager/core/business/user/model/GroupType.java
2026-03-04 18:34:44,463 - Knowledge - INFO - Fast-tracked /app/data/T0015/329083/b8924gk/shopizer-329083/sm-core/src/main/java/com/salesmanager/core/utils/AbstractDataPopulator.java (ext=.java, size=858)
2026-03-04 18:34:44,541 - Knowledge - INFO - Worker kw20 processing /app/data/T0015/329083/b8924gk/shopizer-329083/sm-core/src/main/java/com/salesmanager/core/utils/CoreConfiguration.java
2026-03-04 18:34:44,661 - Knowledge - INFO - Worker kw6 processing /app/data/T0015/329083/b8924gk/shopizer-329083/sm-core/src/main/java/com/salesmanager/core/utils/reference/ZonesLoader.java
2026-03-04 18:34:44,663 - Knowledge - INFO - Fast-tracked /app/data/T0015/329083/b8924gk/shopizer-329083/sm-core/src/main/java/com/salesmanager/core/business/user/service/PermissionServiceImpl.java (small file (3003 bytes))
2026-03-04 18:34:44,835 - Knowledge - INFO - process ingested knowledge for /app/data/T0015/329083/b8924gk/shopizer-329083/sm-core/src/main/java/com/salesmanager/core/business/reference/zone/imports/ZoneTransient.java
2026-03-04 18:34:44,923 - Knowledge - INFO - done ingest for /app/data/T0015/329083/b8924gk/shopizer-329083/sm-core/src/main/java/com/salesmanager/core/business/catalog/product/model/availability/ProductAvailability.java
2026-03-04 18:34:44,924 - Knowledge - INFO - Processing batch of 8 files
2026-03-04 18:34:44,924 - Knowledge - INFO - [WEBSOCKET] Sent: Type=progress_update, Size: 296, Duration: 0ms
2026-03-04 18:34:45,031 - Knowledge - INFO - Fast-tracked /app/data/T0015/329083/b8924gk/shopizer-329083/sm-core/src/main/java/com/salesmanager/core/business/user/model/GroupType.java (ext=.java, size=105)
2026-03-04 18:34:45,133 - Knowledge - INFO - Worker kw3 processing /app/data/T0015/329083/b8924gk/shopizer-329083/sm-core/src/main/java/com/salesmanager/core/utils/CloneUtils.java
2026-03-04 18:34:45,211 - Knowledge - INFO - Fast-tracked /app/data/T0015/329083/b8924gk/shopizer-329083/sm-core/src/main/java/com/salesmanager/core/utils/CoreConfiguration.java (ext=.java, size=923)
2026-03-04 18:34:45,292 - Knowledge - INFO - Worker kw6 processing /app/data/T0015/329083/b8924gk/shopizer-329083/sm-core/src/main/java/com/salesmanager/core/modules/email/HtmlEmailSenderImpl.java
2026-03-04 18:34:45,361 - Knowledge - INFO - Async storage completed for 10 embeddings
2026-03-04 18:34:45,635 - Knowledge - INFO - process ingested knowledge for /app/data/T0015/329083/b8924gk/shopizer-329083/sm-core/src/main/java/com/salesmanager/core/business/catalog/product/model/review/ProductReview.java
2026-03-04 18:34:45,717 - Knowledge - INFO - [WEBSOCKET] Sent: Type=unknown, Size: ?, Duration: 793ms
2026-03-04 18:34:45,816 - Knowledge - INFO - Fast-tracked /app/data/T0015/329083/b8924gk/shopizer-329083/sm-core/src/main/java/com/salesmanager/core/business/user/service/UserServiceLDAPImpl.java (small file (2191 bytes))
2026-03-04 18:34:45,890 - Knowledge - INFO - Fast-tracked /app/data/T0015/329083/b8924gk/shopizer-329083/sm-core/src/main/java/com/salesmanager/core/utils/CloneUtils.java (ext=.java, size=235)
2026-03-04 18:34:45,973 - Knowledge - INFO - Worker kw20 processing /app/data/T0015/329083/b8924gk/shopizer-329083/sm-core/src/main/java/com/salesmanager/core/utils/ProductImageCropUtils.java
2026-03-04 18:34:46,087 - Knowledge - INFO - Worker kw6 processing /app/data/T0015/329083/b8924gk/shopizer-329083/sm-core/src/main/java/com/salesmanager/core/modules/email/Email.java
2026-03-04 18:34:46,292 - Knowledge - INFO - Progress: 27.2% | Files: 323/1167 | Rate: 1.33 files/sec | Queue: 779
2026-03-04 18:34:46,336 - Knowledge - INFO - process ingested knowledge for /app/data/T0015/329083/b8924gk/shopizer-329083/sm-core/src/main/java/com/salesmanager/core/business/reference/zone/imports/ZoneLoader.java
2026-03-04 18:34:46,337 - Knowledge - INFO - [kw16] Queue=779, InProgress=0, PendingWorkers=20/20, Completed=325/1167 (27.8%)
2026-03-04 18:34:46,484 - Knowledge - INFO - Worker kw3 processing /app/data/T0015/329083/b8924gk/shopizer-329083/sm-core/src/main/java/com/salesmanager/core/utils/ProductUtils.java
2026-03-04 18:34:46,520 - Knowledge - INFO - process ingested knowledge for /app/data/T0015/329083/b8924gk/shopizer-329083/sm-core/src/main/java/com/salesmanager/core/business/catalog/product/model/review/ProductReviewDescription.java
2026-03-04 18:34:46,569 - Knowledge - INFO - Worker kw20 processing /app/data/T0015/329083/b8924gk/shopizer-329083/sm-core/src/main/java/com/salesmanager/core/utils/CacheUtils.java
2026-03-04 18:34:46,634 - Knowledge - INFO - [kw11] Queue=779, InProgress=0, PendingWorkers=20/20, Completed=326/1167 (27.9%)
2026-03-04 18:34:46,673 - Knowledge - INFO - Fast-tracked /app/data/T0015/329083/b8924gk/shopizer-329083/sm-core/src/main/java/com/salesmanager/core/modules/email/Email.java (ext=.java, size=1336)
2026-03-04 18:34:46,911 - Knowledge - INFO - Batch sizing: calculated=8, max_allowed=10, queue=779, active_workers=20/20
2026-03-04 18:34:47,016 - Knowledge - INFO - Fast-tracked /app/data/T0015/329083/b8924gk/shopizer-329083/sm-core/src/main/java/com/salesmanager/core/utils/ProductUtils.java (ext=.java, size=1133)
2026-03-04 18:34:47,200 - Knowledge - INFO - Worker kw20 processing /app/data/T0015/329083/b8924gk/shopizer-329083/sm-core/src/main/java/com/salesmanager/core/utils/ProductPriceUtils.java
2026-03-04 18:34:47,277 - Knowledge - INFO - Fast-tracked /app/data/T0015/329083/b8924gk/shopizer-329083/sm-core/src/main/java/com/salesmanager/core/business/user/model/Group.java (small file (2743 bytes))
2026-03-04 18:34:47,289 - Knowledge - INFO - [kw17] Queue=779, InProgress=0, PendingWorkers=20/20, Completed=332/1167 (28.4%)
2026-03-04 18:34:47,304 - Knowledge - INFO - Batch sizing: calculated=8, max_allowed=10, queue=779, active_workers=20/20
2026-03-04 18:34:47,408 - Knowledge - INFO - Worker kw6 processing /app/data/T0015/329083/b8924gk/shopizer-329083/sm-core/src/main/java/com/salesmanager/core/modules/email/EmailConfig.java
2026-03-04 18:34:47,514 - Knowledge - INFO - Processing batch of 8 files
2026-03-04 18:34:47,515 - Knowledge - INFO - process ingested knowledge for /app/data/T0015/329083/b8924gk/shopizer-329083/sm-core/src/main/java/com/salesmanager/core/business/catalog/product/model/relationship/ProductRelationshipType.java
2026-03-04 18:34:47,689 - Knowledge - INFO - process ingested knowledge for /app/data/T0015/329083/b8924gk/shopizer-329083/sm-core/src/main/java/com/salesmanager/core/business/reference/zone/service/ZoneService.java
2026-03-04 18:34:47,753 - Knowledge - INFO - Worker kw20 processing /app/data/T0015/329083/b8924gk/shopizer-329083/sm-core/src/main/java/com/salesmanager/core/utils/EntityPopulator.java
2026-03-04 18:34:47,769 - Knowledge - INFO - Async storing batch of 8 embeddings
2026-03-04 18:34:47,853 - Knowledge - INFO - Processing batch of 8 files
2026-03-04 18:34:47,951 - Knowledge - INFO - Batch sizing: calculated=8, max_allowed=10, queue=779, active_workers=20/20
2026-03-04 18:34:48,190 - Knowledge - INFO - Worker kw6 processing /app/data/T0015/329083/b8924gk/shopizer-329083/sm-core/src/main/java/com/salesmanager/core/modules/email/HtmlEmailSender.java
2026-03-04 18:34:48,262 - Knowledge - INFO - Processing batch of 8 files
2026-03-04 18:34:48,262 - Knowledge - INFO - [WEBSOCKET] Sent: Type=progress_update, Size: 295, Duration: 0ms
2026-03-04 18:34:48,270 - Knowledge - INFO - process ingested knowledge for /app/data/T0015/329083/b8924gk/shopizer-329083/sm-core/src/main/java/com/salesmanager/core/business/catalog/product/model/ProductCriteria.java
2026-03-04 18:34:48,518 - Knowledge - INFO - Fast-tracked /app/data/T0015/329083/b8924gk/shopizer-329083/sm-core/src/main/java/com/salesmanager/core/utils/EntityPopulator.java (ext=.java, size=490)
2026-03-04 18:34:48,606 - Knowledge - INFO - Worker kw16 processing /app/data/T0015/329083/b8924gk/shopizer-329083/sm-core/src/main/java/com/salesmanager/core/modules/integration/shipping/impl/CustomWeightBasedShippingQuote.java
2026-03-04 18:34:48,694 - Knowledge - INFO - process ingested knowledge for /app/data/T0015/329083/b8924gk/shopizer-329083/sm-core/src/main/java/com/salesmanager/core/business/catalog/product/model/relationship/ProductRelationship.java
2026-03-04 18:34:48,713 - Knowledge - INFO - process ingested knowledge for /app/data/T0015/329083/b8924gk/shopizer-329083/sm-core/src/main/java/com/salesmanager/core/business/catalog/product/service/relationship/ProductRelationshipServiceImpl.java
2026-03-04 18:34:48,895 - Knowledge - INFO - Fast-tracked /app/data/T0015/329083/b8924gk/shopizer-329083/sm-core/src/main/java/com/salesmanager/core/modules/email/HtmlEmailSender.java (ext=.java, size=207)
2026-03-04 18:34:48,960 - Knowledge - INFO - Fast-tracked /app/data/T0015/329083/b8924gk/shopizer-329083/sm-core/src/main/java/com/salesmanager/core/utils/ajax/AjaxPageableResponse.java (small file (2043 bytes))
2026-03-04 18:34:48,961 - Knowledge - INFO - process ingested knowledge for /app/data/T0015/329083/b8924gk/shopizer-329083/sm-core/src/main/java/com/salesmanager/core/business/reference/country/service/CountryService.java
2026-03-04 18:34:48,978 - Knowledge - INFO - process ingested knowledge for /app/data/T0015/329083/b8924gk/shopizer-329083/sm-core/src/main/java/com/salesmanager/core/business/reference/zone/service/ZoneServiceImpl.java
2026-03-04 18:34:49,060 - Knowledge - INFO - Async storing batch of 8 embeddings
2026-03-04 18:34:49,061 - Knowledge - INFO - [WEBSOCKET] Sent: Type=unknown, Size: ?, Duration: 798ms
2026-03-04 18:34:49,257 - Knowledge - INFO - Async storage completed for 8 embeddings
2026-03-04 18:34:49,263 - Knowledge - INFO - Worker kw20 processing /app/data/T0015/329083/b8924gk/shopizer-329083/sm-core/src/main/java/com/salesmanager/core/utils/DataUtils.java
2026-03-04 18:34:49,264 - Knowledge - INFO - [kw19] Queue=755, InProgress=0, PendingWorkers=20/20, Completed=347/1167 (29.7%)
2026-03-04 18:34:49,345 - Knowledge - INFO - Worker kw16 processing /app/data/T0015/329083/b8924gk/shopizer-329083/sm-core/src/main/java/com/salesmanager/core/modules/integration/shipping/impl/CanadaPostShippingQuote.java
2026-03-04 18:34:49,347 - Knowledge - INFO - process ingested knowledge for /app/data/T0015/329083/b8924gk/shopizer-329083/sm-core/src/main/java/com/salesmanager/core/business/catalog/product/model/attribute/ProductOptionType.java
2026-03-04 18:34:49,594 - Knowledge - INFO - Worker kw6 processing /app/data/T0015/329083/b8924gk/shopizer-329083/sm-core/src/main/java/com/salesmanager/core/modules/integration/shipping/impl/UPSShippingQuote.java
2026-03-04 18:34:49,603 - Knowledge - INFO - process ingested knowledge for /app/data/T0015/329083/b8924gk/shopizer-329083/sm-core/src/main/java/com/salesmanager/core/business/catalog/product/model/type/ProductType.java
2026-03-04 18:34:49,704 - Knowledge - INFO - process ingested knowledge for /app/data/T0015/329083/b8924gk/shopizer-329083/sm-core/src/main/java/com/salesmanager/core/business/catalog/product/service/type/ProductTypeService.java
2026-03-04 18:34:49,839 - Knowledge - INFO - process ingested knowledge for /app/data/T0015/329083/b8924gk/shopizer-329083/sm-core/src/main/java/com/salesmanager/core/business/reference/country/service/CountryServiceImpl.java
2026-03-04 18:34:49,904 - Knowledge - INFO - process ingested knowledge for /app/data/T0015/329083/b8924gk/shopizer-329083/sm-core/src/main/java/com/salesmanager/core/business/reference/zone/model/ZoneDescription.java
2026-03-04 18:34:49,981 - Knowledge - INFO - Worker kw11 processing /app/data/T0015/329083/b8924gk/shopizer-329083/sm-core/src/main/java/com/salesmanager/core/modules/integration/shipping/model/Packaging.java
2026-03-04 18:34:50,063 - Knowledge - INFO - Progress: 29.4% | Files: 348/1167 | Rate: 1.41 files/sec | Queue: 755
2026-03-04 18:34:50,063 - Knowledge - INFO - [kw18] Queue=755, InProgress=0, PendingWorkers=20/20, Completed=348/1167 (29.8%)
2026-03-04 18:34:50,063 - Knowledge - INFO - Processing batch of 8 files
2026-03-04 18:34:50,063 - Knowledge - INFO - Async storing batch of 8 embeddings
2026-03-04 18:34:50,064 - Knowledge - INFO - [kw9] Queue=755, InProgress=0, PendingWorkers=20/20, Completed=348/1167 (29.8%)
2026-03-04 18:34:50,064 - Knowledge - INFO - [kw12] Queue=755, InProgress=0, PendingWorkers=20/20, Completed=348/1167 (29.8%)
2026-03-04 18:34:50,064 - Knowledge - INFO - [kw10] Queue=755, InProgress=0, PendingWorkers=20/20, Completed=348/1167 (29.8%)
2026-03-04 18:34:50,254 - Knowledge - INFO - Worker kw20 processing /app/data/T0015/329083/b8924gk/shopizer-329083/sm-core/src/main/java/com/salesmanager/core/utils/reference/ConfigurationModulesLoader.java
2026-03-04 18:34:50,348 - Knowledge - INFO - Batch sizing: calculated=8, max_allowed=10, queue=755, active_workers=20/20
2026-03-04 18:34:50,474 - Knowledge - INFO - Worker kw16 processing /app/data/T0015/329083/b8924gk/shopizer-329083/sm-core/src/main/java/com/salesmanager/core/modules/integration/shipping/impl/USPSShippingQuote.java
2026-03-04 18:34:50,576 - Knowledge - INFO - process ingested knowledge for /app/data/T0015/329083/b8924gk/shopizer-329083/sm-core/src/main/java/com/salesmanager/core/business/catalog/product/model/attribute/ProductOption.java
2026-03-04 18:34:50,729 - Knowledge - INFO - Worker kw6 processing /app/data/T0015/329083/b8924gk/shopizer-329083/sm-core/src/main/java/com/salesmanager/core/modules/integration/shipping/impl/DefaultPackagingImpl.java
2026-03-04 18:34:50,843 - Knowledge - INFO - process ingested knowledge for /app/data/T0015/329083/b8924gk/shopizer-329083/sm-core/src/main/java/com/salesmanager/core/business/catalog/product/model/Product.java
2026-03-04 18:34:50,935 - Knowledge - INFO - process ingested knowledge for /app/data/T0015/329083/b8924gk/shopizer-329083/sm-core/src/main/java/com/salesmanager/core/business/catalog/product/service/type/ProductTypeServiceImpl.java
2026-03-04 18:34:51,027 - Knowledge - INFO - process ingested knowledge for /app/data/T0015/329083/b8924gk/shopizer-329083/sm-core/src/main/java/com/salesmanager/core/business/reference/country/model/CountryDescription.java
2026-03-04 18:34:51,107 - Knowledge - INFO - process ingested knowledge for /app/data/T0015/329083/b8924gk/shopizer-329083/sm-core/src/main/java/com/salesmanager/core/business/reference/zone/model/Zone.java
2026-03-04 18:34:51,114 - Knowledge - INFO - Async storage completed for 8 embeddings
2026-03-04 18:34:51,225 - Knowledge - INFO - Fast-tracked /app/data/T0015/329083/b8924gk/shopizer-329083/sm-core/src/main/java/com/salesmanager/core/modules/integration/shipping/model/Packaging.java (ext=.java, size=694)
2026-03-04 18:34:51,294 - Knowledge - INFO - [kw5] Queue=755, InProgress=0, PendingWorkers=20/20, Completed=348/1167 (29.8%)
2026-03-04 18:34:51,375 - Knowledge - INFO - Batch sizing: calculated=8, max_allowed=10, queue=755, active_workers=20/20
2026-03-04 18:34:51,454 - Knowledge - INFO - process ingested knowledge for /app/data/T0015/329083/b8924gk/shopizer-329083/sm-core/src/main/java/com/salesmanager/core/business/catalog/product/model/ProductList.java
2026-03-04 18:34:51,519 - Knowledge - INFO - Worker kw17 processing /app/data/T0015/329083/b8924gk/shopizer-329083/sm-core/src/main/java/com/salesmanager/core/modules/order/InvoiceModule.java
2026-03-04 18:34:51,607 - Knowledge - INFO - Batch sizing: calculated=8, max_allowed=10, queue=755, active_workers=20/20
2026-03-04 18:34:51,690 - Knowledge - INFO - Batch sizing: calculated=8, max_allowed=10, queue=755, active_workers=20/20
2026-03-04 18:34:51,830 - Knowledge - INFO - Batch sizing: calculated=8, max_allowed=10, queue=755, active_workers=20/20
2026-03-04 18:34:52,037 - Knowledge - INFO - Async storing batch of 8 embeddings
2026-03-04 18:34:52,155 - Knowledge - INFO - Worker kw16 processing /app/data/T0015/329083/b8924gk/shopizer-329083/sm-core/src/main/java/com/salesmanager/core/modules/integration/shipping/model/CustomShippingQuoteWeightItem.java
2026-03-04 18:34:52,277 - Knowledge - INFO - process ingested knowledge for /app/data/T0015/329083/b8924gk/shopizer-329083/sm-core/src/main/java/com/salesmanager/core/business/catalog/product/model/attribute/ProductOptionDescription.java
2026-03-04 18:34:52,515 - Knowledge - INFO - process ingested knowledge for /app/data/T0015/329083/b8924gk/shopizer-329083/sm-core/src/main/java/com/salesmanager/core/business/catalog/product/model/manufacturer/ManufacturerDescription.java
2026-03-04 18:34:52,629 - Knowledge - INFO - process ingested knowledge for /app/data/T0015/329083/b8924gk/shopizer-329083/sm-core/src/main/java/com/salesmanager/core/business/catalog/product/service/PricingService.java
2026-03-04 18:34:52,746 - Knowledge - INFO - process ingested knowledge for /app/data/T0015/329083/b8924gk/shopizer-329083/sm-core/src/main/java/com/salesmanager/core/business/reference/country/model/Country.java
2026-03-04 18:34:52,854 - Knowledge - INFO - process ingested knowledge for /app/data/T0015/329083/b8924gk/shopizer-329083/sm-core/src/main/java/com/salesmanager/core/business/reference/currency/dao/CurrencyDaoImpl.java
2026-03-04 18:34:53,021 - Knowledge - INFO - Worker kw11 processing /app/data/T0015/329083/b8924gk/shopizer-329083/sm-core/src/main/java/com/salesmanager/core/modules/integration/payment/impl/BeanStreamPayment.java
2026-03-04 18:34:53,109 - Knowledge - INFO - Batch sizing: calculated=8, max_allowed=10, queue=755, active_workers=20/20
2026-03-04 18:34:53,213 - Knowledge - INFO - Async storing batch of 8 embeddings
2026-03-04 18:34:53,319 - Knowledge - INFO - process ingested knowledge for /app/data/T0015/329083/b8924gk/shopizer-329083/sm-core/src/main/java/com/salesmanager/core/business/catalog/product/model/image/ProductImageDescription.java
2026-03-04 18:34:53,338 - Knowledge - INFO - Fast-tracked /app/data/T0015/329083/b8924gk/shopizer-329083/sm-core/src/main/java/com/salesmanager/core/utils/CacheUtils.java (small file (2583 bytes))
2026-03-04 18:34:53,418 - Knowledge - INFO - Fast-tracked /app/data/T0015/329083/b8924gk/shopizer-329083/sm-core/src/main/java/com/salesmanager/core/modules/order/InvoiceModule.java (ext=.java, size=437)
2026-03-04 18:34:53,522 - Knowledge - INFO - Async storing batch of 10 embeddings
2026-03-04 18:34:53,588 - Knowledge - INFO - [LLM_CALL] Completed: PermissionDaoImpl.java:chunk1, Duration: 9952ms, PromptTokens: 2650, CompletionTokens: 498, Cost: $0.00046
2026-03-04 18:34:53,837 - Knowledge - INFO - Worker kw19 processing /app/data/T0015/329083/b8924gk/shopizer-329083/sm-core/src/main/java/com/salesmanager/core/modules/cms/impl/VendorCacheManager.java
2026-03-04 18:34:53,975 - Knowledge - INFO - Fast-tracked /app/data/T0015/329083/b8924gk/shopizer-329083/sm-core/src/main/java/com/salesmanager/core/modules/integration/shipping/model/CustomShippingQuoteWeightItem.java (ext=.java, size=872)
2026-03-04 18:34:54,076 - Knowledge - INFO - process ingested knowledge for /app/data/T0015/329083/b8924gk/shopizer-329083/sm-core/src/main/java/com/salesmanager/core/business/catalog/product/model/attribute/ProductAttribute.java
2026-03-04 18:34:54,173 - Knowledge - INFO - process ingested knowledge for /app/data/T0015/329083/b8924gk/shopizer-329083/sm-core/src/main/java/com/salesmanager/core/business/catalog/product/model/manufacturer/Manufacturer.java
2026-03-04 18:34:54,285 - Knowledge - INFO - process ingested knowledge for /app/data/T0015/329083/b8924gk/shopizer-329083/sm-core/src/main/java/com/salesmanager/core/business/catalog/product/service/manufacturer/ManufacturerServiceImpl.java
2026-03-04 18:34:54,406 - Knowledge - INFO - process ingested knowledge for /app/data/T0015/329083/b8924gk/shopizer-329083/sm-core/src/main/java/com/salesmanager/core/business/reference/init/service/InitializationDatabase.java
2026-03-04 18:34:54,560 - Knowledge - INFO - process ingested knowledge for /app/data/T0015/329083/b8924gk/shopizer-329083/sm-core/src/main/java/com/salesmanager/core/business/reference/currency/dao/CurrencyDao.java
2026-03-04 18:34:54,635 - Knowledge - INFO - Worker kw11 processing /app/data/T0015/329083/b8924gk/shopizer-329083/sm-core/src/main/java/com/salesmanager/core/modules/integration/payment/impl/MoneyOrderPayment.java
2026-03-04 18:34:54,851 - Knowledge - INFO - Worker kw18 processing /app/data/T0015/329083/b8924gk/shopizer-329083/sm-core/src/main/java/com/salesmanager/core/modules/cms/common/ImageRemove.java
2026-03-04 18:34:54,938 - Knowledge - INFO - process ingested knowledge for /app/data/T0015/329083/b8924gk/shopizer-329083/sm-core/src/main/java/com/salesmanager/core/business/catalog/product/model/image/ProductImage.java
2026-03-04 18:34:55,128 - Knowledge - INFO - Worker kw17 processing /app/data/T0015/329083/b8924gk/shopizer-329083/sm-core/src/main/java/com/salesmanager/core/modules/utils/GeoLocation.java
2026-03-04 18:34:55,251 - Knowledge - INFO - Worker kw9 processing /app/data/T0015/329083/b8924gk/shopizer-329083/sm-core/src/main/java/com/salesmanager/core/modules/cms/content/FileRemove.java
2026-03-04 18:34:55,462 - Knowledge - INFO - done ingest for /app/data/T0015/329083/b8924gk/shopizer-329083/sm-core/src/main/java/com/salesmanager/core/business/user/dao/PermissionDaoImpl.java
2026-03-04 18:34:55,469 - Knowledge - INFO - Async storing batch of 10 embeddings
2026-03-04 18:34:55,471 - Knowledge - INFO - Async storing batch of 8 embeddings
2026-03-04 18:34:55,518 - Knowledge - INFO - Async storing batch of 8 embeddings
2026-03-04 18:34:55,588 - Knowledge - INFO - Fast-tracked /app/data/T0015/329083/b8924gk/shopizer-329083/sm-core/src/main/java/com/salesmanager/core/modules/cms/impl/VendorCacheManager.java (ext=.java, size=997)
2026-03-04 18:34:55,693 - Knowledge - INFO - Worker kw16 processing /app/data/T0015/329083/b8924gk/shopizer-329083/sm-core/src/main/java/com/salesmanager/core/modules/integration/shipping/model/CustomShippingQuotesRegion.java
2026-03-04 18:34:55,780 - Knowledge - INFO - process ingested knowledge for /app/data/T0015/329083/b8924gk/shopizer-329083/sm-core/src/main/java/com/salesmanager/core/business/catalog/product/model/attribute/ProductOptionValueDescription.java
2026-03-04 18:34:56,103 - Knowledge - INFO - process ingested knowledge for /app/data/T0015/329083/b8924gk/shopizer-329083/sm-core/src/main/java/com/salesmanager/core/business/catalog/product/service/manufacturer/ManufacturerService.java
2026-03-04 18:34:56,104 - Knowledge - INFO - process ingested knowledge for /app/data/T0015/329083/b8924gk/shopizer-329083/sm-core/src/main/java/com/salesmanager/core/business/reference/init/service/InitializationDatabaseImpl.java
2026-03-04 18:34:56,331 - Knowledge - INFO - Worker kw11 processing /app/data/T0015/329083/b8924gk/shopizer-329083/sm-core/src/main/java/com/salesmanager/core/modules/integration/payment/impl/PayPalExpressCheckoutPayment.java
2026-03-04 18:34:56,425 - Knowledge - INFO - Fast-tracked /app/data/T0015/329083/b8924gk/shopizer-329083/sm-core/src/main/java/com/salesmanager/core/modules/cms/common/ImageRemove.java (ext=.java, size=260)
2026-03-04 18:34:56,605 - Knowledge - INFO - Fast-tracked /app/data/T0015/329083/b8924gk/shopizer-329083/sm-core/src/main/java/com/salesmanager/core/modules/utils/GeoLocation.java (ext=.java, size=199)
2026-03-04 18:34:56,686 - Knowledge - INFO - Fast-tracked /app/data/T0015/329083/b8924gk/shopizer-329083/sm-core/src/main/java/com/salesmanager/core/modules/cms/content/FileRemove.java (ext=.java, size=506)
2026-03-04 18:34:56,707 - Knowledge - INFO - process ingested knowledge for /app/data/T0015/329083/b8924gk/shopizer-329083/sm-core/src/main/java/com/salesmanager/core/business/catalog/product/model/price/ProductPriceDescription.java
2026-03-04 18:34:56,856 - Knowledge - INFO - Worker kw10 processing /app/data/T0015/329083/b8924gk/shopizer-329083/sm-core/src/main/resources/spring/shopizer-core-config.xml
2026-03-04 18:34:56,958 - Knowledge - INFO - Worker kw12 processing /app/data/T0015/329083/b8924gk/shopizer-329083/sm-core/src/main/java/com/salesmanager/core/constants/ShippingConstants.java
2026-03-04 18:34:57,107 - Knowledge - INFO - Worker kw5 processing /app/data/T0015/329083/b8924gk/shopizer-329083/sm-core/pom.xml
2026-03-04 18:34:57,187 - Knowledge - INFO - Worker kw19 processing /app/data/T0015/329083/b8924gk/shopizer-329083/sm-core/src/main/java/com/salesmanager/core/modules/cms/impl/CacheManager.java
2026-03-04 18:34:57,321 - Knowledge - INFO - Worker kw16 processing /app/data/T0015/329083/b8924gk/shopizer-329083/sm-core/src/main/java/com/salesmanager/core/modules/integration/shipping/model/CustomShippingQuoteItem.java
2026-03-04 18:34:57,330 - Knowledge - INFO - [LLM_CALL] Completed: Permission.java:chunk1, Duration: 10952ms, PromptTokens: 2176, CompletionTokens: 581, Cost: $0.00045
2026-03-04 18:34:57,590 - Knowledge - INFO - Fast-tracked /app/data/T0015/329083/b8924gk/shopizer-329083/sm-core/src/main/java/com/salesmanager/core/utils/DataUtils.java (small file (2800 bytes))
2026-03-04 18:34:57,753 - Knowledge - INFO - Worker kw11 processing /app/data/T0015/329083/b8924gk/shopizer-329083/sm-core/src/main/java/com/salesmanager/core/modules/integration/payment/impl/PayPalRestPayment.java
2026-03-04 18:34:57,851 - Knowledge - INFO - Worker kw18 processing /app/data/T0015/329083/b8924gk/shopizer-329083/sm-core/src/main/java/com/salesmanager/core/modules/cms/common/StaticContentData.java
2026-03-04 18:34:57,940 - Knowledge - INFO - process ingested knowledge for /app/data/T0015/329083/b8924gk/shopizer-329083/sm-core/src/main/java/com/salesmanager/core/business/catalog/product/model/attribute/AttributeCriteria.java
2026-03-04 18:34:57,941 - Knowledge - INFO - process ingested knowledge for /app/data/T0015/329083/b8924gk/shopizer-329083/sm-core/src/main/java/com/salesmanager/core/business/reference/zone/dao/ZoneDao.java
2026-03-04 18:34:57,946 - Knowledge - INFO - Worker kw17 processing /app/data/T0015/329083/b8924gk/shopizer-329083/sm-core/src/main/java/com/salesmanager/core/modules/utils/GeoLocationImpl.java
2026-03-04 18:34:58,057 - Knowledge - INFO - Worker kw9 processing /app/data/T0015/329083/b8924gk/shopizer-329083/sm-core/src/main/java/com/salesmanager/core/modules/cms/content/StaticContentFileManager.java
2026-03-04 18:34:58,099 - Knowledge - INFO - process ingested knowledge for /app/data/T0015/329083/b8924gk/shopizer-329083/sm-core/src/main/java/com/salesmanager/core/business/catalog/product/service/image/ProductImageService.java
2026-03-04 18:34:58,279 - Knowledge - INFO - Fast-tracked /app/data/T0015/329083/b8924gk/shopizer-329083/sm-core/src/main/resources/spring/shopizer-core-config.xml (ext=.xml, size=1920)
2026-03-04 18:34:58,341 - Knowledge - INFO - process ingested knowledge for /app/data/T0015/329083/b8924gk/shopizer-329083/sm-core/src/main/java/com/salesmanager/core/business/catalog/product/model/price/ProductPrice.java
2026-03-04 18:34:58,366 - Knowledge - INFO - Fast-tracked /app/data/T0015/329083/b8924gk/shopizer-329083/sm-core/src/main/java/com/salesmanager/core/modules/email/EmailConfig.java (small file (1916 bytes))
2026-03-04 18:34:58,371 - Knowledge - INFO - Fast-tracked /app/data/T0015/329083/b8924gk/shopizer-329083/sm-core/src/main/java/com/salesmanager/core/constants/ShippingConstants.java (ext=.java, size=282)
2026-03-04 18:34:58,444 - Knowledge - INFO - Fast-tracked /app/data/T0015/329083/b8924gk/shopizer-329083/sm-core/pom.xml (ext=.xml, size=19014)
2026-03-04 18:34:58,557 - Knowledge - INFO - Fast-tracked /app/data/T0015/329083/b8924gk/shopizer-329083/sm-core/src/main/java/com/salesmanager/core/modules/cms/impl/CacheManager.java (ext=.java, size=300)
2026-03-04 18:34:58,713 - Knowledge - INFO - Fast-tracked /app/data/T0015/329083/b8924gk/shopizer-329083/sm-core/src/main/java/com/salesmanager/core/modules/integration/shipping/model/CustomShippingQuoteItem.java (ext=.java, size=478)
2026-03-04 18:34:58,810 - Knowledge - INFO - done ingest for /app/data/T0015/329083/b8924gk/shopizer-329083/sm-core/src/main/java/com/salesmanager/core/business/user/model/Permission.java
2026-03-04 18:34:58,811 - Knowledge - INFO - Processing batch of 8 files
2026-03-04 18:34:58,812 - Knowledge - INFO - [LLM_CALL] Completed: ProductImageSizeUtils.java:chunk1, Duration: 11173ms, PromptTokens: 3048, CompletionTokens: 459, Cost: $0.00049
2026-03-04 18:34:58,891 - Knowledge - INFO - Fast-tracked /app/data/T0015/329083/b8924gk/shopizer-329083/sm-core/src/main/java/com/salesmanager/core/utils/reference/ConfigurationModulesLoader.java (small file (3050 bytes))
2026-03-04 18:34:58,956 - Knowledge - INFO - Worker kw11 processing /app/data/T0015/329083/b8924gk/shopizer-329083/sm-core/src/main/java/com/salesmanager/core/modules/integration/payment/model/PaymentModule.java
2026-03-04 18:34:59,026 - Knowledge - INFO - Fast-tracked /app/data/T0015/329083/b8924gk/shopizer-329083/sm-core/src/main/java/com/salesmanager/core/modules/cms/common/StaticContentData.java (ext=.java, size=1182)
2026-03-04 18:34:59,138 - Knowledge - INFO - process ingested knowledge for /app/data/T0015/329083/b8924gk/shopizer-329083/sm-core/src/main/java/com/salesmanager/core/business/catalog/product/model/attribute/ProductOptionValue.java
2026-03-04 18:34:59,213 - Knowledge - INFO - process ingested knowledge for /app/data/T0015/329083/b8924gk/shopizer-329083/sm-core/src/main/java/com/salesmanager/core/business/reference/zone/dao/ZoneDaoImpl.java
2026-03-04 18:34:59,323 - Knowledge - INFO - Fast-tracked /app/data/T0015/329083/b8924gk/shopizer-329083/sm-core/src/main/java/com/salesmanager/core/modules/utils/GeoLocationImpl.java (ext=.java, size=1425)
2026-03-04 18:34:59,408 - Knowledge - INFO - Fast-tracked /app/data/T0015/329083/b8924gk/shopizer-329083/sm-core/src/main/java/com/salesmanager/core/modules/cms/content/StaticContentFileManager.java (ext=.java, size=203)
2026-03-04 18:34:59,503 - Knowledge - INFO - process ingested knowledge for /app/data/T0015/329083/b8924gk/shopizer-329083/sm-core/src/main/java/com/salesmanager/core/business/catalog/product/service/image/ProductImageServiceImpl.java
2026-03-04 18:34:59,625 - Knowledge - INFO - Worker kw10 processing /app/data/T0015/329083/b8924gk/shopizer-329083/sm-core/src/main/resources/spring/shopizer-search.xml
2026-03-04 18:34:59,714 - Knowledge - INFO - process ingested knowledge for /app/data/T0015/329083/b8924gk/shopizer-329083/sm-core/src/main/java/com/salesmanager/core/business/catalog/product/model/price/ProductPriceType.java
2026-03-04 18:34:59,919 - Knowledge - INFO - Worker kw12 processing /app/data/T0015/329083/b8924gk/shopizer-329083/sm-core/src/main/resources/search/settings_product_fr.json
2026-03-04 18:35:00,059 - Knowledge - INFO - Worker kw5 processing /app/data/T0015/329083/b8924gk/shopizer-329083/sm-shop/src/test/java/com/salesmanager/test/shop/controller/customer/rest/CustomerRESTControllerTest.java
2026-03-04 18:35:00,164 - Knowledge - INFO - Worker kw19 processing /app/data/T0015/329083/b8924gk/shopizer-329083/sm-core/src/main/java/com/salesmanager/core/modules/cms/product/ProductImageGet.java
2026-03-04 18:35:00,260 - Knowledge - INFO - Worker kw16 processing /app/data/T0015/329083/b8924gk/shopizer-329083/sm-core/src/main/java/com/salesmanager/core/modules/integration/shipping/model/ShippingQuoteModule.java
2026-03-04 18:35:00,478 - Knowledge - INFO - process ingested knowledge for /app/data/T0015/329083/b8924gk/shopizer-329083/sm-core/src/main/java/com/salesmanager/core/business/user/dao/UserDao.java
2026-03-04 18:35:00,716 - Knowledge - INFO - done ingest for /app/data/T0015/329083/b8924gk/shopizer-329083/sm-core/src/main/java/com/salesmanager/core/utils/ProductImageSizeUtils.java
2026-03-04 18:35:00,729 - Knowledge - INFO - [kw7] Queue=707, InProgress=0, PendingWorkers=20/20, Completed=356/1167 (30.5%)
2026-03-04 18:35:00,729 - Knowledge - INFO - [kw1] Queue=707, InProgress=0, PendingWorkers=20/20, Completed=356/1167 (30.5%)
2026-03-04 18:35:01,122 - Knowledge - INFO - Async storage completed for 8 embeddings
2026-03-04 18:35:01,217 - Knowledge - INFO - Worker kw11 processing /app/data/T0015/329083/b8924gk/shopizer-329083/sm-core/src/main/java/com/salesmanager/core/modules/integration/IntegrationException.java
2026-03-04 18:35:01,316 - Knowledge - INFO - Worker kw18 processing /app/data/T0015/329083/b8924gk/shopizer-329083/sm-core/src/main/java/com/salesmanager/core/modules/cms/common/ImageGet.java
2026-03-04 18:35:01,545 - Knowledge - INFO - Worker kw17 processing /app/data/T0015/329083/b8924gk/shopizer-329083/sm-core/src/main/java/com/salesmanager/core/modules/utils/EncryptionImpl.java
2026-03-04 18:35:01,626 - Knowledge - INFO - Worker kw9 processing /app/data/T0015/329083/b8924gk/shopizer-329083/sm-core/src/main/java/com/salesmanager/core/modules/cms/content/ContentImageGet.java
2026-03-04 18:35:01,814 - Knowledge - INFO - Fast-tracked /app/data/T0015/329083/b8924gk/shopizer-329083/sm-core/src/main/resources/spring/shopizer-search.xml (ext=.xml, size=6114)
2026-03-04 18:35:02,007 - Knowledge - INFO - Fast-tracked /app/data/T0015/329083/b8924gk/shopizer-329083/sm-core/src/main/resources/search/settings_product_fr.json (ext=.json, size=280)
2026-03-04 18:35:02,119 - Knowledge - INFO - Fast-tracked /app/data/T0015/329083/b8924gk/shopizer-329083/sm-shop/src/test/java/com/salesmanager/test/shop/controller/customer/rest/CustomerRESTControllerTest.java (ext=.java, size=6544)
2026-03-04 18:35:02,174 - Knowledge - INFO - Fast-tracked /app/data/T0015/329083/b8924gk/shopizer-329083/sm-core/src/main/java/com/salesmanager/core/modules/cms/product/ProductImageGet.java (ext=.java, size=1263)
2026-03-04 18:35:02,284 - Knowledge - INFO - Fast-tracked /app/data/T0015/329083/b8924gk/shopizer-329083/sm-core/src/main/java/com/salesmanager/core/modules/integration/shipping/model/ShippingQuoteModule.java (ext=.java, size=1416)
2026-03-04 18:35:02,326 - Knowledge - INFO - process ingested knowledge for /app/data/T0015/329083/b8924gk/shopizer-329083/sm-core/src/main/java/com/salesmanager/core/business/catalog/product/model/price/FinalPrice.java
2026-03-04 18:35:02,596 - Knowledge - INFO - Batch sizing: calculated=8, max_allowed=10, queue=707, active_workers=20/20
2026-03-04 18:35:02,738 - Knowledge - INFO - Batch sizing: calculated=8, max_allowed=10, queue=707, active_workers=20/20
2026-03-04 18:35:02,817 - Knowledge - INFO - Async storage completed for 8 embeddings
2026-03-04 18:35:02,948 - Knowledge - INFO - process ingested knowledge for /app/data/T0015/329083/b8924gk/shopizer-329083/sm-core/src/main/java/com/salesmanager/core/business/user/dao/GroupDaoImpl.java
2026-03-04 18:35:03,041 - Knowledge - INFO - Fast-tracked /app/data/T0015/329083/b8924gk/shopizer-329083/sm-core/src/main/java/com/salesmanager/core/modules/integration/IntegrationException.java (ext=.java, size=1206)
2026-03-04 18:35:03,152 - Knowledge - INFO - Fast-tracked /app/data/T0015/329083/b8924gk/shopizer-329083/sm-core/src/main/java/com/salesmanager/core/modules/cms/common/ImageGet.java (ext=.java, size=483)
2026-03-04 18:35:03,307 - Knowledge - INFO - Worker kw17 processing /app/data/T0015/329083/b8924gk/shopizer-329083/sm-core/src/main/java/com/salesmanager/core/modules/utils/Encryption.java
2026-03-04 18:35:03,334 - Knowledge - INFO - [LLM_CALL] Completed: AjaxResponse.java:chunk1, Duration: 13271ms, PromptTokens: 3090, CompletionTokens: 625, Cost: $0.00056
2026-03-04 18:35:03,393 - Knowledge - INFO - Fast-tracked /app/data/T0015/329083/b8924gk/shopizer-329083/sm-core/src/main/java/com/salesmanager/core/modules/cms/content/ContentImageGet.java (ext=.java, size=690)
2026-03-04 18:35:03,503 - Knowledge - INFO - Worker kw10 processing /app/data/T0015/329083/b8924gk/shopizer-329083/sm-core/src/main/resources/spring/datasource-c3p0.xml
2026-03-04 18:35:03,608 - Knowledge - INFO - Worker kw12 processing /app/data/T0015/329083/b8924gk/shopizer-329083/sm-core/src/main/resources/search/product_fr.json
2026-03-04 18:35:03,704 - Knowledge - INFO - Worker kw5 processing /app/data/T0015/329083/b8924gk/shopizer-329083/sm-shop/src/test/java/com/salesmanager/test/shop/controller/category/rest/CategoryManagementAPITest.java
2026-03-04 18:35:03,799 - Knowledge - INFO - Worker kw19 processing /app/data/T0015/329083/b8924gk/shopizer-329083/sm-core/src/main/java/com/salesmanager/core/modules/cms/product/ProductFileManager.java
2026-03-04 18:35:03,887 - Knowledge - INFO - Worker kw16 processing /app/data/T0015/329083/b8924gk/shopizer-329083/sm-core/src/main/java/com/salesmanager/core/modules/integration/shipping/model/CustomShippingQuotesConfiguration.java
2026-03-04 18:35:04,227 - Knowledge - INFO - process ingested knowledge for /app/data/T0015/329083/b8924gk/shopizer-329083/sm-core/src/main/java/com/salesmanager/core/business/catalog/product/model/availability/ProductAvailability.java
2026-03-04 18:35:04,491 - Knowledge - INFO - Worker kw11 processing /app/data/T0015/329083/b8924gk/shopizer-329083/sm-core/src/main/java/com/salesmanager/core/modules/order/ODSInvoiceModule.java
2026-03-04 18:35:04,561 - Knowledge - INFO - process ingested knowledge for /app/data/T0015/329083/b8924gk/shopizer-329083/sm-core/src/main/java/com/salesmanager/core/business/user/dao/PermissionDaoImpl.java
2026-03-04 18:35:04,612 - Knowledge - INFO - Worker kw18 processing /app/data/T0015/329083/b8924gk/shopizer-329083/sm-core/src/main/java/com/salesmanager/core/modules/cms/content/FileGet.java
2026-03-04 18:35:04,702 - Knowledge - INFO - Fast-tracked /app/data/T0015/329083/b8924gk/shopizer-329083/sm-core/src/main/java/com/salesmanager/core/modules/utils/Encryption.java (ext=.java, size=549)
2026-03-04 18:35:04,800 - Knowledge - INFO - done ingest for /app/data/T0015/329083/b8924gk/shopizer-329083/sm-core/src/main/java/com/salesmanager/core/utils/ajax/AjaxResponse.java
2026-03-04 18:35:04,802 - Knowledge - INFO - Async storing batch of 8 embeddings
2026-03-04 18:35:04,802 - Knowledge - INFO - Async storing batch of 8 embeddings
2026-03-04 18:35:04,814 - Knowledge - INFO - [kw8] Queue=691, InProgress=0, PendingWorkers=20/20, Completed=356/1167 (30.5%)
2026-03-04 18:35:04,814 - Knowledge - INFO - [kw2] Queue=691, InProgress=0, PendingWorkers=20/20, Completed=356/1167 (30.5%)
2026-03-04 18:35:04,815 - Knowledge - INFO - [kw15] Queue=691, InProgress=0, PendingWorkers=20/20, Completed=356/1167 (30.5%)
2026-03-04 18:35:05,145 - Knowledge - INFO - Worker kw9 processing /app/data/T0015/329083/b8924gk/shopizer-329083/sm-core/src/main/java/com/salesmanager/core/modules/cms/content/FilePut.java
2026-03-04 18:35:05,288 - Knowledge - INFO - Fast-tracked /app/data/T0015/329083/b8924gk/shopizer-329083/sm-core/src/main/resources/spring/datasource-c3p0.xml (ext=.xml, size=790)
2026-03-04 18:35:05,345 - Knowledge - INFO - Fast-tracked /app/data/T0015/329083/b8924gk/shopizer-329083/sm-core/src/main/resources/search/product_fr.json (ext=.json, size=829)
2026-03-04 18:35:05,432 - Knowledge - INFO - Fast-tracked /app/data/T0015/329083/b8924gk/shopizer-329083/sm-shop/src/test/java/com/salesmanager/test/shop/controller/category/rest/CategoryManagementAPITest.java (ext=.java, size=3999)
2026-03-04 18:35:05,553 - Knowledge - INFO - Fast-tracked /app/data/T0015/329083/b8924gk/shopizer-329083/sm-core/src/main/java/com/salesmanager/core/modules/cms/product/ProductFileManager.java (ext=.java, size=182)
2026-03-04 18:35:05,967 - Knowledge - INFO - process ingested knowledge for /app/data/T0015/329083/b8924gk/shopizer-329083/sm-core/src/main/java/com/salesmanager/core/business/user/service/GroupServiceImpl.java
2026-03-04 18:35:06,078 - Knowledge - INFO - Fast-tracked /app/data/T0015/329083/b8924gk/shopizer-329083/sm-core/src/main/java/com/salesmanager/core/modules/cms/content/FileGet.java (ext=.java, size=836)
2026-03-04 18:35:06,238 - Knowledge - INFO - Worker kw17 processing /app/data/T0015/329083/b8924gk/shopizer-329083/sm-core/src/main/java/com/salesmanager/core/modules/cms/impl/StaticContentCacheManagerImpl.java
2026-03-04 18:35:06,399 - Knowledge - INFO - [LLM_CALL] Completed: User.java:chunk1, Duration: 18554ms, PromptTokens: 3882, CompletionTokens: 1277, Cost: $0.00090
2026-03-04 18:35:06,474 - Knowledge - INFO - Worker kw7 processing /app/data/T0015/329083/b8924gk/shopizer-329083/sm-shop/src/main/java/com/salesmanager/web/services/security/ServicesAuthenticationSuccessHandler.java
2026-03-04 18:35:06,591 - Knowledge - INFO - Worker kw1 processing /app/data/T0015/329083/b8924gk/shopizer-329083/sm-shop/src/main/java/com/salesmanager/web/init/data/InitializationLoader.java
2026-03-04 18:35:06,762 - Knowledge - INFO - Batch sizing: calculated=8, max_allowed=10, queue=691, active_workers=20/20
2026-03-04 18:35:06,901 - Knowledge - INFO - Batch sizing: calculated=8, max_allowed=10, queue=691, active_workers=20/20
2026-03-04 18:35:07,110 - Knowledge - INFO - Batch sizing: calculated=8, max_allowed=10, queue=691, active_workers=20/20
2026-03-04 18:35:07,306 - Knowledge - INFO - Fast-tracked /app/data/T0015/329083/b8924gk/shopizer-329083/sm-core/src/main/java/com/salesmanager/core/modules/cms/content/FilePut.java (ext=.java, size=574)
2026-03-04 18:35:07,377 - Knowledge - INFO - Worker kw10 processing /app/data/T0015/329083/b8924gk/shopizer-329083/sm-core/src/main/resources/spring/shopizer-core-ehcache.xml
2026-03-04 18:35:07,532 - Knowledge - INFO - Worker kw12 processing /app/data/T0015/329083/b8924gk/shopizer-329083/sm-core/src/main/resources/search/settings_product.json
2026-03-04 18:35:08,900 - Knowledge - INFO - Worker kw9 processing /app/data/T0015/329083/b8924gk/shopizer-329083/sm-core/src/main/java/com/salesmanager/core/constants/MeasureUnit.java
2026-03-04 18:35:07,737 - Knowledge - INFO - Worker kw19 processing /app/data/T0015/329083/b8924gk/shopizer-329083/sm-core/src/main/java/com/salesmanager/core/modules/cms/product/CmsImageFileManagerInfinispanImpl.java
2026-03-04 18:35:07,926 - Knowledge - INFO - Worker kw18 processing /app/data/T0015/329083/b8924gk/shopizer-329083/sm-core/src/main/java/com/salesmanager/core/modules/cms/content/StaticContentFileManagerImpl.java
2026-03-04 18:35:07,998 - Knowledge - INFO - process ingested knowledge for /app/data/T0015/329083/b8924gk/shopizer-329083/sm-core/src/main/java/com/salesmanager/core/business/user/service/UserService.java
2026-03-04 18:35:08,058 - Knowledge - INFO - Fast-tracked /app/data/T0015/329083/b8924gk/shopizer-329083/sm-core/src/main/java/com/salesmanager/core/modules/cms/impl/StaticContentCacheManagerImpl.java (ext=.java, size=914)
2026-03-04 18:35:08,186 - Knowledge - INFO - done ingest for /app/data/T0015/329083/b8924gk/shopizer-329083/sm-core/src/main/java/com/salesmanager/core/business/user/model/User.java
2026-03-04 18:35:08,220 - Knowledge - INFO - Processing batch of 8 files
2026-03-04 18:35:08,286 - Knowledge - INFO - Fast-tracked /app/data/T0015/329083/b8924gk/shopizer-329083/sm-shop/src/main/java/com/salesmanager/web/services/security/ServicesAuthenticationSuccessHandler.java (ext=.java, size=1716)
2026-03-04 18:35:08,425 - Knowledge - INFO - Worker kw1 processing /app/data/T0015/329083/b8924gk/shopizer-329083/sm-shop/src/main/java/com/salesmanager/web/shop/controller/AbstractController.java
2026-03-04 18:35:08,538 - Knowledge - INFO - Async storing batch of 8 embeddings
2026-03-04 18:35:07,693 - Knowledge - INFO - Worker kw5 processing /app/data/T0015/329083/b8924gk/shopizer-329083/sm-shop/src/test/java/com/salesmanager/test/shop/controller/product/rest/ProductManagementAPITest.java
2026-03-04 18:35:08,928 - Knowledge - INFO - Async storing batch of 8 embeddings
2026-03-04 18:35:08,940 - Knowledge - INFO - Async storing batch of 8 embeddings
2026-03-04 18:35:09,002 - Knowledge - INFO - Fast-tracked /app/data/T0015/329083/b8924gk/shopizer-329083/sm-core/src/main/resources/spring/shopizer-core-ehcache.xml (ext=.xml, size=2132)
2026-03-04 18:35:09,134 - Knowledge - INFO - [kw13] Queue=667, InProgress=0, PendingWorkers=20/20, Completed=364/1167 (31.2%)
2026-03-04 18:35:09,144 - Knowledge - INFO - Fast-tracked /app/data/T0015/329083/b8924gk/shopizer-329083/sm-core/src/main/resources/search/settings_product.json (ext=.json, size=280)
2026-03-04 18:35:09,322 - Knowledge - INFO - Fast-tracked /app/data/T0015/329083/b8924gk/shopizer-329083/sm-core/src/main/java/com/salesmanager/core/constants/MeasureUnit.java (ext=.java, size=96)
2026-03-04 18:35:09,430 - Knowledge - INFO - Worker kw19 processing /app/data/T0015/329083/b8924gk/shopizer-329083/sm-core/src/main/java/com/salesmanager/core/modules/cms/product/ProductImageRemove.java
2026-03-04 18:35:09,516 - Knowledge - INFO - Worker kw18 processing /app/data/T0015/329083/b8924gk/shopizer-329083/sm-core/src/main/java/com/salesmanager/core/modules/cms/content/ContentImageRemove.java
2026-03-04 18:35:09,617 - Knowledge - INFO - process ingested knowledge for /app/data/T0015/329083/b8924gk/shopizer-329083/sm-core/src/main/java/com/salesmanager/core/business/user/service/PermissionServiceImpl.java
2026-03-04 18:35:09,719 - Knowledge - INFO - Worker kw17 processing /app/data/T0015/329083/b8924gk/shopizer-329083/sm-core/src/main/java/com/salesmanager/core/modules/cms/impl/StoreCacheManagerImpl.java
2026-03-04 18:35:09,887 - Knowledge - INFO - Processing batch of 8 files
2026-03-04 18:35:09,964 - Knowledge - INFO - process ingested knowledge for /app/data/T0015/329083/b8924gk/shopizer-329083/sm-core/src/main/java/com/salesmanager/core/utils/ProductImageSizeUtils.java
2026-03-04 18:35:10,117 - Knowledge - INFO - Worker kw7 processing /app/data/T0015/329083/b8924gk/shopizer-329083/sm-shop/src/main/java/com/salesmanager/web/services/controller/order/OrderRESTController.java
2026-03-04 18:35:10,294 - Knowledge - INFO - Worker kw1 processing /app/data/T0015/329083/b8924gk/shopizer-329083/sm-shop/src/main/java/com/salesmanager/web/shop/controller/order/ShoppingOrderDownloadController.java
2026-03-04 18:35:10,365 - Knowledge - INFO - Worker kw8 processing /app/data/T0015/329083/b8924gk/shopizer-329083/sm-shop/src/main/java/com/salesmanager/web/shop/controller/shoppingCart/facade/ShoppingCartFacadeImpl.java
2026-03-04 18:35:10,514 - Knowledge - INFO - Fast-tracked /app/data/T0015/329083/b8924gk/shopizer-329083/sm-shop/src/test/java/com/salesmanager/test/shop/controller/product/rest/ProductManagementAPITest.java (ext=.java, size=10023)
2026-03-04 18:35:10,636 - Knowledge - INFO - Worker kw2 processing /app/data/T0015/329083/b8924gk/shopizer-329083/sm-shop/src/main/java/com/salesmanager/web/shop/controller/customer/CustomerProductReviewController.java
2026-03-04 18:35:10,854 - Knowledge - INFO - Worker kw15 processing /app/data/T0015/329083/b8924gk/shopizer-329083/sm-shop/src/main/java/com/salesmanager/web/shop/controller/product/ShopProductController.java
2026-03-04 18:35:10,924 - Knowledge - INFO - Worker kw10 processing /app/data/T0015/329083/b8924gk/shopizer-329083/sm-core/src/main/resources/spring/shopizer-core-modules.xml
2026-03-04 18:35:11,042 - Knowledge - INFO - Batch sizing: calculated=8, max_allowed=10, queue=667, active_workers=20/20
2026-03-04 18:35:11,356 - Knowledge - INFO - Worker kw12 processing /app/data/T0015/329083/b8924gk/shopizer-329083/sm-core/src/main/resources/search/product.json
2026-03-04 18:35:11,385 - Knowledge - INFO - [LLM_CALL] Completed: ZonesLoader.java:chunk1, Duration: 15909ms, PromptTokens: 2662, CompletionTokens: 416, Cost: $0.00043
2026-03-04 18:35:11,454 - Knowledge - INFO - Worker kw9 processing /app/data/T0015/329083/b8924gk/shopizer-329083/sm-core/src/main/java/com/salesmanager/core/constants/SystemConstants.java
2026-03-04 18:35:11,530 - Knowledge - INFO - Fast-tracked /app/data/T0015/329083/b8924gk/shopizer-329083/sm-core/src/main/java/com/salesmanager/core/modules/cms/product/ProductImageRemove.java (ext=.java, size=582)
2026-03-04 18:35:11,616 - Knowledge - INFO - Fast-tracked /app/data/T0015/329083/b8924gk/shopizer-329083/sm-core/src/main/java/com/salesmanager/core/modules/cms/content/ContentImageRemove.java (ext=.java, size=484)
2026-03-04 18:35:11,691 - Knowledge - INFO - process ingested knowledge for /app/data/T0015/329083/b8924gk/shopizer-329083/sm-core/src/main/java/com/salesmanager/core/business/user/service/UserServiceImpl.java
2026-03-04 18:35:11,852 - Knowledge - INFO - Fast-tracked /app/data/T0015/329083/b8924gk/shopizer-329083/sm-core/src/main/java/com/salesmanager/core/modules/cms/impl/StoreCacheManagerImpl.java (ext=.java, size=598)
2026-03-04 18:35:11,939 - Knowledge - INFO - process ingested knowledge for /app/data/T0015/329083/b8924gk/shopizer-329083/sm-core/src/main/java/com/salesmanager/core/business/user/service/GroupService.java
2026-03-04 18:35:12,012 - Knowledge - INFO - process ingested knowledge for /app/data/T0015/329083/b8924gk/shopizer-329083/sm-core/src/main/java/com/salesmanager/core/utils/ApplicationContextListenerUtils.java
2026-03-04 18:35:12,097 - Knowledge - INFO - Worker kw7 processing /app/data/T0015/329083/b8924gk/shopizer-329083/sm-shop/src/main/java/com/salesmanager/web/services/controller/customer/CustomerRESTController.java
2026-03-04 18:35:12,199 - Knowledge - INFO - Worker kw1 processing /app/data/T0015/329083/b8924gk/shopizer-329083/sm-shop/src/main/java/com/salesmanager/web/shop/controller/order/ShoppingOrderController.java
2026-03-04 18:35:12,306 - Knowledge - INFO - Worker kw8 processing /app/data/T0015/329083/b8924gk/shopizer-329083/sm-shop/src/main/java/com/salesmanager/web/shop/controller/shoppingCart/facade/ShoppingCartFacade.java
2026-03-04 18:35:12,435 - Knowledge - INFO - Worker kw5 processing /app/data/T0015/329083/b8924gk/shopizer-329083/sm-shop/src/test/java/com/salesmanager/test/shop/controller/store/rest/ContactAPITest.java
2026-03-04 18:35:12,496 - Knowledge - INFO - Fast-tracked /app/data/T0015/329083/b8924gk/shopizer-329083/sm-core/src/main/java/com/salesmanager/core/modules/integration/shipping/model/CustomShippingQuotesRegion.java (small file (2227 bytes))
2026-03-04 18:35:12,525 - Knowledge - INFO - Worker kw2 processing /app/data/T0015/329083/b8924gk/shopizer-329083/sm-shop/src/main/java/com/salesmanager/web/shop/controller/customer/CustomerOrdersController.java
2026-03-04 18:35:12,617 - Knowledge - INFO - Worker kw15 processing /app/data/T0015/329083/b8924gk/shopizer-329083/sm-shop/src/main/java/com/salesmanager/web/shop/controller/store/ContactController.java
2026-03-04 18:35:12,742 - Knowledge - INFO - Fast-tracked /app/data/T0015/329083/b8924gk/shopizer-329083/sm-core/src/main/resources/spring/shopizer-core-modules.xml (ext=.xml, size=8496)
2026-03-04 18:35:13,003 - Knowledge - INFO - Fast-tracked /app/data/T0015/329083/b8924gk/shopizer-329083/sm-core/src/main/resources/search/product.json (ext=.json, size=830)
2026-03-04 18:35:13,080 - Knowledge - INFO - done ingest for /app/data/T0015/329083/b8924gk/shopizer-329083/sm-core/src/main/java/com/salesmanager/core/utils/reference/ZonesLoader.java
2026-03-04 18:35:13,084 - Knowledge - INFO - Async storing batch of 8 embeddings
2026-03-04 18:35:13,182 - Knowledge - INFO - Fast-tracked /app/data/T0015/329083/b8924gk/shopizer-329083/sm-core/src/main/java/com/salesmanager/core/constants/SystemConstants.java (ext=.java, size=247)
2026-03-04 18:35:13,297 - Knowledge - INFO - Worker kw19 processing /app/data/T0015/329083/b8924gk/shopizer-329083/sm-core/src/main/java/com/salesmanager/core/modules/cms/product/ProductFileManagerImpl.java
2026-03-04 18:35:13,424 - Knowledge - INFO - Worker kw18 processing /app/data/T0015/329083/b8924gk/shopizer-329083/sm-core/src/main/java/com/salesmanager/core/modules/cms/content/ImagePut.java
2026-03-04 18:35:13,526 - Knowledge - INFO - process ingested knowledge for /app/data/T0015/329083/b8924gk/shopizer-329083/sm-core/src/main/java/com/salesmanager/core/business/user/service/PermissionService.java
2026-03-04 18:35:13,630 - Knowledge - INFO - Worker kw17 processing /app/data/T0015/329083/b8924gk/shopizer-329083/sm-core/src/main/java/com/salesmanager/core/modules/cms/impl/CacheManagerImpl.java
2026-03-04 18:35:13,737 - Knowledge - INFO - process ingested knowledge for /app/data/T0015/329083/b8924gk/shopizer-329083/sm-core/src/main/java/com/salesmanager/core/business/user/service/UserServiceLDAPImpl.java
2026-03-04 18:35:13,832 - Knowledge - INFO - process ingested knowledge for /app/data/T0015/329083/b8924gk/shopizer-329083/sm-core/src/main/java/com/salesmanager/core/utils/DataPopulator.java
2026-03-04 18:35:13,852 - Knowledge - INFO - Fast-tracked /app/data/T0015/329083/b8924gk/shopizer-329083/sm-core/src/main/java/com/salesmanager/core/modules/integration/payment/model/PaymentModule.java (small file (2282 bytes))
2026-03-04 18:35:13,912 - Knowledge - INFO - Worker kw7 processing /app/data/T0015/329083/b8924gk/shopizer-329083/sm-shop/src/main/java/com/salesmanager/web/services/controller/category/ShoppingCategoryRESTController.java
2026-03-04 18:35:14,000 - Knowledge - INFO - Worker kw1 processing /app/data/T0015/329083/b8924gk/shopizer-329083/sm-shop/src/main/java/com/salesmanager/web/shop/controller/order/facade/OrderFacade.java
2026-03-04 18:35:14,097 - Knowledge - INFO - Worker kw8 processing /app/data/T0015/329083/b8924gk/shopizer-329083/sm-shop/src/main/java/com/salesmanager/web/shop/controller/shoppingCart/ShoppingCartController.java
2026-03-04 18:35:14,210 - Knowledge - INFO - Fast-tracked /app/data/T0015/329083/b8924gk/shopizer-329083/sm-shop/src/test/java/com/salesmanager/test/shop/controller/store/rest/ContactAPITest.java (ext=.java, size=2037)
2026-03-04 18:35:14,275 - Knowledge - INFO - Fast-tracked /app/data/T0015/329083/b8924gk/shopizer-329083/sm-core/src/main/java/com/salesmanager/core/modules/integration/shipping/model/CustomShippingQuotesConfiguration.java (small file (2188 bytes))
2026-03-04 18:35:14,356 - Knowledge - INFO - Worker kw2 processing /app/data/T0015/329083/b8924gk/shopizer-329083/sm-shop/src/main/java/com/salesmanager/web/shop/controller/customer/CustomerAccountController.java
2026-03-04 18:35:14,473 - Knowledge - INFO - Worker kw15 processing /app/data/T0015/329083/b8924gk/shopizer-329083/sm-shop/src/main/java/com/salesmanager/web/shop/controller/content/ShopContentController.java
2026-03-04 18:35:14,552 - Knowledge - INFO - Worker kw10 processing /app/data/T0015/329083/b8924gk/shopizer-329083/sm-core/src/main/resources/cms/infinispan_configuration.xml
2026-03-04 18:35:14,658 - Knowledge - INFO - Worker kw12 processing /app/data/T0015/329083/b8924gk/shopizer-329083/sm-core/src/main/resources/META-INF/sm-persistence.xml
2026-03-04 18:35:14,992 - Knowledge - INFO - Worker kw13 processing /app/data/T0015/329083/b8924gk/shopizer-329083/sm-shop/src/main/java/com/salesmanager/web/shop/model/catalog/AttributeValue.java
2026-03-04 18:35:15,008 - Knowledge - INFO - [LLM_CALL] Completed: DefaultPackagingImpl.java:chunk1, Duration: 13112ms, PromptTokens: 6378, CompletionTokens: 447, Cost: $0.00082
2026-03-04 18:35:15,070 - Knowledge - INFO - Worker kw9 processing /app/data/T0015/329083/b8924gk/shopizer-329083/sm-core/src/main/java/com/salesmanager/core/constants/Constants.java
2026-03-04 18:35:15,204 - Knowledge - INFO - Worker kw19 processing /app/data/T0015/329083/b8924gk/shopizer-329083/sm-core/src/main/java/com/salesmanager/core/modules/cms/product/ProductImagePut.java
2026-03-04 18:35:15,273 - Knowledge - INFO - Fast-tracked /app/data/T0015/329083/b8924gk/shopizer-329083/sm-core/src/main/java/com/salesmanager/core/modules/cms/content/ImagePut.java (ext=.java, size=488)
2026-03-04 18:35:15,440 - Knowledge - INFO - Fast-tracked /app/data/T0015/329083/b8924gk/shopizer-329083/sm-core/src/main/java/com/salesmanager/core/modules/cms/impl/CacheManagerImpl.java (ext=.java, size=1500)
2026-03-04 18:35:15,589 - Knowledge - INFO - process ingested knowledge for /app/data/T0015/329083/b8924gk/shopizer-329083/sm-core/src/main/java/com/salesmanager/core/business/user/model/PermissionCriteria.java
2026-03-04 18:35:15,743 - Knowledge - INFO - process ingested knowledge for /app/data/T0015/329083/b8924gk/shopizer-329083/sm-core/src/main/java/com/salesmanager/core/utils/ajax/AjaxPageableResponse.java
2026-03-04 18:35:15,818 - Knowledge - INFO - Worker kw7 processing /app/data/T0015/329083/b8924gk/shopizer-329083/sm-shop/src/main/java/com/salesmanager/web/services/controller/product/ShopProductRESTController.java
2026-03-04 18:35:15,892 - Knowledge - INFO - Worker kw1 processing /app/data/T0015/329083/b8924gk/shopizer-329083/sm-shop/src/main/java/com/salesmanager/web/shop/controller/order/facade/OrderFacadeImpl.java
2026-03-04 18:35:15,971 - Knowledge - INFO - Worker kw8 processing /app/data/T0015/329083/b8924gk/shopizer-329083/sm-shop/src/main/java/com/salesmanager/web/shop/controller/shoppingCart/MiniCartController.java
2026-03-04 18:35:16,041 - Knowledge - INFO - Worker kw5 processing /app/data/T0015/329083/b8924gk/shopizer-329083/sm-shop/src/test/resources/log4j.xml
2026-03-04 18:35:16,122 - Knowledge - INFO - Async storage completed for 8 embeddings
2026-03-04 18:35:16,205 - Knowledge - INFO - Worker kw2 processing /app/data/T0015/329083/b8924gk/shopizer-329083/sm-shop/src/main/java/com/salesmanager/web/shop/controller/customer/CustomerLoginController.java
2026-03-04 18:35:17,377 - Knowledge - INFO - Worker kw1 processing /app/data/T0015/329083/b8924gk/shopizer-329083/sm-shop/src/main/java/com/salesmanager/web/shop/controller/order/ShoppingOrderPaymentController.java
2026-03-04 18:35:16,359 - Knowledge - INFO - Fast-tracked /app/data/T0015/329083/b8924gk/shopizer-329083/sm-core/src/main/resources/cms/infinispan_configuration.xml (ext=.xml, size=4517)
2026-03-04 18:35:16,475 - Knowledge - INFO - Fast-tracked /app/data/T0015/329083/b8924gk/shopizer-329083/sm-core/src/main/resources/META-INF/sm-persistence.xml (ext=.xml, size=5882)
2026-03-04 18:35:16,575 - Knowledge - INFO - Fast-tracked /app/data/T0015/329083/b8924gk/shopizer-329083/sm-shop/src/main/java/com/salesmanager/web/shop/model/catalog/AttributeValue.java (ext=.java, size=1115)
2026-03-04 18:35:16,653 - Knowledge - INFO - done ingest for /app/data/T0015/329083/b8924gk/shopizer-329083/sm-core/src/main/java/com/salesmanager/core/modules/integration/shipping/impl/DefaultPackagingImpl.java
2026-03-04 18:35:16,654 - Knowledge - INFO - [LLM_CALL] Completed: ProductPriceUtils.java:chunk1, Duration: 21168ms, PromptTokens: 8546, CompletionTokens: 1010, Cost: $0.00126
2026-03-04 18:35:16,775 - Knowledge - INFO - Fast-tracked /app/data/T0015/329083/b8924gk/shopizer-329083/sm-core/src/main/java/com/salesmanager/core/constants/Constants.java (ext=.java, size=1391)
2026-03-04 18:35:16,863 - Knowledge - INFO - Fast-tracked /app/data/T0015/329083/b8924gk/shopizer-329083/sm-core/src/main/java/com/salesmanager/core/modules/cms/product/ProductImagePut.java (ext=.java, size=447)
2026-03-04 18:35:16,955 - Knowledge - INFO - Worker kw18 processing /app/data/T0015/329083/b8924gk/shopizer-329083/sm-core/src/main/java/com/salesmanager/core/modules/cms/content/CmsStaticContentFileManagerInfinispanImpl.java
2026-03-04 18:35:17,057 - Knowledge - INFO - Fast-tracked /app/data/T0015/329083/b8924gk/shopizer-329083/sm-core/src/main/java/com/salesmanager/core/modules/utils/EncryptionImpl.java (small file (2620 bytes))
2026-03-04 18:35:17,133 - Knowledge - INFO - process ingested knowledge for /app/data/T0015/329083/b8924gk/shopizer-329083/sm-core/src/main/java/com/salesmanager/core/business/user/model/Permission.java
2026-03-04 18:35:17,207 - Knowledge - INFO - process ingested knowledge for /app/data/T0015/329083/b8924gk/shopizer-329083/sm-core/src/main/java/com/salesmanager/core/utils/ajax/AjaxResponse.java
2026-03-04 18:35:17,295 - Knowledge - INFO - Worker kw7 processing /app/data/T0015/329083/b8924gk/shopizer-329083/sm-shop/src/main/java/com/salesmanager/web/services/controller/store/StoreContactRESTController.java
2026-03-04 18:35:16,276 - Knowledge - INFO - Worker kw15 processing /app/data/T0015/329083/b8924gk/shopizer-329083/sm-shop/src/main/java/com/salesmanager/web/shop/model/paging/PaginationData.java
2026-03-04 18:35:17,446 - Knowledge - INFO - Worker kw8 processing /app/data/T0015/329083/b8924gk/shopizer-329083/sm-shop/src/main/java/com/salesmanager/web/shop/controller/customer/facade/CustomerFacadeImpl.java
2026-03-04 18:35:17,572 - Knowledge - INFO - Fast-tracked /app/data/T0015/329083/b8924gk/shopizer-329083/sm-shop/src/test/resources/log4j.xml (ext=.xml, size=1043)
2026-03-04 18:35:17,772 - Knowledge - INFO - Worker kw2 processing /app/data/T0015/329083/b8924gk/shopizer-329083/sm-shop/src/main/java/com/salesmanager/web/shop/controller/search/SearchController.java
2026-03-04 18:35:17,902 - Knowledge - INFO - Worker kw1 processing /app/data/T0015/329083/b8924gk/shopizer-329083/sm-shop/src/main/java/com/salesmanager/web/shop/controller/order/ShoppingOrderConfirmationController.java
2026-03-04 18:35:17,981 - Knowledge - INFO - Worker kw10 processing /app/data/T0015/329083/b8924gk/shopizer-329083/sm-core/src/main/resources/reference/zoneconfig.json
2026-03-04 18:35:18,064 - Knowledge - INFO - Worker kw12 processing /app/data/T0015/329083/b8924gk/shopizer-329083/sm-core/src/main/resources/ehcache/smcore-ehcache.xml
2026-03-04 18:35:18,143 - Knowledge - INFO - Worker kw13 processing /app/data/T0015/329083/b8924gk/shopizer-329083/sm-shop/src/main/java/com/salesmanager/web/populator/order/PersistableOrderPopulator.java
2026-03-04 18:35:18,378 - Knowledge - INFO - done ingest for /app/data/T0015/329083/b8924gk/shopizer-329083/sm-core/src/main/java/com/salesmanager/core/utils/ProductPriceUtils.java
2026-03-04 18:35:18,401 - Knowledge - INFO - [WEBSOCKET] Sent: Type=progress_update, Size: 294, Duration: 0ms
2026-03-04 18:35:18,475 - Knowledge - INFO - Worker kw9 processing /app/data/T0015/329083/b8924gk/shopizer-329083/sm-core/src/main/java/com/salesmanager/core/constants/SchemaConstant.java
2026-03-04 18:35:18,751 - Knowledge - INFO - Fast-tracked /app/data/T0015/329083/b8924gk/shopizer-329083/sm-core/src/main/java/com/salesmanager/core/modules/cms/content/StaticContentFileManagerImpl.java (small file (3037 bytes))
2026-03-04 18:35:18,826 - Knowledge - INFO - Async storage completed for 8 embeddings
2026-03-04 18:35:18,943 - Knowledge - INFO - process ingested knowledge for /app/data/T0015/329083/b8924gk/shopizer-329083/sm-core/src/main/java/com/salesmanager/core/business/user/model/PermissionList.java
2026-03-04 18:35:19,031 - Knowledge - INFO - process ingested knowledge for /app/data/T0015/329083/b8924gk/shopizer-329083/sm-core/src/main/java/com/salesmanager/core/utils/AbstractDataPopulator.java
2026-03-04 18:35:19,225 - Knowledge - INFO - Worker kw7 processing /app/data/T0015/329083/b8924gk/shopizer-329083/sm-shop/src/main/java/com/salesmanager/web/init/data/InitData.java
2026-03-04 18:35:19,435 - Knowledge - INFO - Worker kw15 processing /app/data/T0015/329083/b8924gk/shopizer-329083/sm-shop/src/main/java/com/salesmanager/web/shop/model/search/AutoCompleteRequest.java
2026-03-04 18:35:19,530 - Knowledge - INFO - Worker kw8 processing /app/data/T0015/329083/b8924gk/shopizer-329083/sm-shop/src/main/java/com/salesmanager/web/shop/controller/customer/facade/CustomerFacade.java
2026-03-04 18:35:19,592 - Knowledge - INFO - Async storage completed for 8 embeddings
2026-03-04 18:35:19,643 - Knowledge - INFO - Worker kw5 processing /app/data/T0015/329083/b8924gk/shopizer-329083/sm-shop/src/main/java/com/salesmanager/web/services/security/ServicesAuthenticationEntryPoint.java
2026-03-04 18:35:19,771 - Knowledge - INFO - Worker kw2 processing /app/data/T0015/329083/b8924gk/shopizer-329083/sm-shop/src/main/java/com/salesmanager/web/shop/controller/category/ShoppingCategoryController.java
2026-03-04 18:35:19,978 - Knowledge - INFO - Fast-tracked /app/data/T0015/329083/b8924gk/shopizer-329083/sm-core/src/main/resources/reference/zoneconfig.json (ext=.json, size=31381)
2026-03-04 18:35:20,072 - Knowledge - INFO - Fast-tracked /app/data/T0015/329083/b8924gk/shopizer-329083/sm-core/src/main/resources/ehcache/smcore-ehcache.xml (ext=.xml, size=910)
2026-03-04 18:35:20,192 - Knowledge - INFO - Worker kw13 processing /app/data/T0015/329083/b8924gk/shopizer-329083/sm-shop/src/main/java/com/salesmanager/web/populator/order/ReadableShopOrderPopulator.java
2026-03-04 18:35:20,431 - Knowledge - INFO - [LLM_CALL] Completed: IntegrationModulesLoader.java:chunk1, Duration: 28014ms, PromptTokens: 3164, CompletionTokens: 795, Cost: $0.00063
2026-03-04 18:35:20,804 - Knowledge - INFO - process ingested knowledge for /app/data/T0015/329083/b8924gk/shopizer-329083/sm-core/src/main/java/com/salesmanager/core/business/user/model/Group.java
2026-03-04 18:35:20,896 - Knowledge - INFO - process ingested knowledge for /app/data/T0015/329083/b8924gk/shopizer-329083/sm-core/src/main/java/com/salesmanager/core/utils/CloneUtils.java
2026-03-04 18:35:20,968 - Knowledge - INFO - Fast-tracked /app/data/T0015/329083/b8924gk/shopizer-329083/sm-shop/src/main/java/com/salesmanager/web/init/data/InitData.java (ext=.java, size=205)
2026-03-04 18:35:21,049 - Knowledge - INFO - Fast-tracked /app/data/T0015/329083/b8924gk/shopizer-329083/sm-shop/src/main/java/com/salesmanager/web/shop/model/search/AutoCompleteRequest.java (ext=.java, size=1964)
2026-03-04 18:35:21,167 - Knowledge - INFO - Worker kw8 processing /app/data/T0015/329083/b8924gk/shopizer-329083/sm-shop/src/main/java/com/salesmanager/web/shop/controller/customer/CustomerDashboardController.java
2026-03-04 18:35:21,351 - Knowledge - INFO - Fast-tracked /app/data/T0015/329083/b8924gk/shopizer-329083/sm-shop/src/main/java/com/salesmanager/web/services/security/ServicesAuthenticationEntryPoint.java (ext=.java, size=646)
2026-03-04 18:35:21,452 - Knowledge - INFO - Worker kw2 processing /app/data/T0015/329083/b8924gk/shopizer-329083/sm-shop/src/main/java/com/salesmanager/web/shop/controller/LandingController.java
2026-03-04 18:35:21,568 - Knowledge - INFO - Worker kw10 processing /app/data/T0015/329083/b8924gk/shopizer-329083/sm-core/src/main/resources/reference/integrationmodules.json
2026-03-04 18:35:21,661 - Knowledge - INFO - Worker kw12 processing /app/data/T0015/329083/b8924gk/shopizer-329083/sm-core/src/main/resources/spring/spring-context.xml
2026-03-04 18:35:21,752 - Knowledge - INFO - Worker kw13 processing /app/data/T0015/329083/b8924gk/shopizer-329083/sm-shop/src/main/java/com/salesmanager/web/populator/order/ReadableOrderPopulator.java
2026-03-04 18:35:21,828 - Knowledge - INFO - done ingest for /app/data/T0015/329083/b8924gk/shopizer-329083/sm-core/src/main/java/com/salesmanager/core/utils/reference/IntegrationModulesLoader.java
2026-03-04 18:35:21,830 - Knowledge - INFO - [WEBSOCKET] Sent: Type=unknown, Size: ?, Duration: 3430ms
2026-03-04 18:35:21,920 - Knowledge - INFO - process ingested knowledge for /app/data/T0015/329083/b8924gk/shopizer-329083/sm-core/src/main/java/com/salesmanager/core/business/user/model/User.java
2026-03-04 18:35:22,010 - Knowledge - INFO - process ingested knowledge for /app/data/T0015/329083/b8924gk/shopizer-329083/sm-core/src/main/java/com/salesmanager/core/utils/ProductUtils.java
2026-03-04 18:35:22,106 - Knowledge - INFO - Worker kw7 processing /app/data/T0015/329083/b8924gk/shopizer-329083/sm-shop/src/main/java/com/salesmanager/web/init/data/InitStoreData.java
2026-03-04 18:35:22,214 - Knowledge - INFO - Worker kw15 processing /app/data/T0015/329083/b8924gk/shopizer-329083/sm-shop/src/main/java/com/salesmanager/web/shop/model/filter/QueryFilter.java
2026-03-04 18:35:22,291 - Knowledge - INFO - Worker kw8 processing /app/data/T0015/329083/b8924gk/shopizer-329083/sm-shop/src/main/java/com/salesmanager/web/shop/controller/customer/CustomerRegistrationController.java
2026-03-04 18:35:22,434 - Knowledge - INFO - Worker kw5 processing /app/data/T0015/329083/b8924gk/shopizer-329083/sm-shop/src/main/java/com/salesmanager/web/services/security/CustomerServicesImpl.java
2026-03-04 18:35:22,595 - Knowledge - INFO - Worker kw2 processing /app/data/T0015/329083/b8924gk/shopizer-329083/sm-shop/src/main/java/com/salesmanager/web/shop/controller/ControllerConstants.java
2026-03-04 18:35:22,689 - Knowledge - INFO - Fast-tracked /app/data/T0015/329083/b8924gk/shopizer-329083/sm-core/src/main/resources/reference/integrationmodules.json (ext=.json, size=2188)
2026-03-04 18:35:22,896 - Knowledge - INFO - Fast-tracked /app/data/T0015/329083/b8924gk/shopizer-329083/sm-core/src/main/resources/spring/spring-context.xml (ext=.xml, size=5518)
2026-03-04 18:35:23,000 - Knowledge - INFO - Worker kw13 processing /app/data/T0015/329083/b8924gk/shopizer-329083/sm-shop/src/main/java/com/salesmanager/web/populator/order/ReadableShippingSummaryPopulator.java
2026-03-04 18:35:23,031 - Knowledge - INFO - Fast-tracked /app/data/T0015/329083/b8924gk/shopizer-329083/sm-shop/src/main/java/com/salesmanager/web/shop/controller/AbstractController.java (small file (2875 bytes))
2026-03-04 18:35:23,193 - Knowledge - INFO - Progress: 31.9% | Files: 380/1167 | Rate: 1.37 files/sec | Queue: 659
2026-03-04 18:35:23,232 - Knowledge - INFO - [LLM_CALL] Completed: ProductImageCropUtils.java:chunk1, Duration: 31269ms, PromptTokens: 3506, CompletionTokens: 673, Cost: $0.00062
2026-03-04 18:35:23,302 - Knowledge - INFO - process ingested knowledge for /app/data/T0015/329083/b8924gk/shopizer-329083/sm-core/src/main/java/com/salesmanager/core/business/user/model/GroupType.java
2026-03-04 18:35:23,673 - Knowledge - INFO - Fast-tracked /app/data/T0015/329083/b8924gk/shopizer-329083/sm-shop/src/main/java/com/salesmanager/web/shop/model/filter/QueryFilter.java (ext=.java, size=844)
2026-03-04 18:35:24,058 - Knowledge - INFO - Fast-tracked /app/data/T0015/329083/b8924gk/shopizer-329083/sm-shop/src/main/java/com/salesmanager/web/services/security/CustomerServicesImpl.java (small file (2931 bytes))
2026-03-04 18:35:24,194 - Knowledge - INFO - Async storage completed for 10 embeddings
2026-03-04 18:35:24,332 - Knowledge - INFO - Async storage completed for 8 embeddings
2026-03-04 18:35:24,477 - Knowledge - INFO - Async storage completed for 10 embeddings
2026-03-04 18:35:24,541 - Knowledge - INFO - Fast-tracked /app/data/T0015/329083/b8924gk/shopizer-329083/sm-shop/src/main/java/com/salesmanager/web/populator/order/ReadableShippingSummaryPopulator.java (ext=.java, size=1894)
2026-03-04 18:35:24,741 - Knowledge - INFO - [kw14] Queue=659, InProgress=0, PendingWorkers=20/20, Completed=380/1167 (32.6%)
2026-03-04 18:35:24,833 - Knowledge - INFO - done ingest for /app/data/T0015/329083/b8924gk/shopizer-329083/sm-core/src/main/java/com/salesmanager/core/utils/ProductImageCropUtils.java
2026-03-04 18:35:25,187 - Knowledge - INFO - Processing batch of 8 files
2026-03-04 18:35:25,363 - Knowledge - INFO - Worker kw15 processing /app/data/T0015/329083/b8924gk/shopizer-329083/sm-shop/src/main/java/com/salesmanager/web/shop/model/filter/QueryFilterType.java
2026-03-04 18:35:25,494 - Knowledge - INFO - Async storage completed for 8 embeddings
2026-03-04 18:35:25,959 - Knowledge - INFO - Worker kw13 processing /app/data/T0015/329083/b8924gk/shopizer-329083/sm-shop/src/main/java/com/salesmanager/web/populator/order/ReadableOrderTotalPopulator.java
2026-03-04 18:35:26,067 - Knowledge - INFO - Batch sizing: calculated=8, max_allowed=10, queue=659, active_workers=20/20
2026-03-04 18:35:26,426 - Knowledge - INFO - process ingested knowledge for /app/data/T0015/329083/b8924gk/shopizer-329083/sm-core/src/main/java/com/salesmanager/core/modules/order/InvoiceModule.java
2026-03-04 18:35:26,539 - Knowledge - INFO - [LLM_CALL] Completed: UPSShippingQuote.java:chunk1, Duration: 25754ms, PromptTokens: 11250, CompletionTokens: 671, Cost: $0.00139
2026-03-04 18:35:26,542 - Knowledge - INFO - Fast-tracked /app/data/T0015/329083/b8924gk/shopizer-329083/sm-shop/src/main/java/com/salesmanager/web/shop/model/filter/QueryFilterType.java (ext=.java, size=91)
2026-03-04 18:35:26,751 - Knowledge - INFO - Worker kw13 processing /app/data/T0015/329083/b8924gk/shopizer-329083/sm-shop/src/main/java/com/salesmanager/web/populator/order/PersistableOrderProductPopulator.java
2026-03-04 18:35:27,186 - Knowledge - INFO - process ingested knowledge for /app/data/T0015/329083/b8924gk/shopizer-329083/sm-core/src/main/java/com/salesmanager/core/modules/utils/GeoLocation.java
2026-03-04 18:35:27,187 - Knowledge - INFO - done ingest for /app/data/T0015/329083/b8924gk/shopizer-329083/sm-core/src/main/java/com/salesmanager/core/modules/integration/shipping/impl/UPSShippingQuote.java
2026-03-04 18:35:27,199 - Knowledge - INFO - [LLM_CALL] Completed: CustomWeightBasedShippingQuote.java:chunk1, Duration: 21505ms, PromptTokens: 2834, CompletionTokens: 572, Cost: $0.00051
2026-03-04 18:35:27,289 - Knowledge - INFO - Worker kw15 processing /app/data/T0015/329083/b8924gk/shopizer-329083/sm-shop/src/main/java/com/salesmanager/web/shop/model/catalog/Attribute.java
2026-03-04 18:35:27,414 - Knowledge - INFO - Worker kw13 processing /app/data/T0015/329083/b8924gk/shopizer-329083/sm-shop/src/main/java/com/salesmanager/web/populator/order/ReadableOrderProductPopulator.java
2026-03-04 18:35:27,624 - Knowledge - INFO - process ingested knowledge for /app/data/T0015/329083/b8924gk/shopizer-329083/sm-core/src/main/java/com/salesmanager/core/modules/utils/GeoLocationImpl.java
2026-03-04 18:35:27,773 - Knowledge - INFO - done ingest for /app/data/T0015/329083/b8924gk/shopizer-329083/sm-core/src/main/java/com/salesmanager/core/modules/integration/shipping/impl/CustomWeightBasedShippingQuote.java
2026-03-04 18:35:27,817 - Knowledge - INFO - Processing batch of 8 files
2026-03-04 18:35:27,822 - Knowledge - INFO - Async storing batch of 8 embeddings
2026-03-04 18:35:27,828 - Knowledge - INFO - Processing batch of 8 files
2026-03-04 18:35:27,837 - Knowledge - INFO - Processing batch of 8 files
2026-03-04 18:35:27,954 - Knowledge - INFO - Fast-tracked /app/data/T0015/329083/b8924gk/shopizer-329083/sm-shop/src/main/java/com/salesmanager/web/shop/model/catalog/Attribute.java (ext=.java, size=1163)
2026-03-04 18:35:28,223 - Knowledge - INFO - [LLM_CALL] Completed: HtmlEmailSenderImpl.java:chunk1, Duration: 30910ms, PromptTokens: 3500, CompletionTokens: 748, Cost: $0.00065
2026-03-04 18:35:28,327 - Knowledge - INFO - process ingested knowledge for /app/data/T0015/329083/b8924gk/shopizer-329083/sm-core/src/main/java/com/salesmanager/core/modules/utils/EncryptionImpl.java
2026-03-04 18:35:28,416 - Knowledge - INFO - process ingested knowledge for /app/data/T0015/329083/b8924gk/shopizer-329083/sm-core/src/main/java/com/salesmanager/core/utils/CreditCardUtils.java
2026-03-04 18:35:28,535 - Knowledge - INFO - Worker kw14 processing /app/data/T0015/329083/b8924gk/shopizer-329083/sm-shop/src/main/java/com/salesmanager/web/populator/order/OrderProductPopulator.java
2026-03-04 18:35:28,710 - Knowledge - INFO - process ingested knowledge for /app/data/T0015/329083/b8924gk/shopizer-329083/sm-core/src/main/resources/spring/shopizer-core-config.xml
2026-03-04 18:35:28,779 - Knowledge - INFO - process ingested knowledge for /app/data/T0015/329083/b8924gk/shopizer-329083/sm-core/src/main/java/com/salesmanager/core/constants/ShippingConstants.java
2026-03-04 18:35:29,048 - Knowledge - INFO - done ingest for /app/data/T0015/329083/b8924gk/shopizer-329083/sm-core/src/main/java/com/salesmanager/core/modules/email/HtmlEmailSenderImpl.java
2026-03-04 18:35:29,062 - Knowledge - INFO - Processing batch of 8 files
2026-03-04 18:35:29,368 - Knowledge - INFO - [WEBSOCKET] Sent: Type=progress_update, Size: 294, Duration: 0ms
2026-03-04 18:35:29,383 - Knowledge - INFO - process ingested knowledge for /app/data/T0015/329083/b8924gk/shopizer-329083/sm-core/src/main/java/com/salesmanager/core/utils/CoreConfiguration.java
2026-03-04 18:35:29,393 - Knowledge - INFO - process ingested knowledge for /app/data/T0015/329083/b8924gk/shopizer-329083/sm-core/src/main/java/com/salesmanager/core/modules/utils/Encryption.java
2026-03-04 18:35:29,509 - Knowledge - INFO - Worker kw14 processing /app/data/T0015/329083/b8924gk/shopizer-329083/sm-shop/src/main/java/com/salesmanager/web/populator/order/ReadableOrderProductDownloadPopulator.java
2026-03-04 18:35:29,802 - Knowledge - INFO - process ingested knowledge for /app/data/T0015/329083/b8924gk/shopizer-329083/sm-core/src/main/resources/spring/shopizer-search.xml
2026-03-04 18:35:29,809 - Knowledge - INFO - process ingested knowledge for /app/data/T0015/329083/b8924gk/shopizer-329083/sm-core/src/main/resources/search/settings_product_fr.json
2026-03-04 18:35:29,925 - Knowledge - INFO - process ingested knowledge for /app/data/T0015/329083/b8924gk/shopizer-329083/sm-core/pom.xml
2026-03-04 18:35:30,048 - Knowledge - INFO - [LLM_CALL] Completed: SchemaConstant.java:chunk1, Duration: 6843ms, PromptTokens: 8232, CompletionTokens: 269, Cost: $0.00093
2026-03-04 18:35:30,208 - Knowledge - INFO - process ingested knowledge for /app/data/T0015/329083/b8924gk/shopizer-329083/sm-core/src/main/java/com/salesmanager/core/utils/ProductImageCropUtils.java
2026-03-04 18:35:30,304 - Knowledge - INFO - process ingested knowledge for /app/data/T0015/329083/b8924gk/shopizer-329083/sm-core/src/main/java/com/salesmanager/core/modules/cms/impl/StaticContentCacheManagerImpl.java
2026-03-04 18:35:30,427 - Knowledge - INFO - Fast-tracked /app/data/T0015/329083/b8924gk/shopizer-329083/sm-shop/src/main/java/com/salesmanager/web/populator/order/ReadableOrderProductDownloadPopulator.java (ext=.java, size=1380)
2026-03-04 18:35:30,545 - Knowledge - INFO - process ingested knowledge for /app/data/T0015/329083/b8924gk/shopizer-329083/sm-core/src/main/resources/spring/datasource-c3p0.xml
2026-03-04 18:35:30,654 - Knowledge - INFO - Fast-tracked /app/data/T0015/329083/b8924gk/shopizer-329083/sm-shop/src/main/java/com/salesmanager/web/shop/controller/shoppingCart/facade/ShoppingCartFacade.java (small file (2465 bytes))
2026-03-04 18:35:30,655 - Knowledge - INFO - process ingested knowledge for /app/data/T0015/329083/b8924gk/shopizer-329083/sm-core/src/main/resources/search/product_fr.json
2026-03-04 18:35:30,728 - Knowledge - INFO - Async storage completed for 8 embeddings
2026-03-04 18:35:30,811 - Knowledge - INFO - process ingested knowledge for /app/data/T0015/329083/b8924gk/shopizer-329083/sm-shop/src/test/java/com/salesmanager/test/shop/controller/customer/rest/CustomerRESTControllerTest.java
2026-03-04 18:35:30,909 - Knowledge - INFO - done ingest for /app/data/T0015/329083/b8924gk/shopizer-329083/sm-core/src/main/java/com/salesmanager/core/constants/SchemaConstant.java
2026-03-04 18:35:30,972 - Knowledge - INFO - [WEBSOCKET] Sent: Type=unknown, Size: ?, Duration: 1605ms
2026-03-04 18:35:31,125 - Knowledge - INFO - process ingested knowledge for /app/data/T0015/329083/b8924gk/shopizer-329083/sm-core/src/main/java/com/salesmanager/core/utils/CacheUtils.java
2026-03-04 18:35:31,288 - Knowledge - INFO - process ingested knowledge for /app/data/T0015/329083/b8924gk/shopizer-329083/sm-core/src/main/java/com/salesmanager/core/modules/cms/impl/StoreCacheManagerImpl.java
2026-03-04 18:35:31,421 - Knowledge - INFO - Worker kw14 processing /app/data/T0015/329083/b8924gk/shopizer-329083/sm-shop/src/main/java/com/salesmanager/web/populator/order/ShoppingCartItemPopulator.java
2026-03-04 18:35:31,646 - Knowledge - INFO - process ingested knowledge for /app/data/T0015/329083/b8924gk/shopizer-329083/sm-core/src/main/resources/spring/shopizer-core-ehcache.xml
2026-03-04 18:35:31,886 - Knowledge - INFO - process ingested knowledge for /app/data/T0015/329083/b8924gk/shopizer-329083/sm-core/src/main/resources/search/settings_product.json
2026-03-04 18:35:32,138 - Knowledge - INFO - process ingested knowledge for /app/data/T0015/329083/b8924gk/shopizer-329083/sm-shop/src/test/java/com/salesmanager/test/shop/controller/category/rest/CategoryManagementAPITest.java
2026-03-04 18:35:32,470 - Knowledge - INFO - Progress: 35.3% | Files: 428/1167 | Rate: 1.48 files/sec | Queue: 651
2026-03-04 18:35:32,482 - Knowledge - INFO - Processing batch of 8 files
2026-03-04 18:35:32,540 - Knowledge - INFO - [LLM_CALL] Completed: USPSShippingQuote.java:chunk1, Duration: 21893ms, PromptTokens: 12564, CompletionTokens: 669, Cost: $0.00152
2026-03-04 18:35:32,624 - Knowledge - INFO - process ingested knowledge for /app/data/T0015/329083/b8924gk/shopizer-329083/sm-core/src/main/java/com/salesmanager/core/utils/ProductPriceUtils.java
2026-03-04 18:35:32,718 - Knowledge - INFO - process ingested knowledge for /app/data/T0015/329083/b8924gk/shopizer-329083/sm-core/src/main/java/com/salesmanager/core/modules/cms/impl/CacheManagerImpl.java
2026-03-04 18:35:32,920 - Knowledge - INFO - Worker kw14 processing /app/data/T0015/329083/b8924gk/shopizer-329083/sm-shop/src/main/java/com/salesmanager/web/populator/shoppingCart/ShoppingCartDataPopulator.java
2026-03-04 18:35:33,091 - Knowledge - INFO - process ingested knowledge for /app/data/T0015/329083/b8924gk/shopizer-329083/sm-core/src/main/resources/spring/shopizer-core-modules.xml
2026-03-04 18:35:33,182 - Knowledge - INFO - process ingested knowledge for /app/data/T0015/329083/b8924gk/shopizer-329083/sm-core/src/main/resources/search/product.json
2026-03-04 18:35:33,364 - Knowledge - INFO - process ingested knowledge for /app/data/T0015/329083/b8924gk/shopizer-329083/sm-shop/src/test/java/com/salesmanager/test/shop/controller/product/rest/ProductManagementAPITest.java
2026-03-04 18:35:33,535 - Knowledge - INFO - [kw3] Queue=651, InProgress=0, PendingWorkers=20/20, Completed=428/1167 (36.7%)
2026-03-04 18:35:33,738 - Knowledge - INFO - process ingested knowledge for /app/data/T0015/329083/b8924gk/shopizer-329083/sm-core/src/main/java/com/salesmanager/core/utils/reference/IntegrationModulesLoader.java
2026-03-04 18:35:33,871 - Knowledge - INFO - done ingest for /app/data/T0015/329083/b8924gk/shopizer-329083/sm-core/src/main/java/com/salesmanager/core/modules/integration/shipping/impl/USPSShippingQuote.java
2026-03-04 18:35:33,899 - Knowledge - INFO - Processing batch of 8 files
2026-03-04 18:35:33,906 - Knowledge - INFO - [kw4] Queue=651, InProgress=0, PendingWorkers=20/20, Completed=428/1167 (36.7%)
2026-03-04 18:35:33,951 - Knowledge - INFO - [LLM_CALL] Completed: PayPalExpressCheckoutPayment.java:chunk1, Duration: 23198ms, PromptTokens: 14154, CompletionTokens: 737, Cost: $0.00171
2026-03-04 18:35:34,003 - Knowledge - INFO - process ingested knowledge for /app/data/T0015/329083/b8924gk/shopizer-329083/sm-core/src/main/java/com/salesmanager/core/utils/EntityPopulator.java
2026-03-04 18:35:34,004 - Knowledge - INFO - Async storage completed for 8 embeddings
2026-03-04 18:35:34,188 - Knowledge - INFO - Worker kw14 processing /app/data/T0015/329083/b8924gk/shopizer-329083/sm-shop/src/main/java/com/salesmanager/web/populator/shoppingCart/ShoppingCartModelPopulator.java
2026-03-04 18:35:34,283 - Knowledge - INFO - process ingested knowledge for /app/data/T0015/329083/b8924gk/shopizer-329083/sm-core/src/main/resources/cms/infinispan_configuration.xml
2026-03-04 18:35:34,405 - Knowledge - INFO - process ingested knowledge for /app/data/T0015/329083/b8924gk/shopizer-329083/sm-core/src/main/resources/META-INF/sm-persistence.xml
2026-03-04 18:35:34,435 - Knowledge - INFO - process ingested knowledge for /app/data/T0015/329083/b8924gk/shopizer-329083/sm-shop/src/test/java/com/salesmanager/test/shop/controller/store/rest/ContactAPITest.java
2026-03-04 18:35:34,539 - Knowledge - INFO - Batch sizing: calculated=8, max_allowed=10, queue=651, active_workers=20/20
2026-03-04 18:35:34,685 - Knowledge - INFO - process ingested knowledge for /app/data/T0015/329083/b8924gk/shopizer-329083/sm-core/src/main/java/com/salesmanager/core/utils/reference/ZonesLoader.java
2026-03-04 18:35:34,844 - Knowledge - INFO - process ingested knowledge for /app/data/T0015/329083/b8924gk/shopizer-329083/sm-core/src/main/java/com/salesmanager/core/modules/cms/content/FileRemove.java
2026-03-04 18:35:35,001 - Knowledge - INFO - Batch sizing: calculated=8, max_allowed=10, queue=651, active_workers=20/20
2026-03-04 18:35:35,174 - Knowledge - INFO - done ingest for /app/data/T0015/329083/b8924gk/shopizer-329083/sm-core/src/main/java/com/salesmanager/core/modules/integration/payment/impl/PayPalExpressCheckoutPayment.java
2026-03-04 18:35:35,371 - Knowledge - INFO - [LLM_CALL] Completed: CanadaPostShippingQuote.java:chunk1, Duration: 27045ms, PromptTokens: 10204, CompletionTokens: 674, Cost: $0.00129
2026-03-04 18:35:35,465 - Knowledge - INFO - process ingested knowledge for /app/data/T0015/329083/b8924gk/shopizer-329083/sm-core/src/main/java/com/salesmanager/core/utils/DataUtils.java
2026-03-04 18:35:35,543 - Knowledge - INFO - Worker kw14 processing /app/data/T0015/329083/b8924gk/shopizer-329083/sm-shop/src/main/java/com/salesmanager/web/populator/customer/CustomerPopulator.java
2026-03-04 18:35:35,613 - Knowledge - INFO - process ingested knowledge for /app/data/T0015/329083/b8924gk/shopizer-329083/sm-core/src/main/resources/reference/zoneconfig.json
2026-03-04 18:35:35,728 - Knowledge - INFO - process ingested knowledge for /app/data/T0015/329083/b8924gk/shopizer-329083/sm-core/src/main/resources/ehcache/smcore-ehcache.xml
2026-03-04 18:35:35,818 - Knowledge - INFO - process ingested knowledge for /app/data/T0015/329083/b8924gk/shopizer-329083/sm-shop/src/test/resources/log4j.xml
2026-03-04 18:35:36,031 - Knowledge - INFO - process ingested knowledge for /app/data/T0015/329083/b8924gk/shopizer-329083/sm-core/src/main/java/com/salesmanager/core/modules/email/HtmlEmailSenderImpl.java
2026-03-04 18:35:36,145 - Knowledge - INFO - process ingested knowledge for /app/data/T0015/329083/b8924gk/shopizer-329083/sm-core/src/main/java/com/salesmanager/core/modules/cms/content/StaticContentFileManager.java
2026-03-04 18:35:36,475 - Knowledge - INFO - done ingest for /app/data/T0015/329083/b8924gk/shopizer-329083/sm-core/src/main/java/com/salesmanager/core/modules/integration/shipping/impl/CanadaPostShippingQuote.java
2026-03-04 18:35:36,522 - Knowledge - INFO - Async storing batch of 8 embeddings
2026-03-04 18:35:36,524 - Knowledge - INFO - [kw17] Queue=635, InProgress=0, PendingWorkers=20/20, Completed=428/1167 (36.7%)
2026-03-04 18:35:36,530 - Knowledge - INFO - Async storing batch of 8 embeddings
2026-03-04 18:35:36,583 - Knowledge - INFO - process ingested knowledge for /app/data/T0015/329083/b8924gk/shopizer-329083/sm-core/src/main/java/com/salesmanager/core/utils/reference/ConfigurationModulesLoader.java
2026-03-04 18:35:36,755 - Knowledge - INFO - Worker kw14 processing /app/data/T0015/329083/b8924gk/shopizer-329083/sm-shop/src/main/java/com/salesmanager/web/populator/customer/ReadableCustomerPopulator.java
2026-03-04 18:35:36,817 - Knowledge - INFO - [LLM_CALL] Completed: MoneyOrderPayment.java:chunk1, Duration: 28306ms, PromptTokens: 2244, CompletionTokens: 568, Cost: $0.00045
2026-03-04 18:35:36,850 - Knowledge - INFO - process ingested knowledge for /app/data/T0015/329083/b8924gk/shopizer-329083/sm-core/src/main/resources/reference/integrationmodules.json
2026-03-04 18:35:36,928 - Knowledge - INFO - process ingested knowledge for /app/data/T0015/329083/b8924gk/shopizer-329083/sm-core/src/main/resources/spring/spring-context.xml
2026-03-04 18:35:37,045 - Knowledge - INFO - process ingested knowledge for /app/data/T0015/329083/b8924gk/shopizer-329083/sm-shop/src/main/java/com/salesmanager/web/services/security/ServicesAuthenticationEntryPoint.java
2026-03-04 18:35:37,122 - Knowledge - INFO - process ingested knowledge for /app/data/T0015/329083/b8924gk/shopizer-329083/sm-core/src/main/java/com/salesmanager/core/modules/email/Email.java
2026-03-04 18:35:37,216 - Knowledge - INFO - process ingested knowledge for /app/data/T0015/329083/b8924gk/shopizer-329083/sm-core/src/main/java/com/salesmanager/core/modules/cms/content/ContentImageGet.java
2026-03-04 18:35:37,441 - Knowledge - INFO - Worker kw3 processing /app/data/T0015/329083/b8924gk/shopizer-329083/sm-shop/src/main/java/com/salesmanager/web/populator/customer/CustomerDeliveryAddressPopulator.java
2026-03-04 18:35:37,502 - Knowledge - INFO - Batch sizing: calculated=8, max_allowed=10, queue=635, active_workers=20/20
2026-03-04 18:35:37,609 - Knowledge - INFO - Worker kw4 processing /app/data/T0015/329083/b8924gk/shopizer-329083/sm-shop/src/main/java/com/salesmanager/web/populator/manufacturer/PersistableManufacturerPopulator.java
2026-03-04 18:35:37,778 - Knowledge - INFO - Worker kw14 processing /app/data/T0015/329083/b8924gk/shopizer-329083/sm-shop/src/main/java/com/salesmanager/web/populator/customer/PersistableCustomerOptionValuePopulator.java
2026-03-04 18:35:37,863 - Knowledge - INFO - done ingest for /app/data/T0015/329083/b8924gk/shopizer-329083/sm-core/src/main/java/com/salesmanager/core/modules/integration/payment/impl/MoneyOrderPayment.java
2026-03-04 18:35:37,863 - Knowledge - INFO - Processing batch of 8 files
2026-03-04 18:35:38,195 - Knowledge - INFO - process ingested knowledge for /app/data/T0015/329083/b8924gk/shopizer-329083/sm-shop/src/main/java/com/salesmanager/web/services/security/CustomerServicesImpl.java
2026-03-04 18:35:38,415 - Knowledge - INFO - Worker kw3 processing /app/data/T0015/329083/b8924gk/shopizer-329083/sm-shop/src/main/java/com/salesmanager/web/populator/customer/PersistableCustomerPopulator.java
2026-03-04 18:35:38,608 - Knowledge - INFO - process ingested knowledge for /app/data/T0015/329083/b8924gk/shopizer-329083/sm-core/src/main/java/com/salesmanager/core/modules/email/EmailConfig.java
2026-03-04 18:35:38,631 - Knowledge - INFO - Worker kw4 processing /app/data/T0015/329083/b8924gk/shopizer-329083/sm-shop/src/main/java/com/salesmanager/web/populator/manufacturer/ReadableManufacturerPopulator.java
2026-03-04 18:35:38,959 - Knowledge - INFO - process ingested knowledge for /app/data/T0015/329083/b8924gk/shopizer-329083/sm-core/src/main/java/com/salesmanager/core/modules/integration/shipping/impl/CustomWeightBasedShippingQuote.java
2026-03-04 18:35:39,052 - Knowledge - INFO - Async storing batch of 8 embeddings
2026-03-04 18:35:39,059 - Knowledge - INFO - process ingested knowledge for /app/data/T0015/329083/b8924gk/shopizer-329083/sm-core/src/main/java/com/salesmanager/core/modules/cms/content/FilePut.java
2026-03-04 18:35:39,208 - Knowledge - INFO - Worker kw3 processing /app/data/T0015/329083/b8924gk/shopizer-329083/sm-shop/src/main/java/com/salesmanager/web/populator/customer/PersistableCustomerShippingAddressPopulator.java
2026-03-04 18:35:39,425 - Knowledge - INFO - Fast-tracked /app/data/T0015/329083/b8924gk/shopizer-329083/sm-shop/src/main/java/com/salesmanager/web/populator/manufacturer/ReadableManufacturerPopulator.java (ext=.java, size=1946)
2026-03-04 18:35:39,611 - Knowledge - INFO - Worker kw17 processing /app/data/T0015/329083/b8924gk/shopizer-329083/sm-shop/src/main/java/com/salesmanager/web/populator/catalog/PersistableProductOptionValuePopulator.java
2026-03-04 18:35:39,711 - Knowledge - INFO - Worker kw4 processing /app/data/T0015/329083/b8924gk/shopizer-329083/sm-shop/src/main/java/com/salesmanager/web/populator/catalog/ReadableCategoryPopulator.java
2026-03-04 18:35:39,813 - Knowledge - INFO - Worker kw3 processing /app/data/T0015/329083/b8924gk/shopizer-329083/sm-shop/src/main/java/com/salesmanager/web/populator/customer/CustomerOptionPopulator.java
2026-03-04 18:35:39,902 - Knowledge - INFO - process ingested knowledge for /app/data/T0015/329083/b8924gk/shopizer-329083/sm-core/src/main/java/com/salesmanager/core/modules/email/HtmlEmailSender.java
2026-03-04 18:35:39,919 - Knowledge - INFO - process ingested knowledge for /app/data/T0015/329083/b8924gk/shopizer-329083/sm-core/src/main/java/com/salesmanager/core/modules/integration/shipping/impl/CanadaPostShippingQuote.java
2026-03-04 18:35:40,112 - Knowledge - INFO - Worker kw17 processing /app/data/T0015/329083/b8924gk/shopizer-329083/sm-shop/src/main/java/com/salesmanager/web/populator/catalog/PersistableProductReviewPopulator.java
2026-03-04 18:35:40,226 - Knowledge - INFO - Worker kw4 processing /app/data/T0015/329083/b8924gk/shopizer-329083/sm-shop/src/main/java/com/salesmanager/web/populator/catalog/PersistableCategoryPopulator.java
2026-03-04 18:35:40,236 - Knowledge - INFO - [LLM_CALL] Completed: BeanStreamPayment.java:chunk1, Duration: 34329ms, PromptTokens: 13638, CompletionTokens: 916, Cost: $0.00173
2026-03-04 18:35:40,285 - Knowledge - INFO - Worker kw3 processing /app/data/T0015/329083/b8924gk/shopizer-329083/sm-shop/src/main/java/com/salesmanager/web/populator/customer/CustomerEntityPopulator.java
2026-03-04 18:35:40,523 - Knowledge - INFO - Worker kw17 processing /app/data/T0015/329083/b8924gk/shopizer-329083/sm-shop/src/main/java/com/salesmanager/web/populator/catalog/ReadableProductPopulator.java
2026-03-04 18:35:40,639 - Knowledge - INFO - Worker kw4 processing /app/data/T0015/329083/b8924gk/shopizer-329083/sm-shop/src/main/java/com/salesmanager/web/populator/catalog/ReadableProductPricePopulator.java
2026-03-04 18:35:40,734 - Knowledge - INFO - done ingest for /app/data/T0015/329083/b8924gk/shopizer-329083/sm-core/src/main/java/com/salesmanager/core/modules/integration/payment/impl/BeanStreamPayment.java
2026-03-04 18:35:40,780 - Knowledge - INFO - process ingested knowledge for /app/data/T0015/329083/b8924gk/shopizer-329083/sm-core/src/main/java/com/salesmanager/core/modules/integration/shipping/impl/UPSShippingQuote.java
2026-03-04 18:35:40,826 - Knowledge - INFO - Worker kw3 processing /app/data/T0015/329083/b8924gk/shopizer-329083/sm-shop/src/main/java/com/salesmanager/web/populator/customer/PersistableCustomerBillingAddressPopulator.java
2026-03-04 18:35:40,895 - Knowledge - INFO - process ingested knowledge for /app/data/T0015/329083/b8924gk/shopizer-329083/sm-core/src/main/java/com/salesmanager/core/constants/MeasureUnit.java
2026-03-04 18:35:40,938 - Knowledge - INFO - Worker kw17 processing /app/data/T0015/329083/b8924gk/shopizer-329083/sm-shop/src/main/java/com/salesmanager/web/images/ImagesController.java
2026-03-04 18:35:41,058 - Knowledge - INFO - process ingested knowledge for /app/data/T0015/329083/b8924gk/shopizer-329083/sm-core/src/main/java/com/salesmanager/core/modules/integration/shipping/impl/USPSShippingQuote.java
2026-03-04 18:35:41,059 - Knowledge - INFO - Fast-tracked /app/data/T0015/329083/b8924gk/shopizer-329083/sm-shop/src/main/java/com/salesmanager/web/populator/catalog/ReadableProductPricePopulator.java (ext=.java, size=1818)
2026-03-04 18:35:41,735 - Knowledge - INFO - Worker kw3 processing /app/data/T0015/329083/b8924gk/shopizer-329083/sm-shop/src/main/java/com/salesmanager/web/populator/customer/PersistableCustomerOptionPopulator.java
2026-03-04 18:35:41,849 - Knowledge - INFO - Worker kw17 processing /app/data/T0015/329083/b8924gk/shopizer-329083/sm-shop/src/main/java/com/salesmanager/web/filter/StoreFilter.java
2026-03-04 18:35:42,129 - Knowledge - INFO - Worker kw4 processing /app/data/T0015/329083/b8924gk/shopizer-329083/sm-shop/src/main/java/com/salesmanager/web/populator/catalog/PersistableProductOptionPopulator.java
2026-03-04 18:35:42,290 - Knowledge - INFO - Worker kw3 processing /app/data/T0015/329083/b8924gk/shopizer-329083/sm-shop/src/main/java/com/salesmanager/web/populator/customer/CustomerBillingAddressPopulator.java
2026-03-04 18:35:42,316 - Knowledge - INFO - [LLM_CALL] Completed: PayPalRestPayment.java:chunk1, Duration: 29235ms, PromptTokens: 4714, CompletionTokens: 688, Cost: $0.00075
2026-03-04 18:35:42,430 - Knowledge - INFO - Worker kw17 processing /app/data/T0015/329083/b8924gk/shopizer-329083/sm-shop/src/main/java/com/salesmanager/web/filter/AdminFilter.java
2026-03-04 18:35:42,473 - Knowledge - INFO - process ingested knowledge for /app/data/T0015/329083/b8924gk/shopizer-329083/sm-core/src/main/java/com/salesmanager/core/modules/integration/shipping/impl/DefaultPackagingImpl.java
2026-03-04 18:35:42,550 - Knowledge - INFO - Worker kw4 processing /app/data/T0015/329083/b8924gk/shopizer-329083/sm-shop/src/main/java/com/salesmanager/web/populator/catalog/ReadableProductReviewPopulator.java
2026-03-04 18:35:42,656 - Knowledge - INFO - Fast-tracked /app/data/T0015/329083/b8924gk/shopizer-329083/sm-shop/src/main/java/com/salesmanager/web/populator/customer/CustomerBillingAddressPopulator.java (ext=.java, size=1831)
2026-03-04 18:35:42,699 - Knowledge - INFO - process ingested knowledge for /app/data/T0015/329083/b8924gk/shopizer-329083/sm-core/src/main/java/com/salesmanager/core/modules/integration/shipping/model/CustomShippingQuoteWeightItem.java
2026-03-04 18:35:42,733 - Knowledge - INFO - done ingest for /app/data/T0015/329083/b8924gk/shopizer-329083/sm-core/src/main/java/com/salesmanager/core/modules/integration/payment/impl/PayPalRestPayment.java
2026-03-04 18:35:42,804 - Knowledge - INFO - process ingested knowledge for /app/data/T0015/329083/b8924gk/shopizer-329083/sm-core/src/main/java/com/salesmanager/core/constants/SystemConstants.java
2026-03-04 18:35:42,830 - Knowledge - INFO - Worker kw17 processing /app/data/T0015/329083/b8924gk/shopizer-329083/sm-shop/src/main/java/com/salesmanager/web/utils/UserUtils.java
2026-03-04 18:35:42,963 - Knowledge - INFO - [WEBSOCKET] Sent: Type=progress_update, Size: 291, Duration: 0ms
2026-03-04 18:35:42,989 - Knowledge - INFO - Fast-tracked /app/data/T0015/329083/b8924gk/shopizer-329083/sm-shop/src/main/java/com/salesmanager/web/shop/controller/content/ShopContentController.java (small file (2277 bytes))
2026-03-04 18:35:43,013 - Knowledge - INFO - Worker kw4 processing /app/data/T0015/329083/b8924gk/shopizer-329083/sm-shop/src/main/java/com/salesmanager/web/populator/catalog/PersistableProductPopulator.java
2026-03-04 18:35:43,100 - Knowledge - INFO - Fast-tracked /app/data/T0015/329083/b8924gk/shopizer-329083/sm-shop/src/main/java/com/salesmanager/web/populator/customer/CustomerDeliveryAddressPopulator.java (small file (2626 bytes))
2026-03-04 18:35:43,561 - Knowledge - INFO - Fast-tracked /app/data/T0015/329083/b8924gk/shopizer-329083/sm-shop/src/main/java/com/salesmanager/web/utils/UserUtils.java (ext=.java, size=469)
2026-03-04 18:35:43,704 - Knowledge - INFO - [WEBSOCKET] Sent: Type=unknown, Size: ?, Duration: 741ms
2026-03-04 18:35:43,757 - Knowledge - INFO - process ingested knowledge for /app/data/T0015/329083/b8924gk/shopizer-329083/sm-core/src/main/java/com/salesmanager/core/modules/integration/shipping/model/CustomShippingQuotesRegion.java
2026-03-04 18:35:43,870 - Knowledge - INFO - Fast-tracked /app/data/T0015/329083/b8924gk/shopizer-329083/sm-shop/src/main/java/com/salesmanager/web/shop/model/paging/PaginationData.java (small file (2646 bytes))
2026-03-04 18:35:44,083 - Knowledge - INFO - Fast-tracked /app/data/T0015/329083/b8924gk/shopizer-329083/sm-shop/src/main/java/com/salesmanager/web/populator/manufacturer/PersistableManufacturerPopulator.java (small file (2742 bytes))
2026-03-04 18:35:44,267 - Knowledge - INFO - Worker kw17 processing /app/data/T0015/329083/b8924gk/shopizer-329083/sm-shop/src/main/java/com/salesmanager/web/utils/EmailTemplatesUtils.java
2026-03-04 18:35:44,357 - Knowledge - INFO - process ingested knowledge for /app/data/T0015/329083/b8924gk/shopizer-329083/sm-core/src/main/java/com/salesmanager/core/constants/Constants.java
2026-03-04 18:35:44,368 - Knowledge - INFO - Progress: 37.4% | Files: 436/1167 | Rate: 1.44 files/sec | Queue: 627
2026-03-04 18:35:44,393 - Knowledge - INFO - [LLM_CALL] Completed: ODSInvoiceModule.java:chunk1, Duration: 26010ms, PromptTokens: 7158, CompletionTokens: 959, Cost: $0.00110
2026-03-04 18:35:44,610 - Knowledge - INFO - Async storage completed for 8 embeddings
2026-03-04 18:35:44,636 - Knowledge - INFO - [kw10] Queue=627, InProgress=0, PendingWorkers=20/20, Completed=436/1167 (37.4%)
2026-03-04 18:35:44,636 - Knowledge - INFO - process ingested knowledge for /app/data/T0015/329083/b8924gk/shopizer-329083/sm-core/src/main/java/com/salesmanager/core/modules/integration/shipping/model/CustomShippingQuoteItem.java
2026-03-04 18:35:44,753 - Knowledge - INFO - Fast-tracked /app/data/T0015/329083/b8924gk/shopizer-329083/sm-shop/src/main/java/com/salesmanager/web/populator/catalog/ReadableCategoryPopulator.java (small file (2010 bytes))
2026-03-04 18:35:44,862 - Knowledge - INFO - Fast-tracked /app/data/T0015/329083/b8924gk/shopizer-329083/sm-shop/src/main/java/com/salesmanager/web/populator/catalog/PersistableProductOptionValuePopulator.java (small file (2977 bytes))
2026-03-04 18:35:44,970 - Knowledge - INFO - process ingested knowledge for /app/data/T0015/329083/b8924gk/shopizer-329083/sm-core/src/main/java/com/salesmanager/core/constants/SchemaConstant.java
2026-03-04 18:35:45,091 - Knowledge - INFO - [kw20] Queue=627, InProgress=0, PendingWorkers=20/20, Completed=436/1167 (37.4%)
2026-03-04 18:35:45,131 - Knowledge - INFO - done ingest for /app/data/T0015/329083/b8924gk/shopizer-329083/sm-core/src/main/java/com/salesmanager/core/modules/order/ODSInvoiceModule.java
2026-03-04 18:35:45,132 - Knowledge - INFO - [kw12] Queue=627, InProgress=0, PendingWorkers=20/20, Completed=436/1167 (37.4%)
2026-03-04 18:35:45,132 - Knowledge - INFO - [kw5] Queue=627, InProgress=0, PendingWorkers=20/20, Completed=436/1167 (37.4%)
2026-03-04 18:35:45,305 - Knowledge - INFO - Batch sizing: calculated=8, max_allowed=10, queue=627, active_workers=20/20
2026-03-04 18:35:45,397 - Knowledge - INFO - process ingested knowledge for /app/data/T0015/329083/b8924gk/shopizer-329083/sm-core/src/main/java/com/salesmanager/core/modules/integration/shipping/model/ShippingQuoteModule.java
2026-03-04 18:35:45,767 - Knowledge - INFO - Batch sizing: calculated=8, max_allowed=10, queue=627, active_workers=20/20
2026-03-04 18:35:45,814 - Knowledge - INFO - [kw6] Queue=627, InProgress=0, PendingWorkers=20/20, Completed=436/1167 (37.4%)
2026-03-04 18:35:45,972 - Knowledge - INFO - Processing batch of 8 files
2026-03-04 18:35:45,990 - Knowledge - INFO - Batch sizing: calculated=8, max_allowed=10, queue=627, active_workers=20/20
2026-03-04 18:35:46,091 - Knowledge - INFO - Batch sizing: calculated=8, max_allowed=10, queue=627, active_workers=20/20
2026-03-04 18:35:46,251 - Knowledge - INFO - [LLM_CALL] Completed: CmsImageFileManagerInfinispanImpl.java:chunk1, Duration: 25842ms, PromptTokens: 6480, CompletionTokens: 849, Cost: $0.00099
2026-03-04 18:35:46,296 - Knowledge - INFO - process ingested knowledge for /app/data/T0015/329083/b8924gk/shopizer-329083/sm-core/src/main/java/com/salesmanager/core/modules/integration/shipping/model/CustomShippingQuotesConfiguration.java
2026-03-04 18:35:46,470 - Knowledge - INFO - Batch sizing: calculated=8, max_allowed=10, queue=627, active_workers=20/20
2026-03-04 18:35:46,542 - Knowledge - INFO - process ingested knowledge for /app/data/T0015/329083/b8924gk/shopizer-329083/sm-core/src/main/java/com/salesmanager/core/modules/integration/shipping/model/Packaging.java
2026-03-04 18:35:46,848 - Knowledge - INFO - done ingest for /app/data/T0015/329083/b8924gk/shopizer-329083/sm-core/src/main/java/com/salesmanager/core/modules/cms/product/CmsImageFileManagerInfinispanImpl.java
2026-03-04 18:35:46,851 - Knowledge - INFO - Async storing batch of 8 embeddings
2026-03-04 18:35:46,851 - Knowledge - INFO - Async storing batch of 8 embeddings
2026-03-04 18:35:46,852 - Knowledge - INFO - Async storing batch of 8 embeddings
2026-03-04 18:35:46,852 - Knowledge - INFO - Async storing batch of 8 embeddings
2026-03-04 18:35:47,107 - Knowledge - INFO - Async storing batch of 8 embeddings
2026-03-04 18:35:47,107 - Knowledge - INFO - process ingested knowledge for /app/data/T0015/329083/b8924gk/shopizer-329083/sm-core/src/main/java/com/salesmanager/core/modules/integration/payment/impl/BeanStreamPayment.java
2026-03-04 18:35:47,295 - Knowledge - INFO - Worker kw10 processing /app/data/T0015/329083/b8924gk/shopizer-329083/sm-shop/src/main/java/com/salesmanager/web/utils/DateUtil.java
2026-03-04 18:35:47,404 - Knowledge - INFO - Worker kw12 processing /app/data/T0015/329083/b8924gk/shopizer-329083/sm-shop/src/main/java/com/salesmanager/web/utils/BeanUtils.java
2026-03-04 18:35:47,495 - Knowledge - INFO - Worker kw20 processing /app/data/T0015/329083/b8924gk/shopizer-329083/sm-shop/src/main/java/com/salesmanager/web/utils/EmailUtils.java
2026-03-04 18:35:47,593 - Knowledge - INFO - Worker kw5 processing /app/data/T0015/329083/b8924gk/shopizer-329083/sm-shop/src/main/java/com/salesmanager/web/admin/controller/products/ProductsController.java
2026-03-04 18:35:47,664 - Knowledge - INFO - Worker kw6 processing /app/data/T0015/329083/b8924gk/shopizer-329083/sm-shop/src/main/java/com/salesmanager/web/admin/controller/products/DigitalProductController.java
2026-03-04 18:35:47,963 - Knowledge - INFO - Worker kw10 processing /app/data/T0015/329083/b8924gk/shopizer-329083/sm-shop/src/main/java/com/salesmanager/web/utils/AdminAccessDeniedHandler.java
2026-03-04 18:35:47,975 - Knowledge - INFO - process ingested knowledge for /app/data/T0015/329083/b8924gk/shopizer-329083/sm-core/src/main/java/com/salesmanager/core/modules/integration/payment/impl/MoneyOrderPayment.java
2026-03-04 18:35:48,024 - Knowledge - INFO - [kw9] Queue=587, InProgress=0, PendingWorkers=20/20, Completed=444/1167 (38.0%)
2026-03-04 18:35:48,080 - Knowledge - INFO - Worker kw12 processing /app/data/T0015/329083/b8924gk/shopizer-329083/sm-shop/src/main/java/com/salesmanager/web/admin/security/SecurityQuestion.java
2026-03-04 18:35:48,265 - Knowledge - INFO - Worker kw20 processing /app/data/T0015/329083/b8924gk/shopizer-329083/sm-shop/src/main/java/com/salesmanager/web/utils/AppConfiguration.java
2026-03-04 18:35:48,331 - Knowledge - INFO - [LLM_CALL] Completed: ProductFileManagerImpl.java:chunk1, Duration: 23136ms, PromptTokens: 5590, CompletionTokens: 742, Cost: $0.00086
2026-03-04 18:35:48,370 - Knowledge - INFO - Worker kw5 processing /app/data/T0015/329083/b8924gk/shopizer-329083/sm-shop/src/main/java/com/salesmanager/web/admin/controller/products/ProductPriceController.java
2026-03-04 18:35:48,542 - Knowledge - INFO - Worker kw6 processing /app/data/T0015/329083/b8924gk/shopizer-329083/sm-shop/src/main/java/com/salesmanager/web/admin/controller/products/ProductImagesController.java
2026-03-04 18:35:48,626 - Knowledge - INFO - Fast-tracked /app/data/T0015/329083/b8924gk/shopizer-329083/sm-shop/src/main/java/com/salesmanager/web/utils/AdminAccessDeniedHandler.java (ext=.java, size=883)
2026-03-04 18:35:48,748 - Knowledge - INFO - process ingested knowledge for /app/data/T0015/329083/b8924gk/shopizer-329083/sm-core/src/main/java/com/salesmanager/core/modules/integration/payment/impl/PayPalExpressCheckoutPayment.java
2026-03-04 18:35:48,891 - Knowledge - INFO - Batch sizing: calculated=8, max_allowed=10, queue=587, active_workers=20/20
2026-03-04 18:35:49,003 - Knowledge - INFO - Fast-tracked /app/data/T0015/329083/b8924gk/shopizer-329083/sm-shop/src/main/java/com/salesmanager/web/admin/security/SecurityQuestion.java (ext=.java, size=473)
2026-03-04 18:35:49,091 - Knowledge - INFO - Fast-tracked /app/data/T0015/329083/b8924gk/shopizer-329083/sm-shop/src/main/java/com/salesmanager/web/utils/AppConfiguration.java (ext=.java, size=745)
2026-03-04 18:35:49,204 - Knowledge - INFO - done ingest for /app/data/T0015/329083/b8924gk/shopizer-329083/sm-core/src/main/java/com/salesmanager/core/modules/cms/product/ProductFileManagerImpl.java
2026-03-04 18:35:49,274 - Knowledge - INFO - Worker kw5 processing /app/data/T0015/329083/b8924gk/shopizer-329083/sm-shop/src/main/java/com/salesmanager/web/admin/controller/products/FeaturedItemsController.java
2026-03-04 18:35:49,351 - Knowledge - INFO - Worker kw6 processing /app/data/T0015/329083/b8924gk/shopizer-329083/sm-shop/src/main/java/com/salesmanager/web/admin/controller/products/ProductReviewController.java
2026-03-04 18:35:49,452 - Knowledge - INFO - Worker kw10 processing /app/data/T0015/329083/b8924gk/shopizer-329083/sm-shop/src/main/java/com/salesmanager/web/utils/SessionUtil.java
2026-03-04 18:35:49,564 - Knowledge - INFO - process ingested knowledge for /app/data/T0015/329083/b8924gk/shopizer-329083/sm-core/src/main/java/com/salesmanager/core/modules/integration/payment/impl/PayPalRestPayment.java
2026-03-04 18:35:49,801 - Knowledge - INFO - Worker kw12 processing /app/data/T0015/329083/b8924gk/shopizer-329083/sm-shop/src/main/java/com/salesmanager/web/admin/security/UserAuthenticationSuccessHandler.java
2026-03-04 18:35:49,813 - Knowledge - INFO - Async storing batch of 8 embeddings
2026-03-04 18:35:49,892 - Knowledge - INFO - Worker kw20 processing /app/data/T0015/329083/b8924gk/shopizer-329083/sm-shop/src/main/java/com/salesmanager/web/utils/PageBuilderUtils.java
2026-03-04 18:35:50,099 - Knowledge - INFO - Worker kw5 processing /app/data/T0015/329083/b8924gk/shopizer-329083/sm-shop/src/main/java/com/salesmanager/web/admin/controller/products/ManufacturerController.java
2026-03-04 18:35:50,150 - Knowledge - INFO - Processing batch of 8 files
2026-03-04 18:35:50,198 - Knowledge - INFO - Worker kw6 processing /app/data/T0015/329083/b8924gk/shopizer-329083/sm-shop/src/main/java/com/salesmanager/web/admin/controller/products/RelatedItemsController.java
2026-03-04 18:35:50,242 - Knowledge - INFO - [kw16] Queue=579, InProgress=0, PendingWorkers=20/20, Completed=452/1167 (38.7%)
2026-03-04 18:35:50,284 - Knowledge - INFO - Fast-tracked /app/data/T0015/329083/b8924gk/shopizer-329083/sm-shop/src/main/java/com/salesmanager/web/utils/SessionUtil.java (ext=.java, size=718)
2026-03-04 18:35:50,362 - Knowledge - INFO - process ingested knowledge for /app/data/T0015/329083/b8924gk/shopizer-329083/sm-core/src/main/java/com/salesmanager/core/modules/integration/payment/model/PaymentModule.java
2026-03-04 18:35:50,469 - Knowledge - INFO - Fast-tracked /app/data/T0015/329083/b8924gk/shopizer-329083/sm-shop/src/main/java/com/salesmanager/web/admin/security/UserAuthenticationSuccessHandler.java (ext=.java, size=1569)
2026-03-04 18:35:50,552 - Knowledge - INFO - [LLM_CALL] Completed: CmsStaticContentFileManagerInfinispanImpl.java:chunk1, Duration: 25379ms, PromptTokens: 6770, CompletionTokens: 896, Cost: $0.00104
2026-03-04 18:35:50,610 - Knowledge - INFO - Worker kw9 processing /app/data/T0015/329083/b8924gk/shopizer-329083/sm-shop/src/main/java/com/salesmanager/web/admin/controller/shipping/ShippingConfigsController.java
2026-03-04 18:35:50,687 - Knowledge - INFO - Fast-tracked /app/data/T0015/329083/b8924gk/shopizer-329083/sm-shop/src/main/java/com/salesmanager/web/utils/PageBuilderUtils.java (ext=.java, size=412)
2026-03-04 18:35:50,806 - Knowledge - INFO - Worker kw5 processing /app/data/T0015/329083/b8924gk/shopizer-329083/sm-shop/src/main/java/com/salesmanager/web/admin/controller/products/ProductAttributeController.java
2026-03-04 18:35:50,912 - Knowledge - INFO - process ingested knowledge for /app/data/T0015/329083/b8924gk/shopizer-329083/sm-core/src/main/java/com/salesmanager/core/modules/cms/impl/VendorCacheManager.java
2026-03-04 18:35:51,002 - Knowledge - INFO - Worker kw6 processing /app/data/T0015/329083/b8924gk/shopizer-329083/sm-shop/src/main/java/com/salesmanager/web/admin/controller/shipping/ShippingOptionsController.java
2026-03-04 18:35:51,075 - Knowledge - INFO - Batch sizing: calculated=8, max_allowed=10, queue=579, active_workers=20/20
2026-03-04 18:35:51,087 - Knowledge - INFO - Fast-tracked /app/data/T0015/329083/b8924gk/shopizer-329083/sm-shop/src/main/java/com/salesmanager/web/populator/order/ReadableOrderTotalPopulator.java (small file (2157 bytes))
2026-03-04 18:35:51,176 - Knowledge - INFO - Worker kw10 processing /app/data/T0015/329083/b8924gk/shopizer-329083/sm-shop/src/main/java/com/salesmanager/web/utils/FilePathUtils.java
2026-03-04 18:35:51,257 - Knowledge - INFO - process ingested knowledge for /app/data/T0015/329083/b8924gk/shopizer-329083/sm-core/src/main/java/com/salesmanager/core/modules/integration/IntegrationException.java
2026-03-04 18:35:51,368 - Knowledge - INFO - Worker kw12 processing /app/data/T0015/329083/b8924gk/shopizer-329083/sm-shop/src/main/java/com/salesmanager/web/admin/security/WebUserServices.java
2026-03-04 18:35:51,470 - Knowledge - INFO - done ingest for /app/data/T0015/329083/b8924gk/shopizer-329083/sm-core/src/main/java/com/salesmanager/core/modules/cms/content/CmsStaticContentFileManagerInfinispanImpl.java
2026-03-04 18:35:51,539 - Knowledge - INFO - Worker kw9 processing /app/data/T0015/329083/b8924gk/shopizer-329083/sm-shop/src/main/java/com/salesmanager/web/admin/controller/merchant/StoreBrandingController.java
2026-03-04 18:35:51,620 - Knowledge - INFO - Worker kw20 processing /app/data/T0015/329083/b8924gk/shopizer-329083/sm-shop/src/main/java/com/salesmanager/web/utils/GeoLocationUtils.java
2026-03-04 18:35:51,740 - Knowledge - INFO - Worker kw5 processing /app/data/T0015/329083/b8924gk/shopizer-329083/sm-shop/src/main/java/com/salesmanager/web/admin/controller/products/ProductController.java
2026-03-04 18:35:51,820 - Knowledge - INFO - process ingested knowledge for /app/data/T0015/329083/b8924gk/shopizer-329083/sm-core/src/main/java/com/salesmanager/core/modules/cms/impl/CacheManager.java
2026-03-04 18:35:51,913 - Knowledge - INFO - Worker kw6 processing /app/data/T0015/329083/b8924gk/shopizer-329083/sm-shop/src/main/java/com/salesmanager/web/admin/controller/shipping/ShippingMethodsController.java
2026-03-04 18:35:52,032 - Knowledge - INFO - Async storing batch of 8 embeddings
2026-03-04 18:35:52,236 - Knowledge - INFO - Worker kw10 processing /app/data/T0015/329083/b8924gk/shopizer-329083/sm-shop/src/main/java/com/salesmanager/web/utils/ImageFilePathUtils.java
2026-03-04 18:35:52,291 - Knowledge - INFO - process ingested knowledge for /app/data/T0015/329083/b8924gk/shopizer-329083/sm-core/src/main/java/com/salesmanager/core/modules/order/ODSInvoiceModule.java
2026-03-04 18:35:52,379 - Knowledge - INFO - Fast-tracked /app/data/T0015/329083/b8924gk/shopizer-329083/sm-shop/src/main/java/com/salesmanager/web/admin/security/WebUserServices.java (ext=.java, size=240)
2026-03-04 18:35:52,456 - Knowledge - INFO - Processing batch of 8 files
2026-03-04 18:35:52,559 - Knowledge - INFO - Worker kw9 processing /app/data/T0015/329083/b8924gk/shopizer-329083/sm-shop/src/main/java/com/salesmanager/web/admin/controller/merchant/StoreLandingController.java
2026-03-04 18:35:52,646 - Knowledge - INFO - Fast-tracked /app/data/T0015/329083/b8924gk/shopizer-329083/sm-shop/src/main/java/com/salesmanager/web/utils/GeoLocationUtils.java (ext=.java, size=776)
2026-03-04 18:35:52,739 - Knowledge - INFO - Worker kw5 processing /app/data/T0015/329083/b8924gk/shopizer-329083/sm-shop/src/main/java/com/salesmanager/web/admin/controller/products/ProductKeywordsController.java
2026-03-04 18:35:52,865 - Knowledge - INFO - process ingested knowledge for /app/data/T0015/329083/b8924gk/shopizer-329083/sm-core/src/main/java/com/salesmanager/core/modules/cms/product/ProductImageGet.java
2026-03-04 18:35:52,939 - Knowledge - INFO - [LLM_CALL] Completed: ContactController.java:chunk1, Duration: 16417ms, PromptTokens: 3284, CompletionTokens: 634, Cost: $0.00058
2026-03-04 18:35:52,976 - Knowledge - INFO - Worker kw6 processing /app/data/T0015/329083/b8924gk/shopizer-329083/sm-shop/src/main/java/com/salesmanager/web/admin/controller/shipping/CustomShippingMethodsController.java
2026-03-04 18:35:53,066 - Knowledge - INFO - Worker kw16 processing /app/data/T0015/329083/b8924gk/shopizer-329083/sm-shop/src/main/java/com/salesmanager/web/admin/controller/customers/CustomerController.java
2026-03-04 18:35:53,148 - Knowledge - INFO - Worker kw10 processing /app/data/T0015/329083/b8924gk/shopizer-329083/sm-shop/src/main/java/com/salesmanager/web/utils/FieldMatch.java
2026-03-04 18:35:53,336 - Knowledge - INFO - Worker kw12 processing /app/data/T0015/329083/b8924gk/shopizer-329083/sm-shop/src/main/java/com/salesmanager/web/admin/security/UserServicesImpl.java
2026-03-04 18:35:53,453 - Knowledge - INFO - process ingested knowledge for /app/data/T0015/329083/b8924gk/shopizer-329083/sm-core/src/main/java/com/salesmanager/core/modules/cms/common/ImageRemove.java
2026-03-04 18:35:53,532 - Knowledge - INFO - Worker kw9 processing /app/data/T0015/329083/b8924gk/shopizer-329083/sm-shop/src/main/java/com/salesmanager/web/admin/controller/merchant/MerchantStoreController.java
2026-03-04 18:35:53,612 - Knowledge - INFO - Worker kw20 processing /app/data/T0015/329083/b8924gk/shopizer-329083/sm-shop/src/main/java/com/salesmanager/web/utils/MerchantUtils.java
2026-03-04 18:35:53,725 - Knowledge - INFO - Worker kw5 processing /app/data/T0015/329083/b8924gk/shopizer-329083/sm-shop/src/main/java/com/salesmanager/web/admin/controller/products/OptionsValueController.java
2026-03-04 18:35:53,819 - Knowledge - INFO - process ingested knowledge for /app/data/T0015/329083/b8924gk/shopizer-329083/sm-core/src/main/java/com/salesmanager/core/modules/cms/product/ProductFileManager.java
2026-03-04 18:35:53,933 - Knowledge - INFO - done ingest for /app/data/T0015/329083/b8924gk/shopizer-329083/sm-shop/src/main/java/com/salesmanager/web/shop/controller/store/ContactController.java
2026-03-04 18:35:54,020 - Knowledge - INFO - Worker kw6 processing /app/data/T0015/329083/b8924gk/shopizer-329083/sm-shop/src/main/java/com/salesmanager/web/admin/controller/shipping/ShippingPackagingController.java
2026-03-04 18:35:54,124 - Knowledge - INFO - Worker kw16 processing /app/data/T0015/329083/b8924gk/shopizer-329083/sm-shop/src/main/java/com/salesmanager/web/admin/controller/customers/CustomerOptionsSetController.java
2026-03-04 18:35:54,216 - Knowledge - INFO - Fast-tracked /app/data/T0015/329083/b8924gk/shopizer-329083/sm-shop/src/main/java/com/salesmanager/web/utils/FieldMatch.java (ext=.java, size=1821)
2026-03-04 18:35:54,288 - Knowledge - INFO - Worker kw12 processing /app/data/T0015/329083/b8924gk/shopizer-329083/sm-shop/src/main/java/com/salesmanager/web/admin/security/SecurityDataAccessException.java
2026-03-04 18:35:54,396 - Knowledge - INFO - process ingested knowledge for /app/data/T0015/329083/b8924gk/shopizer-329083/sm-core/src/main/java/com/salesmanager/core/modules/cms/common/StaticContentData.java
2026-03-04 18:35:54,477 - Knowledge - INFO - Worker kw9 processing /app/data/T0015/329083/b8924gk/shopizer-329083/sm-shop/src/main/java/com/salesmanager/web/admin/controller/categories/CategoryController.java
2026-03-04 18:35:54,558 - Knowledge - INFO - Fast-tracked /app/data/T0015/329083/b8924gk/shopizer-329083/sm-shop/src/main/java/com/salesmanager/web/utils/MerchantUtils.java (ext=.java, size=575)
2026-03-04 18:35:54,755 - Knowledge - INFO - process ingested knowledge for /app/data/T0015/329083/b8924gk/shopizer-329083/sm-core/src/main/java/com/salesmanager/core/modules/cms/product/CmsImageFileManagerInfinispanImpl.java
2026-03-04 18:35:55,071 - Knowledge - INFO - Worker kw16 processing /app/data/T0015/329083/b8924gk/shopizer-329083/sm-shop/src/main/java/com/salesmanager/web/admin/controller/customers/CustomerOptionsValueController.java
2026-03-04 18:35:55,180 - Knowledge - INFO - Worker kw10 processing /app/data/T0015/329083/b8924gk/shopizer-329083/sm-shop/src/main/java/com/salesmanager/web/utils/LabelUtils.java
2026-03-04 18:35:55,216 - Knowledge - INFO - Fast-tracked /app/data/T0015/329083/b8924gk/shopizer-329083/sm-shop/src/main/java/com/salesmanager/web/populator/catalog/PersistableProductOptionPopulator.java (small file (2769 bytes))
2026-03-04 18:35:55,251 - Knowledge - INFO - Fast-tracked /app/data/T0015/329083/b8924gk/shopizer-329083/sm-shop/src/main/java/com/salesmanager/web/admin/security/SecurityDataAccessException.java (ext=.java, size=391)
2026-03-04 18:35:55,333 - Knowledge - INFO - process ingested knowledge for /app/data/T0015/329083/b8924gk/shopizer-329083/sm-core/src/main/java/com/salesmanager/core/modules/cms/common/ImageGet.java
2026-03-04 18:35:55,380 - Knowledge - INFO - [WEBSOCKET] Sent: Type=progress_update, Size: 293, Duration: 0ms
2026-03-04 18:35:55,426 - Knowledge - INFO - Worker kw9 processing /app/data/T0015/329083/b8924gk/shopizer-329083/sm-shop/src/main/java/com/salesmanager/web/admin/controller/ControllerConstants.java
2026-03-04 18:35:55,523 - Knowledge - INFO - Worker kw20 processing /app/data/T0015/329083/b8924gk/shopizer-329083/sm-shop/src/main/java/com/salesmanager/web/utils/BreadcrumbsUtils.java
2026-03-04 18:35:55,610 - Knowledge - INFO - process ingested knowledge for /app/data/T0015/329083/b8924gk/shopizer-329083/sm-core/src/main/java/com/salesmanager/core/modules/cms/product/ProductImageRemove.java
2026-03-04 18:35:55,729 - Knowledge - INFO - Worker kw16 processing /app/data/T0015/329083/b8924gk/shopizer-329083/sm-shop/src/main/java/com/salesmanager/web/admin/controller/tax/TaxRatesController.java
2026-03-04 18:35:55,808 - Knowledge - INFO - Fast-tracked /app/data/T0015/329083/b8924gk/shopizer-329083/sm-shop/src/main/java/com/salesmanager/web/utils/LabelUtils.java (ext=.java, size=965)
2026-03-04 18:35:55,921 - Knowledge - INFO - Fast-tracked /app/data/T0015/329083/b8924gk/shopizer-329083/sm-shop/src/main/java/com/salesmanager/web/populator/catalog/ReadableProductReviewPopulator.java (small file (2014 bytes))
2026-03-04 18:35:56,022 - Knowledge - INFO - Worker kw12 processing /app/data/T0015/329083/b8924gk/shopizer-329083/sm-shop/src/main/java/com/salesmanager/web/admin/controller/products/CustomProductGroupsController.java
2026-03-04 18:35:56,109 - Knowledge - INFO - process ingested knowledge for /app/data/T0015/329083/b8924gk/shopizer-329083/sm-core/src/main/java/com/salesmanager/core/modules/cms/content/FileGet.java
2026-03-04 18:35:56,214 - Knowledge - INFO - [WEBSOCKET] Sent: Type=unknown, Size: ?, Duration: 834ms
2026-03-04 18:35:56,290 - Knowledge - INFO - Worker kw9 processing /app/data/T0015/329083/b8924gk/shopizer-329083/sm-shop/src/main/java/com/salesmanager/web/admin/controller/payments/PaymentsController.java
2026-03-04 18:35:56,387 - Knowledge - INFO - Worker kw20 processing /app/data/T0015/329083/b8924gk/shopizer-329083/sm-shop/src/main/java/com/salesmanager/web/utils/TokenizeTool.java
2026-03-04 18:35:56,463 - Knowledge - INFO - process ingested knowledge for /app/data/T0015/329083/b8924gk/shopizer-329083/sm-core/src/main/java/com/salesmanager/core/modules/cms/product/ProductFileManagerImpl.java
2026-03-04 18:35:56,539 - Knowledge - INFO - Worker kw16 processing /app/data/T0015/329083/b8924gk/shopizer-329083/sm-shop/src/main/java/com/salesmanager/web/admin/controller/tax/TaxConfigurationController.java
2026-03-04 18:35:56,643 - Knowledge - INFO - Worker kw10 processing /app/data/T0015/329083/b8924gk/shopizer-329083/sm-shop/src/main/java/com/salesmanager/web/utils/LocaleUtils.java
2026-03-04 18:35:56,799 - Knowledge - INFO - Worker kw12 processing /app/data/T0015/329083/b8924gk/shopizer-329083/sm-shop/src/main/java/com/salesmanager/web/admin/controller/products/OptionsController.java
2026-03-04 18:35:56,885 - Knowledge - INFO - process ingested knowledge for /app/data/T0015/329083/b8924gk/shopizer-329083/sm-core/src/main/java/com/salesmanager/core/modules/cms/content/StaticContentFileManagerImpl.java
2026-03-04 18:35:56,955 - Knowledge - INFO - Progress: 39.4% | Files: 460/1167 | Rate: 1.46 files/sec | Queue: 571
2026-03-04 18:35:57,060 - Knowledge - INFO - Worker kw9 processing /app/data/T0015/329083/b8924gk/shopizer-329083/sm-shop/src/main/java/com/salesmanager/web/admin/controller/customers/CustomerOptionsController.java
2026-03-04 18:35:57,148 - Knowledge - INFO - Fast-tracked /app/data/T0015/329083/b8924gk/shopizer-329083/sm-shop/src/main/java/com/salesmanager/web/utils/TokenizeTool.java (ext=.java, size=950)
2026-03-04 18:35:57,256 - Knowledge - INFO - process ingested knowledge for /app/data/T0015/329083/b8924gk/shopizer-329083/sm-core/src/main/java/com/salesmanager/core/modules/cms/product/ProductImagePut.java
2026-03-04 18:35:57,375 - Knowledge - INFO - Worker kw16 processing /app/data/T0015/329083/b8924gk/shopizer-329083/sm-shop/src/main/java/com/salesmanager/web/admin/controller/tax/TaxClassController.java
2026-03-04 18:35:57,477 - Knowledge - INFO - Fast-tracked /app/data/T0015/329083/b8924gk/shopizer-329083/sm-shop/src/main/java/com/salesmanager/web/utils/LocaleUtils.java (ext=.java, size=1429)
2026-03-04 18:35:57,561 - Knowledge - INFO - Fast-tracked /app/data/T0015/329083/b8924gk/shopizer-329083/sm-shop/src/main/java/com/salesmanager/web/utils/BeanUtils.java (small file (2248 bytes))
2026-03-04 18:35:57,625 - Knowledge - INFO - process ingested knowledge for /app/data/T0015/329083/b8924gk/shopizer-329083/sm-core/src/main/java/com/salesmanager/core/modules/cms/content/ContentImageRemove.java
2026-03-04 18:35:57,712 - Knowledge - INFO - [kw11] Queue=571, InProgress=0, PendingWorkers=20/20, Completed=460/1167 (39.4%)
2026-03-04 18:35:57,901 - Knowledge - INFO - Worker kw20 processing /app/data/T0015/329083/b8924gk/shopizer-329083/sm-shop/src/main/java/com/salesmanager/web/utils/FieldMatchValidator.java
2026-03-04 18:35:58,131 - Knowledge - INFO - Worker kw16 processing /app/data/T0015/329083/b8924gk/shopizer-329083/sm-shop/src/main/java/com/salesmanager/web/admin/controller/AdminController.java
2026-03-04 18:35:58,384 - Knowledge - INFO - process ingested knowledge for /app/data/T0015/329083/b8924gk/shopizer-329083/sm-core/src/main/java/com/salesmanager/core/modules/cms/content/ImagePut.java
2026-03-04 18:35:58,446 - Knowledge - INFO - Batch sizing: calculated=8, max_allowed=10, queue=571, active_workers=20/20
2026-03-04 18:35:58,556 - Knowledge - INFO - Fast-tracked /app/data/T0015/329083/b8924gk/shopizer-329083/sm-shop/src/main/java/com/salesmanager/web/utils/FieldMatchValidator.java (ext=.java, size=1442)
2026-03-04 18:35:58,629 - Knowledge - INFO - Worker kw16 processing /app/data/T0015/329083/b8924gk/shopizer-329083/sm-shop/src/main/java/com/salesmanager/web/admin/controller/content/ContentBoxesController.java
2026-03-04 18:35:58,706 - Knowledge - INFO - process ingested knowledge for /app/data/T0015/329083/b8924gk/shopizer-329083/sm-core/src/main/java/com/salesmanager/core/modules/cms/content/CmsStaticContentFileManagerInfinispanImpl.java
2026-03-04 18:35:58,821 - Knowledge - INFO - Async storing batch of 8 embeddings
2026-03-04 18:35:58,886 - Knowledge - INFO - Fast-tracked /app/data/T0015/329083/b8924gk/shopizer-329083/sm-shop/src/main/java/com/salesmanager/web/utils/EmailUtils.java (small file (2216 bytes))
2026-03-04 18:35:58,991 - Knowledge - INFO - [kw19] Queue=563, InProgress=0, PendingWorkers=20/20, Completed=460/1167 (39.4%)
2026-03-04 18:35:59,148 - Knowledge - INFO - Worker kw11 processing /app/data/T0015/329083/b8924gk/shopizer-329083/sm-shop/src/main/java/com/salesmanager/web/admin/controller/content/ContentImageController.java
2026-03-04 18:35:59,332 - Knowledge - INFO - Batch sizing: calculated=8, max_allowed=10, queue=563, active_workers=20/20
2026-03-04 18:35:59,446 - Knowledge - INFO - Worker kw11 processing /app/data/T0015/329083/b8924gk/shopizer-329083/sm-shop/src/main/java/com/salesmanager/web/admin/controller/content/StaticContentController.java
2026-03-04 18:35:59,536 - Knowledge - INFO - Async storing batch of 8 embeddings
2026-03-04 18:35:59,635 - Knowledge - INFO - Worker kw11 processing /app/data/T0015/329083/b8924gk/shopizer-329083/sm-shop/src/main/java/com/salesmanager/web/admin/controller/content/ContentPagesController.java
2026-03-04 18:35:59,717 - Knowledge - INFO - Worker kw19 processing /app/data/T0015/329083/b8924gk/shopizer-329083/sm-shop/src/main/java/com/salesmanager/web/admin/controller/user/PermissionController.java
2026-03-04 18:35:59,867 - Knowledge - INFO - Worker kw11 processing /app/data/T0015/329083/b8924gk/shopizer-329083/sm-shop/src/main/java/com/salesmanager/web/admin/controller/configurations/CacheController.java
2026-03-04 18:35:59,974 - Knowledge - INFO - Worker kw19 processing /app/data/T0015/329083/b8924gk/shopizer-329083/sm-shop/src/main/java/com/salesmanager/web/admin/controller/user/LoginController.java
2026-03-04 18:36:00,073 - Knowledge - INFO - Worker kw11 processing /app/data/T0015/329083/b8924gk/shopizer-329083/sm-shop/src/main/java/com/salesmanager/web/admin/controller/configurations/ConfigurationController.java
2026-03-04 18:36:00,152 - Knowledge - INFO - [LLM_CALL] Completed: ShopProductController.java:chunk1, Duration: 31052ms, PromptTokens: 7274, CompletionTokens: 1003, Cost: $0.00113
2026-03-04 18:36:00,222 - Knowledge - INFO - Fast-tracked /app/data/T0015/329083/b8924gk/shopizer-329083/sm-shop/src/main/java/com/salesmanager/web/admin/controller/user/LoginController.java (ext=.java, size=1648)
2026-03-04 18:36:00,292 - Knowledge - INFO - Worker kw11 processing /app/data/T0015/329083/b8924gk/shopizer-329083/sm-shop/src/main/java/com/salesmanager/web/admin/controller/configurations/SystemConfigurationController.java
2026-03-04 18:36:00,360 - Knowledge - INFO - done ingest for /app/data/T0015/329083/b8924gk/shopizer-329083/sm-shop/src/main/java/com/salesmanager/web/shop/controller/product/ShopProductController.java
2026-03-04 18:36:00,360 - Knowledge - INFO - [kw18] Queue=555, InProgress=0, PendingWorkers=20/20, Completed=460/1167 (39.4%)
2026-03-04 18:36:00,471 - Knowledge - INFO - Worker kw19 processing /app/data/T0015/329083/b8924gk/shopizer-329083/sm-shop/src/main/java/com/salesmanager/web/admin/controller/user/UserController.java
2026-03-04 18:36:00,578 - Knowledge - INFO - Worker kw11 processing /app/data/T0015/329083/b8924gk/shopizer-329083/sm-shop/src/main/java/com/salesmanager/web/admin/controller/user/GroupsController.java
2026-03-04 18:36:00,679 - Knowledge - INFO - Processing batch of 8 files
2026-03-04 18:36:00,763 - Knowledge - INFO - Batch sizing: calculated=8, max_allowed=10, queue=555, active_workers=20/20
2026-03-04 18:36:00,831 - Knowledge - INFO - Worker kw19 processing /app/data/T0015/329083/b8924gk/shopizer-329083/sm-shop/src/main/java/com/salesmanager/web/admin/controller/orders/OrderControler.java
2026-03-04 18:36:00,951 - Knowledge - INFO - Worker kw11 processing /app/data/T0015/329083/b8924gk/shopizer-329083/sm-shop/src/main/java/com/salesmanager/web/admin/controller/user/SecurityController.java
2026-03-04 18:36:01,030 - Knowledge - INFO - process ingested knowledge for /app/data/T0015/329083/b8924gk/shopizer-329083/sm-shop/src/main/java/com/salesmanager/web/shop/controller/product/ShopProductController.java
2026-03-04 18:36:01,140 - Knowledge - INFO - Async storing batch of 8 embeddings
2026-03-04 18:36:01,219 - Knowledge - INFO - Worker kw19 processing /app/data/T0015/329083/b8924gk/shopizer-329083/sm-shop/src/main/java/com/salesmanager/web/admin/controller/orders/OrderActionsControler.java
2026-03-04 18:36:01,412 - Knowledge - INFO - process ingested knowledge for /app/data/T0015/329083/b8924gk/shopizer-329083/sm-shop/src/main/java/com/salesmanager/web/shop/controller/store/ContactController.java
2026-03-04 18:36:01,518 - Knowledge - INFO - Worker kw18 processing /app/data/T0015/329083/b8924gk/shopizer-329083/sm-shop/src/main/java/com/salesmanager/web/admin/entity/customer/attribute/CustomerOptionValue.java
2026-03-04 18:36:01,599 - Knowledge - INFO - Worker kw19 processing /app/data/T0015/329083/b8924gk/shopizer-329083/sm-shop/src/main/java/com/salesmanager/web/admin/controller/orders/OrdersController.java
2026-03-04 18:36:01,729 - Knowledge - INFO - process ingested knowledge for /app/data/T0015/329083/b8924gk/shopizer-329083/sm-shop/src/main/java/com/salesmanager/web/shop/controller/content/ShopContentController.java
2026-03-04 18:36:01,817 - Knowledge - INFO - Fast-tracked /app/data/T0015/329083/b8924gk/shopizer-329083/sm-shop/src/main/java/com/salesmanager/web/admin/entity/customer/attribute/CustomerOptionValue.java (ext=.java, size=438)
2026-03-04 18:36:01,922 - Knowledge - INFO - Worker kw19 processing /app/data/T0015/329083/b8924gk/shopizer-329083/sm-shop/src/main/java/com/salesmanager/web/admin/entity/merchant/StoreLanding.java
2026-03-04 18:36:02,003 - Knowledge - INFO - process ingested knowledge for /app/data/T0015/329083/b8924gk/shopizer-329083/sm-shop/src/main/java/com/salesmanager/web/shop/model/paging/PaginationData.java
2026-03-04 18:36:02,106 - Knowledge - INFO - Fast-tracked /app/data/T0015/329083/b8924gk/shopizer-329083/sm-shop/src/main/java/com/salesmanager/web/populator/customer/CustomerOptionPopulator.java (small file (2317 bytes))
2026-03-04 18:36:02,114 - Knowledge - INFO - Worker kw18 processing /app/data/T0015/329083/b8924gk/shopizer-329083/sm-shop/src/main/java/com/salesmanager/web/admin/entity/customer/attribute/CustomerAttributes.java
2026-03-04 18:36:02,239 - Knowledge - INFO - Fast-tracked /app/data/T0015/329083/b8924gk/shopizer-329083/sm-shop/src/main/java/com/salesmanager/web/admin/entity/merchant/StoreLanding.java (ext=.java, size=495)
2026-03-04 18:36:02,329 - Knowledge - INFO - process ingested knowledge for /app/data/T0015/329083/b8924gk/shopizer-329083/sm-shop/src/main/java/com/salesmanager/web/shop/model/search/AutoCompleteRequest.java
2026-03-04 18:36:02,490 - Knowledge - INFO - Fast-tracked /app/data/T0015/329083/b8924gk/shopizer-329083/sm-shop/src/main/java/com/salesmanager/web/admin/entity/customer/attribute/CustomerAttributes.java (ext=.java, size=374)
2026-03-04 18:36:02,569 - Knowledge - INFO - Worker kw19 processing /app/data/T0015/329083/b8924gk/shopizer-329083/sm-shop/src/main/java/com/salesmanager/web/admin/entity/merchant/StoreLandingDescription.java
2026-03-04 18:36:02,693 - Knowledge - INFO - process ingested knowledge for /app/data/T0015/329083/b8924gk/shopizer-329083/sm-shop/src/main/java/com/salesmanager/web/shop/model/filter/QueryFilter.java
2026-03-04 18:36:02,772 - Knowledge - INFO - Worker kw18 processing /app/data/T0015/329083/b8924gk/shopizer-329083/sm-shop/src/main/java/com/salesmanager/web/admin/entity/customer/attribute/CustomerOption.java
2026-03-04 18:36:02,867 - Knowledge - INFO - Fast-tracked /app/data/T0015/329083/b8924gk/shopizer-329083/sm-shop/src/main/java/com/salesmanager/web/admin/entity/merchant/StoreLandingDescription.java (ext=.java, size=1202)
2026-03-04 18:36:02,969 - Knowledge - INFO - process ingested knowledge for /app/data/T0015/329083/b8924gk/shopizer-329083/sm-shop/src/main/java/com/salesmanager/web/shop/model/filter/QueryFilterType.java
2026-03-04 18:36:03,081 - Knowledge - INFO - Fast-tracked /app/data/T0015/329083/b8924gk/shopizer-329083/sm-shop/src/main/java/com/salesmanager/web/admin/entity/customer/attribute/CustomerOption.java (ext=.java, size=1216)
2026-03-04 18:36:03,299 - Knowledge - INFO - process ingested knowledge for /app/data/T0015/329083/b8924gk/shopizer-329083/sm-shop/src/main/java/com/salesmanager/web/shop/model/catalog/Attribute.java
2026-03-04 18:36:03,411 - Knowledge - INFO - Worker kw18 processing /app/data/T0015/329083/b8924gk/shopizer-329083/sm-shop/src/main/java/com/salesmanager/web/admin/entity/userpassword/UserReset.java
2026-03-04 18:36:03,586 - Knowledge - INFO - Fast-tracked /app/data/T0015/329083/b8924gk/shopizer-329083/sm-shop/src/main/java/com/salesmanager/web/admin/entity/userpassword/UserReset.java (ext=.java, size=1275)
2026-03-04 18:36:03,776 - Knowledge - INFO - Worker kw18 processing /app/data/T0015/329083/b8924gk/shopizer-329083/sm-shop/src/main/java/com/salesmanager/web/admin/entity/secutity/Password.java
2026-03-04 18:36:03,920 - Knowledge - INFO - Fast-tracked /app/data/T0015/329083/b8924gk/shopizer-329083/sm-shop/src/main/java/com/salesmanager/web/admin/entity/secutity/Password.java (ext=.java, size=995)
2026-03-04 18:36:04,122 - Knowledge - INFO - Worker kw18 processing /app/data/T0015/329083/b8924gk/shopizer-329083/sm-shop/src/main/java/com/salesmanager/web/admin/entity/digital/ProductFiles.java
2026-03-04 18:36:04,319 - Knowledge - INFO - Fast-tracked /app/data/T0015/329083/b8924gk/shopizer-329083/sm-shop/src/main/java/com/salesmanager/web/admin/entity/digital/ProductFiles.java (ext=.java, size=1592)
2026-03-04 18:36:04,477 - Knowledge - INFO - [kw15] Queue=547, InProgress=0, PendingWorkers=20/20, Completed=468/1167 (40.1%)
2026-03-04 18:36:04,526 - Knowledge - INFO - Worker kw18 processing /app/data/T0015/329083/b8924gk/shopizer-329083/sm-shop/src/main/java/com/salesmanager/web/admin/entity/web/Menu.java
2026-03-04 18:36:04,679 - Knowledge - INFO - Batch sizing: calculated=8, max_allowed=10, queue=547, active_workers=20/20
2026-03-04 18:36:04,764 - Knowledge - INFO - Fast-tracked /app/data/T0015/329083/b8924gk/shopizer-329083/sm-shop/src/main/java/com/salesmanager/web/admin/entity/web/Menu.java (ext=.java, size=1281)
2026-03-04 18:36:04,850 - Knowledge - INFO - Async storing batch of 8 embeddings
2026-03-04 18:36:04,937 - Knowledge - INFO - Worker kw18 processing /app/data/T0015/329083/b8924gk/shopizer-329083/sm-shop/src/main/java/com/salesmanager/web/admin/entity/web/ConfigListWrapper.java
2026-03-04 18:36:05,050 - Knowledge - INFO - Worker kw15 processing /app/data/T0015/329083/b8924gk/shopizer-329083/sm-shop/src/main/java/com/salesmanager/web/admin/entity/content/ContentFiles.java
2026-03-04 18:36:05,140 - Knowledge - INFO - Fast-tracked /app/data/T0015/329083/b8924gk/shopizer-329083/sm-shop/src/main/java/com/salesmanager/web/admin/entity/web/ConfigListWrapper.java (ext=.java, size=453)
2026-03-04 18:36:05,227 - Knowledge - INFO - Fast-tracked /app/data/T0015/329083/b8924gk/shopizer-329083/sm-shop/src/main/java/com/salesmanager/web/admin/entity/content/ContentFiles.java (ext=.java, size=1193)
2026-03-04 18:36:05,318 - Knowledge - INFO - Async storage completed for 8 embeddings
2026-03-04 18:36:05,411 - Knowledge - INFO - Worker kw15 processing /app/data/T0015/329083/b8924gk/shopizer-329083/sm-shop/src/main/java/com/salesmanager/web/admin/entity/content/ProductImages.java
2026-03-04 18:36:05,555 - Knowledge - INFO - Processing batch of 8 files
2026-03-04 18:36:05,670 - Knowledge - INFO - Fast-tracked /app/data/T0015/329083/b8924gk/shopizer-329083/sm-shop/src/main/java/com/salesmanager/web/admin/entity/content/ProductImages.java (ext=.java, size=347)
2026-03-04 18:36:05,759 - Knowledge - INFO - process ingested knowledge for /app/data/T0015/329083/b8924gk/shopizer-329083/sm-shop/src/main/java/com/salesmanager/web/admin/entity/customer/attribute/CustomerOptionValue.java
2026-03-04 18:36:05,855 - Knowledge - INFO - Worker kw15 processing /app/data/T0015/329083/b8924gk/shopizer-329083/sm-shop/src/main/java/com/salesmanager/web/admin/entity/catalog/ProductPrice.java
2026-03-04 18:36:05,932 - Knowledge - INFO - process ingested knowledge for /app/data/T0015/329083/b8924gk/shopizer-329083/sm-shop/src/main/java/com/salesmanager/web/admin/entity/customer/attribute/CustomerAttributes.java
2026-03-04 18:36:06,051 - Knowledge - INFO - Worker kw15 processing /app/data/T0015/329083/b8924gk/shopizer-329083/sm-shop/src/main/java/com/salesmanager/web/admin/entity/catalog/Product.java
2026-03-04 18:36:06,177 - Knowledge - INFO - process ingested knowledge for /app/data/T0015/329083/b8924gk/shopizer-329083/sm-shop/src/main/java/com/salesmanager/web/admin/entity/customer/attribute/CustomerOption.java
2026-03-04 18:36:06,261 - Knowledge - INFO - Worker kw15 processing /app/data/T0015/329083/b8924gk/shopizer-329083/sm-shop/src/main/java/com/salesmanager/web/admin/entity/catalog/Keyword.java
2026-03-04 18:36:06,374 - Knowledge - INFO - process ingested knowledge for /app/data/T0015/329083/b8924gk/shopizer-329083/sm-shop/src/main/java/com/salesmanager/web/admin/entity/userpassword/UserReset.java
2026-03-04 18:36:06,484 - Knowledge - INFO - Fast-tracked /app/data/T0015/329083/b8924gk/shopizer-329083/sm-shop/src/main/java/com/salesmanager/web/admin/entity/catalog/Keyword.java (ext=.java, size=856)
2026-03-04 18:36:06,584 - Knowledge - INFO - process ingested knowledge for /app/data/T0015/329083/b8924gk/shopizer-329083/sm-shop/src/main/java/com/salesmanager/web/admin/entity/secutity/Password.java
2026-03-04 18:36:06,664 - Knowledge - INFO - Worker kw15 processing /app/data/T0015/329083/b8924gk/shopizer-329083/sm-shop/src/main/java/com/salesmanager/web/admin/entity/catalog/Manufacturer.java
2026-03-04 18:36:06,774 - Knowledge - INFO - process ingested knowledge for /app/data/T0015/329083/b8924gk/shopizer-329083/sm-shop/src/main/java/com/salesmanager/web/admin/entity/digital/ProductFiles.java
2026-03-04 18:36:06,804 - Knowledge - INFO - Async storage completed for 8 embeddings
2026-03-04 18:36:06,869 - Knowledge - INFO - Fast-tracked /app/data/T0015/329083/b8924gk/shopizer-329083/sm-shop/src/main/java/com/salesmanager/web/admin/entity/catalog/Manufacturer.java (ext=.java, size=1954)
2026-03-04 18:36:06,974 - Knowledge - INFO - process ingested knowledge for /app/data/T0015/329083/b8924gk/shopizer-329083/sm-shop/src/main/java/com/salesmanager/web/admin/entity/web/Menu.java
2026-03-04 18:36:07,174 - Knowledge - INFO - Worker kw15 processing /app/data/T0015/329083/b8924gk/shopizer-329083/sm-shop/src/main/java/com/salesmanager/web/admin/entity/reference/Weight.java
2026-03-04 18:36:07,296 - Knowledge - INFO - process ingested knowledge for /app/data/T0015/329083/b8924gk/shopizer-329083/sm-shop/src/main/java/com/salesmanager/web/admin/entity/web/ConfigListWrapper.java
2026-03-04 18:36:07,413 - Knowledge - INFO - Fast-tracked /app/data/T0015/329083/b8924gk/shopizer-329083/sm-shop/src/main/java/com/salesmanager/web/admin/entity/reference/Weight.java (ext=.java, size=559)
2026-03-04 18:36:07,622 - Knowledge - INFO - Worker kw15 processing /app/data/T0015/329083/b8924gk/shopizer-329083/sm-shop/src/main/java/com/salesmanager/web/admin/entity/reference/Size.java
2026-03-04 18:36:07,825 - Knowledge - INFO - Fast-tracked /app/data/T0015/329083/b8924gk/shopizer-329083/sm-shop/src/main/java/com/salesmanager/web/admin/entity/reference/Size.java (ext=.java, size=557)
2026-03-04 18:36:08,037 - Knowledge - INFO - Fast-tracked /app/data/T0015/329083/b8924gk/shopizer-329083/sm-shop/src/main/java/com/salesmanager/web/admin/entity/catalog/ProductPrice.java (small file (2631 bytes))
2026-03-04 18:36:08,239 - Knowledge - INFO - Fast-tracked /app/data/T0015/329083/b8924gk/shopizer-329083/sm-shop/src/main/java/com/salesmanager/web/admin/entity/catalog/Product.java (small file (2825 bytes))
2026-03-04 18:36:08,427 - Knowledge - INFO - Async storage completed for 8 embeddings
2026-03-04 18:36:08,556 - Knowledge - INFO - [kw18] Queue=539, InProgress=0, PendingWorkers=20/20, Completed=476/1167 (40.8%)
2026-03-04 18:36:08,635 - Knowledge - INFO - Processing batch of 8 files
2026-03-04 18:36:08,725 - Knowledge - INFO - Batch sizing: calculated=8, max_allowed=10, queue=539, active_workers=20/20
2026-03-04 18:36:08,829 - Knowledge - INFO - process ingested knowledge for /app/data/T0015/329083/b8924gk/shopizer-329083/sm-shop/src/main/java/com/salesmanager/web/admin/entity/content/ContentFiles.java
2026-03-04 18:36:08,929 - Knowledge - INFO - Async storing batch of 8 embeddings
2026-03-04 18:36:09,043 - Knowledge - INFO - process ingested knowledge for /app/data/T0015/329083/b8924gk/shopizer-329083/sm-shop/src/main/java/com/salesmanager/web/admin/entity/content/ProductImages.java
2026-03-04 18:36:09,142 - Knowledge - INFO - Worker kw18 processing /app/data/T0015/329083/b8924gk/shopizer-329083/sm-shop/src/main/java/com/salesmanager/web/admin/entity/orders/Refund.java
2026-03-04 18:36:09,250 - Knowledge - INFO - process ingested knowledge for /app/data/T0015/329083/b8924gk/shopizer-329083/sm-shop/src/main/java/com/salesmanager/web/admin/entity/catalog/ProductPrice.java
2026-03-04 18:36:09,347 - Knowledge - INFO - Fast-tracked /app/data/T0015/329083/b8924gk/shopizer-329083/sm-shop/src/main/java/com/salesmanager/web/admin/entity/orders/Refund.java (ext=.java, size=496)
2026-03-04 18:36:09,446 - Knowledge - INFO - process ingested knowledge for /app/data/T0015/329083/b8924gk/shopizer-329083/sm-shop/src/main/java/com/salesmanager/web/admin/entity/catalog/Product.java
2026-03-04 18:36:09,545 - Knowledge - INFO - Worker kw18 processing /app/data/T0015/329083/b8924gk/shopizer-329083/sm-shop/src/main/java/com/salesmanager/web/admin/entity/orders/Order.java
2026-03-04 18:36:09,671 - Knowledge - INFO - process ingested knowledge for /app/data/T0015/329083/b8924gk/shopizer-329083/sm-shop/src/main/java/com/salesmanager/web/admin/entity/catalog/Keyword.java
2026-03-04 18:36:09,960 - Knowledge - INFO - Worker kw18 processing /app/data/T0015/329083/b8924gk/shopizer-329083/sm-shop/src/main/java/com/salesmanager/web/constants/ApplicationConstants.java
2026-03-04 18:36:10,025 - Knowledge - INFO - process ingested knowledge for /app/data/T0015/329083/b8924gk/shopizer-329083/sm-shop/src/main/java/com/salesmanager/web/admin/entity/catalog/Manufacturer.java
2026-03-04 18:36:10,177 - Knowledge - INFO - Fast-tracked /app/data/T0015/329083/b8924gk/shopizer-329083/sm-shop/src/main/java/com/salesmanager/web/constants/ApplicationConstants.java (ext=.java, size=269)
2026-03-04 18:36:10,306 - Knowledge - INFO - process ingested knowledge for /app/data/T0015/329083/b8924gk/shopizer-329083/sm-shop/src/main/java/com/salesmanager/web/admin/entity/reference/Weight.java
2026-03-04 18:36:10,404 - Knowledge - INFO - Worker kw18 processing /app/data/T0015/329083/b8924gk/shopizer-329083/sm-shop/src/main/java/com/salesmanager/web/constants/EmailConstants.java
2026-03-04 18:36:10,509 - Knowledge - INFO - process ingested knowledge for /app/data/T0015/329083/b8924gk/shopizer-329083/sm-shop/src/main/java/com/salesmanager/web/admin/entity/reference/Size.java
2026-03-04 18:36:10,607 - Knowledge - INFO - Worker kw18 processing /app/data/T0015/329083/b8924gk/shopizer-329083/sm-shop/src/main/java/com/salesmanager/web/constants/Constants.java
2026-03-04 18:36:10,812 - Knowledge - INFO - Worker kw18 processing /app/data/T0015/329083/b8924gk/shopizer-329083/sm-shop/src/main/java/com/salesmanager/web/entity/order/OrderTotal.java
2026-03-04 18:36:11,005 - Knowledge - INFO - Fast-tracked /app/data/T0015/329083/b8924gk/shopizer-329083/sm-shop/src/main/java/com/salesmanager/web/entity/order/OrderTotal.java (ext=.java, size=1002)
2026-03-04 18:36:11,195 - Knowledge - INFO - Worker kw18 processing /app/data/T0015/329083/b8924gk/shopizer-329083/sm-shop/src/main/java/com/salesmanager/web/entity/order/ReadableOrderTotal.java
2026-03-04 18:36:11,356 - Knowledge - INFO - Fast-tracked /app/data/T0015/329083/b8924gk/shopizer-329083/sm-shop/src/main/java/com/salesmanager/web/entity/order/ReadableOrderTotal.java (ext=.java, size=353)
2026-03-04 18:36:11,716 - Knowledge - INFO - Worker kw18 processing /app/data/T0015/329083/b8924gk/shopizer-329083/sm-shop/src/main/java/com/salesmanager/web/entity/order/ReadableShippingSummary.java
2026-03-04 18:36:11,983 - Knowledge - INFO - Fast-tracked /app/data/T0015/329083/b8924gk/shopizer-329083/sm-shop/src/main/java/com/salesmanager/web/admin/entity/orders/Order.java (small file (2007 bytes))
2026-03-04 18:36:12,249 - Knowledge - INFO - [WEBSOCKET] Sent: Type=progress_update, Size: 293, Duration: 0ms
2026-03-04 18:36:12,475 - Knowledge - INFO - [WEBSOCKET] Sent: Type=unknown, Size: ?, Duration: 226ms
2026-03-04 18:36:12,792 - Knowledge - INFO - Progress: 41.5% | Files: 484/1167 | Rate: 1.46 files/sec | Queue: 531
2026-03-04 18:36:13,125 - Knowledge - INFO - [kw15] Queue=531, InProgress=0, PendingWorkers=20/20, Completed=484/1167 (41.5%)
2026-03-04 18:36:13,134 - Knowledge - INFO - [LLM_CALL] Completed: PersistableCategoryPopulator.java:chunk1, Duration: 27634ms, PromptTokens: 2366, CompletionTokens: 428, Cost: $0.00041
2026-03-04 18:36:13,338 - Knowledge - INFO - Batch sizing: calculated=8, max_allowed=10, queue=531, active_workers=20/20
2026-03-04 18:36:13,428 - Knowledge - INFO - done ingest for /app/data/T0015/329083/b8924gk/shopizer-329083/sm-shop/src/main/java/com/salesmanager/web/populator/catalog/PersistableCategoryPopulator.java
2026-03-04 18:36:13,547 - Knowledge - INFO - Async storing batch of 8 embeddings
2026-03-04 18:36:13,764 - Knowledge - INFO - Worker kw15 processing /app/data/T0015/329083/b8924gk/shopizer-329083/sm-shop/src/main/java/com/salesmanager/web/entity/order/ReadableOrderList.java
2026-03-04 18:36:13,931 - Knowledge - INFO - Fast-tracked /app/data/T0015/329083/b8924gk/shopizer-329083/sm-shop/src/main/java/com/salesmanager/web/entity/order/ReadableOrderList.java (ext=.java, size=605)
2026-03-04 18:36:14,121 - Knowledge - INFO - Worker kw15 processing /app/data/T0015/329083/b8924gk/shopizer-329083/sm-shop/src/main/java/com/salesmanager/web/entity/order/ReadableOrder.java
2026-03-04 18:36:14,289 - Knowledge - INFO - Fast-tracked /app/data/T0015/329083/b8924gk/shopizer-329083/sm-shop/src/main/java/com/salesmanager/web/entity/order/ReadableOrder.java (ext=.java, size=1865)
2026-03-04 18:36:14,327 - Knowledge - INFO - Async storage completed for 8 embeddings
2026-03-04 18:36:14,443 - Knowledge - INFO - Worker kw15 processing /app/data/T0015/329083/b8924gk/shopizer-329083/sm-shop/src/main/java/com/salesmanager/web/entity/order/Order.java
2026-03-04 18:36:14,693 - Knowledge - INFO - Fast-tracked /app/data/T0015/329083/b8924gk/shopizer-329083/sm-shop/src/main/java/com/salesmanager/web/entity/order/Order.java (ext=.java, size=261)
2026-03-04 18:36:14,880 - Knowledge - INFO - Worker kw15 processing /app/data/T0015/329083/b8924gk/shopizer-329083/sm-shop/src/main/java/com/salesmanager/web/entity/order/OrderProductEntity.java
2026-03-04 18:36:15,089 - Knowledge - INFO - Fast-tracked /app/data/T0015/329083/b8924gk/shopizer-329083/sm-shop/src/main/java/com/salesmanager/web/entity/order/OrderProductEntity.java (ext=.java, size=703)
2026-03-04 18:36:15,286 - Knowledge - INFO - Worker kw15 processing /app/data/T0015/329083/b8924gk/shopizer-329083/sm-shop/src/main/java/com/salesmanager/web/entity/order/PersistableOrder.java
2026-03-04 18:36:15,370 - Knowledge - INFO - Async storage completed for 8 embeddings
2026-03-04 18:36:15,431 - Knowledge - INFO - Fast-tracked /app/data/T0015/329083/b8924gk/shopizer-329083/sm-shop/src/main/java/com/salesmanager/web/entity/order/PersistableOrder.java (ext=.java, size=1123)
2026-03-04 18:36:15,666 - Knowledge - INFO - Worker kw15 processing /app/data/T0015/329083/b8924gk/shopizer-329083/sm-shop/src/main/java/com/salesmanager/web/entity/order/ReadableShopOrder.java
2026-03-04 18:36:15,837 - Knowledge - INFO - Fast-tracked /app/data/T0015/329083/b8924gk/shopizer-329083/sm-shop/src/main/java/com/salesmanager/web/entity/order/ReadableShopOrder.java (ext=.java, size=1152)
2026-03-04 18:36:16,038 - Knowledge - INFO - Worker kw15 processing /app/data/T0015/329083/b8924gk/shopizer-329083/sm-shop/src/main/java/com/salesmanager/web/entity/order/ShopOrder.java
2026-03-04 18:36:16,236 - Knowledge - INFO - Worker kw15 processing /app/data/T0015/329083/b8924gk/shopizer-329083/sm-shop/src/main/java/com/salesmanager/web/entity/order/OrderEntity.java
2026-03-04 18:36:16,437 - Knowledge - INFO - Fast-tracked /app/data/T0015/329083/b8924gk/shopizer-329083/sm-shop/src/main/java/com/salesmanager/web/entity/order/ShopOrder.java (small file (2474 bytes))
2026-03-04 18:36:16,617 - Knowledge - INFO - Fast-tracked /app/data/T0015/329083/b8924gk/shopizer-329083/sm-shop/src/main/java/com/salesmanager/web/entity/order/OrderEntity.java (small file (2188 bytes))
2026-03-04 18:36:16,811 - Knowledge - INFO - Async storage completed for 8 embeddings
2026-03-04 18:36:17,052 - Knowledge - INFO - Processing batch of 8 files
2026-03-04 18:36:17,268 - Knowledge - INFO - process ingested knowledge for /app/data/T0015/329083/b8924gk/shopizer-329083/sm-shop/src/main/java/com/salesmanager/web/entity/order/ReadableOrderList.java
2026-03-04 18:36:17,430 - Knowledge - INFO - process ingested knowledge for /app/data/T0015/329083/b8924gk/shopizer-329083/sm-shop/src/main/java/com/salesmanager/web/entity/order/ReadableOrder.java
2026-03-04 18:36:17,577 - Knowledge - INFO - process ingested knowledge for /app/data/T0015/329083/b8924gk/shopizer-329083/sm-shop/src/main/java/com/salesmanager/web/entity/order/Order.java
2026-03-04 18:36:17,797 - Knowledge - INFO - process ingested knowledge for /app/data/T0015/329083/b8924gk/shopizer-329083/sm-shop/src/main/java/com/salesmanager/web/entity/order/OrderProductEntity.java
2026-03-04 18:36:18,049 - Knowledge - INFO - process ingested knowledge for /app/data/T0015/329083/b8924gk/shopizer-329083/sm-shop/src/main/java/com/salesmanager/web/entity/order/PersistableOrder.java
2026-03-04 18:36:18,266 - Knowledge - INFO - process ingested knowledge for /app/data/T0015/329083/b8924gk/shopizer-329083/sm-shop/src/main/java/com/salesmanager/web/entity/order/ReadableShopOrder.java
2026-03-04 18:36:18,278 - Knowledge - INFO - [LLM_CALL] Completed: PersistableProductPopulator.java:chunk1, Duration: 21321ms, PromptTokens: 4874, CompletionTokens: 990, Cost: $0.00088
2026-03-04 18:36:18,510 - Knowledge - INFO - process ingested knowledge for /app/data/T0015/329083/b8924gk/shopizer-329083/sm-shop/src/main/java/com/salesmanager/web/entity/order/ShopOrder.java
2026-03-04 18:36:18,632 - Knowledge - INFO - done ingest for /app/data/T0015/329083/b8924gk/shopizer-329083/sm-shop/src/main/java/com/salesmanager/web/populator/catalog/PersistableProductPopulator.java
2026-03-04 18:36:18,727 - Knowledge - INFO - process ingested knowledge for /app/data/T0015/329083/b8924gk/shopizer-329083/sm-shop/src/main/java/com/salesmanager/web/entity/order/OrderEntity.java
2026-03-04 18:36:18,818 - Knowledge - INFO - Processing batch of 8 files
2026-03-04 18:36:18,961 - Knowledge - INFO - process ingested knowledge for /app/data/T0015/329083/b8924gk/shopizer-329083/sm-shop/src/main/java/com/salesmanager/web/populator/manufacturer/PersistableManufacturerPopulator.java
2026-03-04 18:36:19,165 - Knowledge - INFO - process ingested knowledge for /app/data/T0015/329083/b8924gk/shopizer-329083/sm-shop/src/main/java/com/salesmanager/web/populator/manufacturer/ReadableManufacturerPopulator.java
2026-03-04 18:36:19,357 - Knowledge - INFO - process ingested knowledge for /app/data/T0015/329083/b8924gk/shopizer-329083/sm-shop/src/main/java/com/salesmanager/web/populator/catalog/ReadableCategoryPopulator.java
2026-03-04 18:36:19,537 - Knowledge - INFO - process ingested knowledge for /app/data/T0015/329083/b8924gk/shopizer-329083/sm-shop/src/main/java/com/salesmanager/web/populator/catalog/PersistableCategoryPopulator.java
2026-03-04 18:36:19,712 - Knowledge - INFO - Async storage completed for 8 embeddings
2026-03-04 18:36:19,753 - Knowledge - INFO - process ingested knowledge for /app/data/T0015/329083/b8924gk/shopizer-329083/sm-shop/src/main/java/com/salesmanager/web/populator/catalog/ReadableProductPricePopulator.java
2026-03-04 18:36:19,844 - Knowledge - INFO - Fast-tracked /app/data/T0015/329083/b8924gk/shopizer-329083/sm-shop/src/main/java/com/salesmanager/web/populator/customer/PersistableCustomerBillingAddressPopulator.java (small file (2053 bytes))
2026-03-04 18:36:20,095 - Knowledge - INFO - process ingested knowledge for /app/data/T0015/329083/b8924gk/shopizer-329083/sm-shop/src/main/java/com/salesmanager/web/populator/catalog/PersistableProductOptionPopulator.java
2026-03-04 18:36:20,137 - Knowledge - INFO - Fast-tracked /app/data/T0015/329083/b8924gk/shopizer-329083/sm-shop/src/main/java/com/salesmanager/web/populator/customer/PersistableCustomerOptionPopulator.java (small file (2963 bytes))
2026-03-04 18:36:20,273 - Knowledge - INFO - process ingested knowledge for /app/data/T0015/329083/b8924gk/shopizer-329083/sm-shop/src/main/java/com/salesmanager/web/populator/catalog/ReadableProductReviewPopulator.java
2026-03-04 18:36:20,316 - Knowledge - INFO - [kw15] Queue=523, InProgress=0, PendingWorkers=20/20, Completed=500/1167 (42.8%)
2026-03-04 18:36:20,401 - Knowledge - INFO - Async storage completed for 8 embeddings
2026-03-04 18:36:20,502 - Knowledge - INFO - process ingested knowledge for /app/data/T0015/329083/b8924gk/shopizer-329083/sm-shop/src/main/java/com/salesmanager/web/populator/catalog/PersistableProductPopulator.java
2026-03-04 18:36:20,590 - Knowledge - INFO - Batch sizing: calculated=8, max_allowed=10, queue=523, active_workers=20/20
2026-03-04 18:36:20,928 - Knowledge - INFO - Async storing batch of 8 embeddings
2026-03-04 18:36:21,122 - Knowledge - INFO - Worker kw15 processing /app/data/T0015/329083/b8924gk/shopizer-329083/sm-shop/src/main/java/com/salesmanager/web/entity/order/ReadableOrderProductDownload.java
2026-03-04 18:36:21,314 - Knowledge - INFO - Fast-tracked /app/data/T0015/329083/b8924gk/shopizer-329083/sm-shop/src/main/java/com/salesmanager/web/entity/order/ReadableOrderProductDownload.java (ext=.java, size=1327)
2026-03-04 18:36:21,488 - Knowledge - INFO - Worker kw15 processing /app/data/T0015/329083/b8924gk/shopizer-329083/sm-shop/src/main/java/com/salesmanager/web/entity/order/ReadableOrderProduct.java
2026-03-04 18:36:21,662 - Knowledge - INFO - Fast-tracked /app/data/T0015/329083/b8924gk/shopizer-329083/sm-shop/src/main/java/com/salesmanager/web/entity/order/ReadableOrderProduct.java (ext=.java, size=1005)
2026-03-04 18:36:21,863 - Knowledge - INFO - Worker kw15 processing /app/data/T0015/329083/b8924gk/shopizer-329083/sm-shop/src/main/java/com/salesmanager/web/entity/order/OrderProduct.java
2026-03-04 18:36:21,867 - Knowledge - INFO - [kw4] Queue=515, InProgress=0, PendingWorkers=20/20, Completed=500/1167 (42.8%)
2026-03-04 18:36:22,067 - Knowledge - INFO - Fast-tracked /app/data/T0015/329083/b8924gk/shopizer-329083/sm-shop/src/main/java/com/salesmanager/web/entity/order/OrderProduct.java (ext=.java, size=268)
2026-03-04 18:36:22,195 - Knowledge - INFO - Batch sizing: calculated=8, max_allowed=10, queue=515, active_workers=20/20
2026-03-04 18:36:22,263 - Knowledge - INFO - Worker kw15 processing /app/data/T0015/329083/b8924gk/shopizer-329083/sm-shop/src/main/java/com/salesmanager/web/entity/order/PersistableOrderProduct.java
2026-03-04 18:36:22,402 - Knowledge - INFO - Async storing batch of 8 embeddings
2026-03-04 18:36:22,486 - Knowledge - INFO - Fast-tracked /app/data/T0015/329083/b8924gk/shopizer-329083/sm-shop/src/main/java/com/salesmanager/web/entity/order/PersistableOrderProduct.java (ext=.java, size=813)
2026-03-04 18:36:22,587 - Knowledge - INFO - Worker kw4 processing /app/data/T0015/329083/b8924gk/shopizer-329083/sm-shop/src/main/java/com/salesmanager/web/entity/customer/PersistableCustomer.java
2026-03-04 18:36:22,685 - Knowledge - INFO - Worker kw15 processing /app/data/T0015/329083/b8924gk/shopizer-329083/sm-shop/src/main/java/com/salesmanager/web/entity/order/CartModificationException.java
2026-03-04 18:36:22,880 - Knowledge - INFO - Fast-tracked /app/data/T0015/329083/b8924gk/shopizer-329083/sm-shop/src/main/java/com/salesmanager/web/entity/customer/PersistableCustomer.java (ext=.java, size=613)
2026-03-04 18:36:22,932 - Knowledge - INFO - Fast-tracked /app/data/T0015/329083/b8924gk/shopizer-329083/sm-shop/src/main/java/com/salesmanager/web/entity/order/CartModificationException.java (ext=.java, size=529)
2026-03-04 18:36:23,062 - Knowledge - INFO - Worker kw4 processing /app/data/T0015/329083/b8924gk/shopizer-329083/sm-shop/src/main/java/com/salesmanager/web/entity/customer/attribute/CustomerOptionValue.java
2026-03-04 18:36:23,167 - Knowledge - INFO - Worker kw15 processing /app/data/T0015/329083/b8924gk/shopizer-329083/sm-shop/src/main/java/com/salesmanager/web/entity/shoppingcart/ShoppingCartData.java
2026-03-04 18:36:23,367 - Knowledge - INFO - Fast-tracked /app/data/T0015/329083/b8924gk/shopizer-329083/sm-shop/src/main/java/com/salesmanager/web/entity/customer/attribute/CustomerOptionValue.java (ext=.java, size=291)
2026-03-04 18:36:23,520 - Knowledge - INFO - Fast-tracked /app/data/T0015/329083/b8924gk/shopizer-329083/sm-shop/src/main/java/com/salesmanager/web/entity/shoppingcart/ShoppingCartData.java (ext=.java, size=1750)
2026-03-04 18:36:23,684 - Knowledge - INFO - Worker kw4 processing /app/data/T0015/329083/b8924gk/shopizer-329083/sm-shop/src/main/java/com/salesmanager/web/entity/customer/attribute/CustomerOptionEntity.java
2026-03-04 18:36:23,787 - Knowledge - INFO - Worker kw15 processing /app/data/T0015/329083/b8924gk/shopizer-329083/sm-shop/src/main/java/com/salesmanager/web/entity/shoppingcart/ShoppingCartAttribute.java
2026-03-04 18:36:23,890 - Knowledge - INFO - Fast-tracked /app/data/T0015/329083/b8924gk/shopizer-329083/sm-shop/src/main/java/com/salesmanager/web/entity/customer/attribute/CustomerOptionEntity.java (ext=.java, size=679)
2026-03-04 18:36:23,993 - Knowledge - INFO - Fast-tracked /app/data/T0015/329083/b8924gk/shopizer-329083/sm-shop/src/main/java/com/salesmanager/web/entity/shoppingcart/ShoppingCartAttribute.java (ext=.java, size=1173)
2026-03-04 18:36:24,065 - Knowledge - INFO - Worker kw4 processing /app/data/T0015/329083/b8924gk/shopizer-329083/sm-shop/src/main/java/com/salesmanager/web/entity/customer/attribute/ReadableCustomerOptionValue.java
2026-03-04 18:36:24,206 - Knowledge - INFO - Worker kw15 processing /app/data/T0015/329083/b8924gk/shopizer-329083/sm-shop/src/main/java/com/salesmanager/web/entity/shoppingcart/ShoppingCartItem.java
2026-03-04 18:36:24,288 - Knowledge - INFO - Fast-tracked /app/data/T0015/329083/b8924gk/shopizer-329083/sm-shop/src/main/java/com/salesmanager/web/entity/customer/attribute/ReadableCustomerOptionValue.java (ext=.java, size=531)
2026-03-04 18:36:24,423 - Knowledge - INFO - Fast-tracked /app/data/T0015/329083/b8924gk/shopizer-329083/sm-shop/src/main/java/com/salesmanager/web/entity/shoppingcart/ShoppingCartItem.java (small file (2209 bytes))
2026-03-04 18:36:24,534 - Knowledge - INFO - [LLM_CALL] Completed: BreadcrumbsUtils.java:chunk1, Duration: 25279ms, PromptTokens: 3444, CompletionTokens: 633, Cost: $0.00060
2026-03-04 18:36:24,535 - Knowledge - INFO - Worker kw4 processing /app/data/T0015/329083/b8924gk/shopizer-329083/sm-shop/src/main/java/com/salesmanager/web/entity/customer/attribute/PersistableCustomerAttribute.java
2026-03-04 18:36:24,627 - Knowledge - INFO - Async storage completed for 8 embeddings
2026-03-04 18:36:24,854 - Knowledge - INFO - done ingest for /app/data/T0015/329083/b8924gk/shopizer-329083/sm-shop/src/main/java/com/salesmanager/web/utils/BreadcrumbsUtils.java
2026-03-04 18:36:24,946 - Knowledge - INFO - Fast-tracked /app/data/T0015/329083/b8924gk/shopizer-329083/sm-shop/src/main/java/com/salesmanager/web/entity/customer/attribute/PersistableCustomerAttribute.java (ext=.java, size=718)
2026-03-04 18:36:25,037 - Knowledge - INFO - Processing batch of 8 files
2026-03-04 18:36:25,117 - Knowledge - INFO - Processing batch of 8 files
2026-03-04 18:36:25,211 - Knowledge - INFO - Worker kw4 processing /app/data/T0015/329083/b8924gk/shopizer-329083/sm-shop/src/main/java/com/salesmanager/web/entity/customer/attribute/CustomerOptionValueDescription.java
2026-03-04 18:36:25,354 - Knowledge - INFO - process ingested knowledge for /app/data/T0015/329083/b8924gk/shopizer-329083/sm-shop/src/main/java/com/salesmanager/web/entity/order/ReadableOrderProductDownload.java
2026-03-04 18:36:25,531 - Knowledge - INFO - process ingested knowledge for /app/data/T0015/329083/b8924gk/shopizer-329083/sm-shop/src/main/java/com/salesmanager/web/utils/EmailUtils.java
2026-03-04 18:36:25,662 - Knowledge - INFO - Fast-tracked /app/data/T0015/329083/b8924gk/shopizer-329083/sm-shop/src/main/java/com/salesmanager/web/entity/customer/attribute/CustomerOptionValueDescription.java (ext=.java, size=324)
2026-03-04 18:36:25,736 - Knowledge - INFO - process ingested knowledge for /app/data/T0015/329083/b8924gk/shopizer-329083/sm-shop/src/main/java/com/salesmanager/web/entity/order/ReadableOrderProduct.java
2026-03-04 18:36:25,844 - Knowledge - INFO - process ingested knowledge for /app/data/T0015/329083/b8924gk/shopizer-329083/sm-shop/src/main/java/com/salesmanager/web/utils/AppConfiguration.java
2026-03-04 18:36:25,936 - Knowledge - INFO - Worker kw4 processing /app/data/T0015/329083/b8924gk/shopizer-329083/sm-shop/src/main/java/com/salesmanager/web/entity/customer/attribute/ReadableCustomerAttribute.java
2026-03-04 18:36:25,996 - Knowledge - INFO - Async storage completed for 8 embeddings
2026-03-04 18:36:26,023 - Knowledge - INFO - process ingested knowledge for /app/data/T0015/329083/b8924gk/shopizer-329083/sm-shop/src/main/java/com/salesmanager/web/entity/order/OrderProduct.java
2026-03-04 18:36:26,105 - Knowledge - INFO - process ingested knowledge for /app/data/T0015/329083/b8924gk/shopizer-329083/sm-shop/src/main/java/com/salesmanager/web/utils/PageBuilderUtils.java
2026-03-04 18:36:26,200 - Knowledge - INFO - Fast-tracked /app/data/T0015/329083/b8924gk/shopizer-329083/sm-shop/src/main/java/com/salesmanager/web/entity/customer/attribute/ReadableCustomerAttribute.java (ext=.java, size=765)
2026-03-04 18:36:26,378 - Knowledge - INFO - process ingested knowledge for /app/data/T0015/329083/b8924gk/shopizer-329083/sm-shop/src/main/java/com/salesmanager/web/entity/order/PersistableOrderProduct.java
2026-03-04 18:36:26,478 - Knowledge - INFO - process ingested knowledge for /app/data/T0015/329083/b8924gk/shopizer-329083/sm-shop/src/main/java/com/salesmanager/web/utils/GeoLocationUtils.java
2026-03-04 18:36:26,629 - Knowledge - INFO - Worker kw4 processing /app/data/T0015/329083/b8924gk/shopizer-329083/sm-shop/src/main/java/com/salesmanager/web/entity/customer/attribute/PersistableCustomerOptionValue.java
2026-03-04 18:36:26,714 - Knowledge - INFO - process ingested knowledge for /app/data/T0015/329083/b8924gk/shopizer-329083/sm-shop/src/main/java/com/salesmanager/web/entity/order/CartModificationException.java
2026-03-04 18:36:26,847 - Knowledge - INFO - process ingested knowledge for /app/data/T0015/329083/b8924gk/shopizer-329083/sm-shop/src/main/java/com/salesmanager/web/utils/MerchantUtils.java
2026-03-04 18:36:26,963 - Knowledge - INFO - Fast-tracked /app/data/T0015/329083/b8924gk/shopizer-329083/sm-shop/src/main/java/com/salesmanager/web/entity/customer/attribute/PersistableCustomerOptionValue.java (ext=.java, size=583)
2026-03-04 18:36:27,080 - Knowledge - INFO - process ingested knowledge for /app/data/T0015/329083/b8924gk/shopizer-329083/sm-shop/src/main/java/com/salesmanager/web/entity/shoppingcart/ShoppingCartData.java
2026-03-04 18:36:27,210 - Knowledge - INFO - process ingested knowledge for /app/data/T0015/329083/b8924gk/shopizer-329083/sm-shop/src/main/java/com/salesmanager/web/utils/BreadcrumbsUtils.java
2026-03-04 18:36:27,754 - Knowledge - INFO - Async storage completed for 8 embeddings
2026-03-04 18:36:27,861 - Knowledge - INFO - process ingested knowledge for /app/data/T0015/329083/b8924gk/shopizer-329083/sm-shop/src/main/java/com/salesmanager/web/entity/shoppingcart/ShoppingCartAttribute.java
2026-03-04 18:36:28,030 - Knowledge - INFO - process ingested knowledge for /app/data/T0015/329083/b8924gk/shopizer-329083/sm-shop/src/main/java/com/salesmanager/web/utils/TokenizeTool.java
2026-03-04 18:36:28,137 - Knowledge - INFO - Processing batch of 8 files
2026-03-04 18:36:28,269 - Knowledge - INFO - process ingested knowledge for /app/data/T0015/329083/b8924gk/shopizer-329083/sm-shop/src/main/java/com/salesmanager/web/entity/shoppingcart/ShoppingCartItem.java
2026-03-04 18:36:28,357 - Knowledge - INFO - process ingested knowledge for /app/data/T0015/329083/b8924gk/shopizer-329083/sm-shop/src/main/java/com/salesmanager/web/utils/FieldMatchValidator.java
2026-03-04 18:36:28,535 - Knowledge - INFO - process ingested knowledge for /app/data/T0015/329083/b8924gk/shopizer-329083/sm-shop/src/main/java/com/salesmanager/web/entity/customer/PersistableCustomer.java
2026-03-04 18:36:29,297 - Knowledge - INFO - process ingested knowledge for /app/data/T0015/329083/b8924gk/shopizer-329083/sm-shop/src/main/java/com/salesmanager/web/entity/customer/attribute/CustomerOptionValue.java
2026-03-04 18:36:29,914 - Knowledge - INFO - process ingested knowledge for /app/data/T0015/329083/b8924gk/shopizer-329083/sm-shop/src/main/java/com/salesmanager/web/entity/customer/attribute/CustomerOptionEntity.java
2026-03-04 18:36:30,791 - Knowledge - INFO - process ingested knowledge for /app/data/T0015/329083/b8924gk/shopizer-329083/sm-shop/src/main/java/com/salesmanager/web/entity/customer/attribute/ReadableCustomerOptionValue.java
2026-03-04 18:36:31,481 - Knowledge - INFO - process ingested knowledge for /app/data/T0015/329083/b8924gk/shopizer-329083/sm-shop/src/main/java/com/salesmanager/web/entity/customer/attribute/PersistableCustomerAttribute.java
2026-03-04 18:36:31,905 - Knowledge - INFO - [LLM_CALL] Completed: ReadableShopOrderPopulator.java:chunk1, Duration: 55423ms, PromptTokens: 2716, CompletionTokens: 442, Cost: $0.00045
2026-03-04 18:36:32,154 - Knowledge - INFO - done ingest for /app/data/T0015/329083/b8924gk/shopizer-329083/sm-shop/src/main/java/com/salesmanager/web/populator/order/ReadableShopOrderPopulator.java
2026-03-04 18:36:32,497 - Knowledge - INFO - process ingested knowledge for /app/data/T0015/329083/b8924gk/shopizer-329083/sm-shop/src/main/java/com/salesmanager/web/entity/customer/attribute/CustomerOptionValueDescription.java
2026-03-04 18:36:32,507 - Knowledge - INFO - [LLM_CALL] Completed: PersistableCustomerShippingAddressPopulator.java:chunk1, Duration: 40467ms, PromptTokens: 2000, CompletionTokens: 500, Cost: $0.00040
2026-03-04 18:36:32,916 - Knowledge - INFO - done ingest for /app/data/T0015/329083/b8924gk/shopizer-329083/sm-shop/src/main/java/com/salesmanager/web/populator/customer/PersistableCustomerShippingAddressPopulator.java
2026-03-04 18:36:33,547 - Knowledge - INFO - process ingested knowledge for /app/data/T0015/329083/b8924gk/shopizer-329083/sm-shop/src/main/java/com/salesmanager/web/entity/customer/attribute/ReadableCustomerAttribute.java
2026-03-04 18:36:34,313 - Knowledge - INFO - process ingested knowledge for /app/data/T0015/329083/b8924gk/shopizer-329083/sm-shop/src/main/java/com/salesmanager/web/entity/customer/attribute/PersistableCustomerOptionValue.java
2026-03-04 18:36:35,152 - Knowledge - INFO - [LLM_CALL] Completed: PersistableCustomerPopulator.java:chunk1, Duration: 50764ms, PromptTokens: 2170, CompletionTokens: 581, Cost: $0.00045
2026-03-04 18:36:35,388 - Knowledge - INFO - done ingest for /app/data/T0015/329083/b8924gk/shopizer-329083/sm-shop/src/main/java/com/salesmanager/web/populator/customer/PersistableCustomerPopulator.java
2026-03-04 18:36:35,884 - Knowledge - INFO - [WEBSOCKET] Sent: Type=progress_update, Size: 293, Duration: 0ms
2026-03-04 18:36:35,913 - Knowledge - INFO - [kw20] Queue=507, InProgress=0, PendingWorkers=20/20, Completed=524/1167 (44.9%)
2026-03-04 18:36:36,157 - Knowledge - INFO - [WEBSOCKET] Sent: Type=unknown, Size: ?, Duration: 273ms
2026-03-04 18:36:36,263 - Knowledge - INFO - Batch sizing: calculated=8, max_allowed=10, queue=507, active_workers=20/20
2026-03-04 18:36:36,450 - Knowledge - INFO - Progress: 44.9% | Files: 524/1167 | Rate: 1.48 files/sec | Queue: 507
2026-03-04 18:36:36,451 - Knowledge - INFO - [LLM_CALL] Completed: ReadableOrderProductPopulator.java:chunk1, Duration: 35067ms, PromptTokens: 2352, CompletionTokens: 571, Cost: $0.00046
2026-03-04 18:36:36,800 - Knowledge - INFO - done ingest for /app/data/T0015/329083/b8924gk/shopizer-329083/sm-shop/src/main/java/com/salesmanager/web/populator/order/ReadableOrderProductPopulator.java
2026-03-04 18:36:36,819 - Knowledge - INFO - Fast-tracked /app/data/T0015/329083/b8924gk/shopizer-329083/sm-shop/src/main/java/com/salesmanager/web/shop/controller/ControllerConstants.java (small file (2167 bytes))
2026-03-04 18:36:36,855 - Knowledge - INFO - Async storing batch of 8 embeddings
2026-03-04 18:36:36,951 - Knowledge - INFO - [kw15] Queue=499, InProgress=0, PendingWorkers=20/20, Completed=524/1167 (44.9%)
2026-03-04 18:36:37,243 - Knowledge - INFO - Async storage completed for 8 embeddings
2026-03-04 18:36:37,348 - Knowledge - INFO - Worker kw20 processing /app/data/T0015/329083/b8924gk/shopizer-329083/sm-shop/src/main/java/com/salesmanager/web/entity/customer/attribute/CustomerAttribute.java
2026-03-04 18:36:37,516 - Knowledge - INFO - Batch sizing: calculated=6, max_allowed=10, queue=499, active_workers=20/20
2026-03-04 18:36:38,164 - Knowledge - INFO - Fast-tracked /app/data/T0015/329083/b8924gk/shopizer-329083/sm-shop/src/main/java/com/salesmanager/web/entity/customer/attribute/CustomerAttribute.java (ext=.java, size=275)
2026-03-04 18:36:38,432 - Knowledge - INFO - Worker kw20 processing /app/data/T0015/329083/b8924gk/shopizer-329083/sm-shop/src/main/java/com/salesmanager/web/entity/customer/attribute/PersistableCustomerOption.java
2026-03-04 18:36:38,466 - Knowledge - INFO - [LLM_CALL] Completed: CustomerEntityPopulator.java:chunk1, Duration: 36041ms, PromptTokens: 2240, CompletionTokens: 821, Cost: $0.00055
2026-03-04 18:36:38,631 - Knowledge - INFO - Fast-tracked /app/data/T0015/329083/b8924gk/shopizer-329083/sm-shop/src/main/java/com/salesmanager/web/entity/customer/attribute/PersistableCustomerOption.java (ext=.java, size=558)
2026-03-04 18:36:38,769 - Knowledge - INFO - done ingest for /app/data/T0015/329083/b8924gk/shopizer-329083/sm-shop/src/main/java/com/salesmanager/web/populator/customer/CustomerEntityPopulator.java
2026-03-04 18:36:38,780 - Knowledge - INFO - Async storing batch of 8 embeddings
2026-03-04 18:36:38,889 - Knowledge - INFO - Worker kw20 processing /app/data/T0015/329083/b8924gk/shopizer-329083/sm-shop/src/main/java/com/salesmanager/web/entity/customer/attribute/CustomerOptionValueEntity.java
2026-03-04 18:36:39,097 - Knowledge - INFO - Processing batch of 8 files
2026-03-04 18:36:39,129 - Knowledge - INFO - Worker kw15 processing /app/data/T0015/329083/b8924gk/shopizer-329083/sm-shop/src/main/java/com/salesmanager/web/entity/customer/ReadableCustomer.java
2026-03-04 18:36:39,294 - Knowledge - INFO - Fast-tracked /app/data/T0015/329083/b8924gk/shopizer-329083/sm-shop/src/main/java/com/salesmanager/web/entity/customer/attribute/CustomerOptionValueEntity.java (ext=.java, size=528)
2026-03-04 18:36:39,413 - Knowledge - INFO - process ingested knowledge for /app/data/T0015/329083/b8924gk/shopizer-329083/sm-shop/src/main/java/com/salesmanager/web/populator/customer/CustomerDeliveryAddressPopulator.java
2026-03-04 18:36:39,523 - Knowledge - INFO - Fast-tracked /app/data/T0015/329083/b8924gk/shopizer-329083/sm-shop/src/main/java/com/salesmanager/web/entity/customer/ReadableCustomer.java (ext=.java, size=669)
2026-03-04 18:36:39,622 - Knowledge - INFO - Async storage completed for 8 embeddings
2026-03-04 18:36:39,690 - Knowledge - INFO - Worker kw20 processing /app/data/T0015/329083/b8924gk/shopizer-329083/sm-shop/src/main/java/com/salesmanager/web/entity/customer/attribute/CustomerAttributeEntity.java
2026-03-04 18:36:39,712 - Knowledge - INFO - [kw4] Queue=493, InProgress=0, PendingWorkers=20/20, Completed=532/1167 (45.6%)
2026-03-04 18:36:39,797 - Knowledge - INFO - process ingested knowledge for /app/data/T0015/329083/b8924gk/shopizer-329083/sm-shop/src/main/java/com/salesmanager/web/populator/customer/PersistableCustomerPopulator.java
2026-03-04 18:36:39,925 - Knowledge - INFO - Worker kw15 processing /app/data/T0015/329083/b8924gk/shopizer-329083/sm-shop/src/main/java/com/salesmanager/web/entity/customer/Address.java
2026-03-04 18:36:40,139 - Knowledge - INFO - [LLM_CALL] Completed: PersistableOrderPopulator.java:chunk1, Duration: 71084ms, PromptTokens: 4178, CompletionTokens: 880, Cost: $0.00077
2026-03-04 18:36:40,227 - Knowledge - INFO - Fast-tracked /app/data/T0015/329083/b8924gk/shopizer-329083/sm-shop/src/main/java/com/salesmanager/web/entity/customer/attribute/CustomerAttributeEntity.java (ext=.java, size=432)
2026-03-04 18:36:40,378 - Knowledge - INFO - Batch sizing: calculated=6, max_allowed=10, queue=493, active_workers=20/20
2026-03-04 18:36:40,526 - Knowledge - INFO - process ingested knowledge for /app/data/T0015/329083/b8924gk/shopizer-329083/sm-shop/src/main/java/com/salesmanager/web/populator/customer/PersistableCustomerShippingAddressPopulator.java
2026-03-04 18:36:40,533 - Knowledge - INFO - Fast-tracked /app/data/T0015/329083/b8924gk/shopizer-329083/sm-shop/src/main/java/com/salesmanager/web/populator/customer/PersistableCustomerOptionValuePopulator.java (small file (2806 bytes))
2026-03-04 18:36:40,655 - Knowledge - INFO - Worker kw15 processing /app/data/T0015/329083/b8924gk/shopizer-329083/sm-shop/src/main/java/com/salesmanager/web/entity/customer/CustomerPassword.java
2026-03-04 18:36:40,736 - Knowledge - INFO - done ingest for /app/data/T0015/329083/b8924gk/shopizer-329083/sm-shop/src/main/java/com/salesmanager/web/populator/order/PersistableOrderPopulator.java
2026-03-04 18:36:40,848 - Knowledge - INFO - Worker kw20 processing /app/data/T0015/329083/b8924gk/shopizer-329083/sm-shop/src/main/java/com/salesmanager/web/entity/customer/attribute/CustomerOption.java
2026-03-04 18:36:40,955 - Knowledge - INFO - Async storing batch of 8 embeddings
2026-03-04 18:36:41,081 - Knowledge - INFO - process ingested knowledge for /app/data/T0015/329083/b8924gk/shopizer-329083/sm-shop/src/main/java/com/salesmanager/web/populator/customer/CustomerOptionPopulator.java
2026-03-04 18:36:41,198 - Knowledge - INFO - Async storage completed for 8 embeddings
2026-03-04 18:36:41,385 - Knowledge - INFO - Fast-tracked /app/data/T0015/329083/b8924gk/shopizer-329083/sm-shop/src/main/java/com/salesmanager/web/entity/customer/CustomerPassword.java (ext=.java, size=1152)
2026-03-04 18:36:41,689 - Knowledge - INFO - Fast-tracked /app/data/T0015/329083/b8924gk/shopizer-329083/sm-shop/src/main/java/com/salesmanager/web/entity/customer/attribute/CustomerOption.java (ext=.java, size=290)
2026-03-04 18:36:41,825 - Knowledge - INFO - Worker kw4 processing /app/data/T0015/329083/b8924gk/shopizer-329083/sm-shop/src/main/java/com/salesmanager/web/entity/customer/CustomerEntity.java
2026-03-04 18:36:41,970 - Knowledge - INFO - process ingested knowledge for /app/data/T0015/329083/b8924gk/shopizer-329083/sm-shop/src/main/java/com/salesmanager/web/populator/customer/CustomerEntityPopulator.java
2026-03-04 18:36:42,244 - Knowledge - INFO - Worker kw15 processing /app/data/T0015/329083/b8924gk/shopizer-329083/sm-shop/src/main/java/com/salesmanager/web/entity/customer/SecuredShopPersistableCustomer.java
2026-03-04 18:36:42,331 - Knowledge - INFO - [LLM_CALL] Completed: ReadableOrderPopulator.java:chunk1, Duration: 57953ms, PromptTokens: 3274, CompletionTokens: 839, Cost: $0.00066
2026-03-04 18:36:42,403 - Knowledge - INFO - Worker kw20 processing /app/data/T0015/329083/b8924gk/shopizer-329083/sm-shop/src/main/java/com/salesmanager/web/entity/customer/attribute/ReadableCustomerOption.java
2026-03-04 18:36:42,547 - Knowledge - INFO - Worker kw4 processing /app/data/T0015/329083/b8924gk/shopizer-329083/sm-shop/src/main/java/com/salesmanager/web/entity/shop/ContactForm.java
2026-03-04 18:36:42,598 - Knowledge - INFO - process ingested knowledge for /app/data/T0015/329083/b8924gk/shopizer-329083/sm-shop/src/main/java/com/salesmanager/web/populator/customer/PersistableCustomerBillingAddressPopulator.java
2026-03-04 18:36:42,859 - Knowledge - INFO - Fast-tracked /app/data/T0015/329083/b8924gk/shopizer-329083/sm-shop/src/main/java/com/salesmanager/web/entity/customer/SecuredShopPersistableCustomer.java (ext=.java, size=1344)
2026-03-04 18:36:42,971 - Knowledge - INFO - done ingest for /app/data/T0015/329083/b8924gk/shopizer-329083/sm-shop/src/main/java/com/salesmanager/web/populator/order/ReadableOrderPopulator.java
2026-03-04 18:36:42,972 - Knowledge - INFO - [LLM_CALL] Completed: InitializationLoader.java:chunk1, Duration: 81142ms, PromptTokens: 3682, CompletionTokens: 582, Cost: $0.00060
2026-03-04 18:36:43,082 - Knowledge - INFO - Fast-tracked /app/data/T0015/329083/b8924gk/shopizer-329083/sm-shop/src/main/java/com/salesmanager/web/entity/customer/attribute/ReadableCustomerOption.java (ext=.java, size=506)
2026-03-04 18:36:43,168 - Knowledge - INFO - Fast-tracked /app/data/T0015/329083/b8924gk/shopizer-329083/sm-shop/src/main/java/com/salesmanager/web/entity/shop/ContactForm.java (ext=.java, size=1264)
2026-03-04 18:36:43,305 - Knowledge - INFO - process ingested knowledge for /app/data/T0015/329083/b8924gk/shopizer-329083/sm-shop/src/main/java/com/salesmanager/web/populator/customer/PersistableCustomerOptionPopulator.java
2026-03-04 18:36:43,490 - Knowledge - INFO - Worker kw15 processing /app/data/T0015/329083/b8924gk/shopizer-329083/sm-shop/src/main/java/com/salesmanager/web/entity/customer/SecuredCustomer.java
2026-03-04 18:36:43,711 - Knowledge - INFO - done ingest for /app/data/T0015/329083/b8924gk/shopizer-329083/sm-shop/src/main/java/com/salesmanager/web/init/data/InitializationLoader.java
2026-03-04 18:36:43,857 - Knowledge - INFO - Worker kw20 processing /app/data/T0015/329083/b8924gk/shopizer-329083/sm-shop/src/main/java/com/salesmanager/web/entity/customer/attribute/CustomerOptionDescription.java
2026-03-04 18:36:43,969 - Knowledge - INFO - Fast-tracked /app/data/T0015/329083/b8924gk/shopizer-329083/sm-shop/src/main/java/com/salesmanager/web/entity/order/ReadableShippingSummary.java (small file (2433 bytes))
2026-03-04 18:36:43,996 - Knowledge - INFO - Worker kw4 processing /app/data/T0015/329083/b8924gk/shopizer-329083/sm-shop/src/main/java/com/salesmanager/web/entity/shop/BreadcrumbItemType.java
2026-03-04 18:36:44,105 - Knowledge - INFO - process ingested knowledge for /app/data/T0015/329083/b8924gk/shopizer-329083/sm-shop/src/main/java/com/salesmanager/web/populator/customer/CustomerBillingAddressPopulator.java
2026-03-04 18:36:44,208 - Knowledge - INFO - Async storage completed for 8 embeddings
2026-03-04 18:36:44,229 - Knowledge - INFO - Fast-tracked /app/data/T0015/329083/b8924gk/shopizer-329083/sm-shop/src/main/java/com/salesmanager/web/entity/customer/SecuredCustomer.java (ext=.java, size=994)
2026-03-04 18:36:44,578 - Knowledge - INFO - Fast-tracked /app/data/T0015/329083/b8924gk/shopizer-329083/sm-shop/src/main/java/com/salesmanager/web/entity/customer/attribute/CustomerOptionDescription.java (ext=.java, size=319)
2026-03-04 18:36:44,654 - Knowledge - INFO - Async storage completed for 8 embeddings
2026-03-04 18:36:44,822 - Knowledge - INFO - Fast-tracked /app/data/T0015/329083/b8924gk/shopizer-329083/sm-shop/src/main/java/com/salesmanager/web/entity/shop/BreadcrumbItemType.java (ext=.java, size=119)
2026-03-04 18:36:45,272 - Knowledge - INFO - Worker kw15 processing /app/data/T0015/329083/b8924gk/shopizer-329083/sm-shop/src/main/java/com/salesmanager/web/entity/customer/AnonymousCustomer.java
2026-03-04 18:36:45,518 - Knowledge - INFO - Worker kw20 processing /app/data/T0015/329083/b8924gk/shopizer-329083/sm-shop/src/main/java/com/salesmanager/web/entity/customer/Customer.java
2026-03-04 18:36:45,600 - Knowledge - INFO - [LLM_CALL] Completed: PersistableOrderProductPopulator.java:chunk1, Duration: 53475ms, PromptTokens: 3454, CompletionTokens: 829, Cost: $0.00068
2026-03-04 18:36:45,930 - Knowledge - INFO - Worker kw4 processing /app/data/T0015/329083/b8924gk/shopizer-329083/sm-shop/src/main/java/com/salesmanager/web/entity/shop/BreadcrumbItem.java
2026-03-04 18:36:46,094 - Knowledge - INFO - Fast-tracked /app/data/T0015/329083/b8924gk/shopizer-329083/sm-shop/src/main/java/com/salesmanager/web/entity/customer/AnonymousCustomer.java (ext=.java, size=177)
2026-03-04 18:36:46,284 - Knowledge - INFO - Fast-tracked /app/data/T0015/329083/b8924gk/shopizer-329083/sm-shop/src/main/java/com/salesmanager/web/entity/customer/Customer.java (ext=.java, size=257)
2026-03-04 18:36:46,383 - Knowledge - INFO - done ingest for /app/data/T0015/329083/b8924gk/shopizer-329083/sm-shop/src/main/java/com/salesmanager/web/populator/order/PersistableOrderProductPopulator.java
2026-03-04 18:36:46,564 - Knowledge - INFO - Fast-tracked /app/data/T0015/329083/b8924gk/shopizer-329083/sm-shop/src/main/java/com/salesmanager/web/entity/shop/BreadcrumbItem.java (ext=.java, size=785)
2026-03-04 18:36:46,706 - Knowledge - INFO - Fast-tracked /app/data/T0015/329083/b8924gk/shopizer-329083/sm-shop/src/main/java/com/salesmanager/web/entity/customer/Address.java (small file (2421 bytes))
2026-03-04 18:36:46,766 - Knowledge - INFO - Async storage completed for 8 embeddings
2026-03-04 18:36:46,939 - Knowledge - INFO - Processing batch of 8 files
2026-03-04 18:36:46,996 - Knowledge - INFO - Worker kw4 processing /app/data/T0015/329083/b8924gk/shopizer-329083/sm-shop/src/main/java/com/salesmanager/web/entity/shop/PageInformation.java
2026-03-04 18:36:47,178 - Knowledge - INFO - Async storage completed for 8 embeddings
2026-03-04 18:36:47,492 - Knowledge - INFO - process ingested knowledge for /app/data/T0015/329083/b8924gk/shopizer-329083/sm-shop/src/main/java/com/salesmanager/web/shop/model/catalog/AttributeValue.java
2026-03-04 18:36:47,662 - Knowledge - INFO - Fast-tracked /app/data/T0015/329083/b8924gk/shopizer-329083/sm-shop/src/main/java/com/salesmanager/web/entity/shop/PageInformation.java (ext=.java, size=931)
2026-03-04 18:36:47,872 - Knowledge - INFO - Processing batch of 8 files
2026-03-04 18:36:47,899 - Knowledge - INFO - Processing batch of 6 files
2026-03-04 18:36:47,922 - Knowledge - INFO - process ingested knowledge for /app/data/T0015/329083/b8924gk/shopizer-329083/sm-shop/src/main/java/com/salesmanager/web/populator/order/PersistableOrderPopulator.java
2026-03-04 18:36:48,022 - Knowledge - INFO - Worker kw4 processing /app/data/T0015/329083/b8924gk/shopizer-329083/sm-shop/src/main/java/com/salesmanager/web/entity/shop/Breadcrumb.java
2026-03-04 18:36:48,242 - Knowledge - INFO - process ingested knowledge for /app/data/T0015/329083/b8924gk/shopizer-329083/sm-shop/src/main/java/com/salesmanager/web/entity/customer/attribute/CustomerAttribute.java
2026-03-04 18:36:48,359 - Knowledge - INFO - process ingested knowledge for /app/data/T0015/329083/b8924gk/shopizer-329083/sm-shop/src/main/java/com/salesmanager/web/entity/customer/ReadableCustomer.java
2026-03-04 18:36:48,624 - Knowledge - INFO - process ingested knowledge for /app/data/T0015/329083/b8924gk/shopizer-329083/sm-shop/src/main/java/com/salesmanager/web/populator/order/ReadableShopOrderPopulator.java
2026-03-04 18:36:48,681 - Knowledge - INFO - Async storage completed for 8 embeddings
2026-03-04 18:36:48,706 - Knowledge - INFO - Fast-tracked /app/data/T0015/329083/b8924gk/shopizer-329083/sm-shop/src/main/java/com/salesmanager/web/entity/shop/Breadcrumb.java (ext=.java, size=1159)
2026-03-04 18:36:48,821 - Knowledge - INFO - [WEBSOCKET] Sent: Type=progress_update, Size: 293, Duration: 0ms
2026-03-04 18:36:48,879 - Knowledge - INFO - process ingested knowledge for /app/data/T0015/329083/b8924gk/shopizer-329083/sm-shop/src/main/java/com/salesmanager/web/entity/customer/attribute/PersistableCustomerOption.java
2026-03-04 18:36:48,968 - Knowledge - INFO - process ingested knowledge for /app/data/T0015/329083/b8924gk/shopizer-329083/sm-shop/src/main/java/com/salesmanager/web/entity/customer/Address.java
2026-03-04 18:36:49,059 - Knowledge - INFO - process ingested knowledge for /app/data/T0015/329083/b8924gk/shopizer-329083/sm-shop/src/main/java/com/salesmanager/web/populator/order/ReadableOrderPopulator.java
2026-03-04 18:36:49,339 - Knowledge - INFO - Fast-tracked /app/data/T0015/329083/b8924gk/shopizer-329083/sm-shop/src/main/java/com/salesmanager/web/entity/customer/CustomerEntity.java (small file (2421 bytes))
2026-03-04 18:36:49,901 - Knowledge - INFO - [WEBSOCKET] Sent: Type=unknown, Size: ?, Duration: 1080ms
2026-03-04 18:36:50,094 - Knowledge - INFO - process ingested knowledge for /app/data/T0015/329083/b8924gk/shopizer-329083/sm-shop/src/main/java/com/salesmanager/web/entity/customer/attribute/CustomerOptionValueEntity.java
2026-03-04 18:36:50,311 - Knowledge - INFO - process ingested knowledge for /app/data/T0015/329083/b8924gk/shopizer-329083/sm-shop/src/main/java/com/salesmanager/web/entity/customer/CustomerPassword.java
2026-03-04 18:36:50,469 - Knowledge - INFO - process ingested knowledge for /app/data/T0015/329083/b8924gk/shopizer-329083/sm-shop/src/main/java/com/salesmanager/web/populator/order/ReadableShippingSummaryPopulator.java
2026-03-04 18:36:50,569 - Knowledge - INFO - Async storage completed for 8 embeddings
2026-03-04 18:36:50,661 - Knowledge - INFO - Progress: 47.5% | Files: 554/1167 | Rate: 1.50 files/sec | Queue: 487
2026-03-04 18:36:50,782 - Knowledge - INFO - process ingested knowledge for /app/data/T0015/329083/b8924gk/shopizer-329083/sm-shop/src/main/java/com/salesmanager/web/entity/customer/attribute/CustomerAttributeEntity.java
2026-03-04 18:36:50,991 - Knowledge - INFO - process ingested knowledge for /app/data/T0015/329083/b8924gk/shopizer-329083/sm-shop/src/main/java/com/salesmanager/web/entity/customer/SecuredShopPersistableCustomer.java
2026-03-04 18:36:51,110 - Knowledge - INFO - process ingested knowledge for /app/data/T0015/329083/b8924gk/shopizer-329083/sm-shop/src/main/java/com/salesmanager/web/populator/order/ReadableOrderTotalPopulator.java
2026-03-04 18:36:51,253 - Knowledge - INFO - Processing batch of 6 files
2026-03-04 18:36:51,384 - Knowledge - INFO - [kw3] Queue=487, InProgress=0, PendingWorkers=20/20, Completed=560/1167 (48.0%)
2026-03-04 18:36:51,471 - Knowledge - INFO - process ingested knowledge for /app/data/T0015/329083/b8924gk/shopizer-329083/sm-shop/src/main/java/com/salesmanager/web/entity/customer/attribute/CustomerOption.java
2026-03-04 18:36:51,595 - Knowledge - INFO - process ingested knowledge for /app/data/T0015/329083/b8924gk/shopizer-329083/sm-shop/src/main/java/com/salesmanager/web/entity/customer/SecuredCustomer.java
2026-03-04 18:36:51,781 - Knowledge - INFO - process ingested knowledge for /app/data/T0015/329083/b8924gk/shopizer-329083/sm-shop/src/main/java/com/salesmanager/web/populator/order/PersistableOrderProductPopulator.java
2026-03-04 18:36:51,910 - Knowledge - INFO - process ingested knowledge for /app/data/T0015/329083/b8924gk/shopizer-329083/sm-shop/src/main/java/com/salesmanager/web/entity/customer/CustomerEntity.java
2026-03-04 18:36:52,109 - Knowledge - INFO - Batch sizing: calculated=6, max_allowed=10, queue=487, active_workers=20/20
2026-03-04 18:36:52,215 - Knowledge - INFO - process ingested knowledge for /app/data/T0015/329083/b8924gk/shopizer-329083/sm-shop/src/main/java/com/salesmanager/web/entity/customer/attribute/ReadableCustomerOption.java
2026-03-04 18:36:52,371 - Knowledge - INFO - process ingested knowledge for /app/data/T0015/329083/b8924gk/shopizer-329083/sm-shop/src/main/java/com/salesmanager/web/entity/customer/AnonymousCustomer.java
2026-03-04 18:36:52,493 - Knowledge - INFO - process ingested knowledge for /app/data/T0015/329083/b8924gk/shopizer-329083/sm-shop/src/main/java/com/salesmanager/web/populator/order/ReadableOrderProductPopulator.java
2026-03-04 18:36:52,646 - Knowledge - INFO - process ingested knowledge for /app/data/T0015/329083/b8924gk/shopizer-329083/sm-shop/src/main/java/com/salesmanager/web/entity/shop/ContactForm.java
2026-03-04 18:36:52,960 - Knowledge - INFO - Async storing batch of 8 embeddings
2026-03-04 18:36:53,107 - Knowledge - INFO - process ingested knowledge for /app/data/T0015/329083/b8924gk/shopizer-329083/sm-shop/src/main/java/com/salesmanager/web/entity/customer/attribute/CustomerOptionDescription.java
2026-03-04 18:36:53,562 - Knowledge - INFO - Worker kw3 processing /app/data/T0015/329083/b8924gk/shopizer-329083/sm-shop/src/main/java/com/salesmanager/web/entity/ServiceEntity.java
2026-03-04 18:36:53,725 - Knowledge - INFO - process ingested knowledge for /app/data/T0015/329083/b8924gk/shopizer-329083/sm-shop/src/main/java/com/salesmanager/web/entity/shop/BreadcrumbItemType.java
2026-03-04 18:36:54,142 - Knowledge - INFO - Fast-tracked /app/data/T0015/329083/b8924gk/shopizer-329083/sm-shop/src/main/java/com/salesmanager/web/entity/ServiceEntity.java (ext=.java, size=372)
2026-03-04 18:36:54,304 - Knowledge - INFO - process ingested knowledge for /app/data/T0015/329083/b8924gk/shopizer-329083/sm-shop/src/main/java/com/salesmanager/web/entity/customer/Customer.java
2026-03-04 18:36:54,347 - Knowledge - INFO - [LLM_CALL] Completed: OrderRESTController.java:chunk1, Duration: 89128ms, PromptTokens: 4908, CompletionTokens: 757, Cost: $0.00079
2026-03-04 18:36:54,382 - Knowledge - INFO - Worker kw3 processing /app/data/T0015/329083/b8924gk/shopizer-329083/sm-shop/src/main/java/com/salesmanager/web/entity/Entity.java
2026-03-04 18:36:54,796 - Knowledge - INFO - process ingested knowledge for /app/data/T0015/329083/b8924gk/shopizer-329083/sm-shop/src/main/java/com/salesmanager/web/entity/shop/BreadcrumbItem.java
2026-03-04 18:36:54,886 - Knowledge - INFO - done ingest for /app/data/T0015/329083/b8924gk/shopizer-329083/sm-shop/src/main/java/com/salesmanager/web/services/controller/order/OrderRESTController.java
2026-03-04 18:36:55,050 - Knowledge - INFO - Fast-tracked /app/data/T0015/329083/b8924gk/shopizer-329083/sm-shop/src/main/java/com/salesmanager/web/entity/Entity.java (ext=.java, size=314)
2026-03-04 18:36:55,448 - Knowledge - INFO - [LLM_CALL] Completed: ShoppingOrderConfirmationController.java:chunk1, Duration: 50108ms, PromptTokens: 3716, CompletionTokens: 671, Cost: $0.00064
2026-03-04 18:36:55,582 - Knowledge - INFO - Worker kw3 processing /app/data/T0015/329083/b8924gk/shopizer-329083/sm-shop/src/main/java/com/salesmanager/web/entity/catalog/CatalogEntity.java
2026-03-04 18:36:55,859 - Knowledge - INFO - done ingest for /app/data/T0015/329083/b8924gk/shopizer-329083/sm-shop/src/main/java/com/salesmanager/web/shop/controller/order/ShoppingOrderConfirmationController.java
2026-03-04 18:36:56,002 - Knowledge - INFO - Fast-tracked /app/data/T0015/329083/b8924gk/shopizer-329083/sm-shop/src/main/java/com/salesmanager/web/entity/catalog/CatalogEntity.java (ext=.java, size=1472)
2026-03-04 18:36:56,469 - Knowledge - INFO - Worker kw3 processing /app/data/T0015/329083/b8924gk/shopizer-329083/sm-shop/src/main/java/com/salesmanager/web/entity/catalog/category/PersistableCategory.java
2026-03-04 18:36:56,890 - Knowledge - INFO - Fast-tracked /app/data/T0015/329083/b8924gk/shopizer-329083/sm-shop/src/main/java/com/salesmanager/web/entity/catalog/category/PersistableCategory.java (ext=.java, size=719)
2026-03-04 18:36:57,248 - Knowledge - INFO - Worker kw3 processing /app/data/T0015/329083/b8924gk/shopizer-329083/sm-shop/src/main/java/com/salesmanager/web/entity/catalog/category/CategoryDescription.java
2026-03-04 18:36:57,297 - Knowledge - INFO - process ingested knowledge for /app/data/T0015/329083/b8924gk/shopizer-329083/sm-shop/src/main/java/com/salesmanager/web/entity/shop/PageInformation.java
2026-03-04 18:36:57,612 - Knowledge - INFO - Fast-tracked /app/data/T0015/329083/b8924gk/shopizer-329083/sm-shop/src/main/java/com/salesmanager/web/entity/catalog/category/CategoryDescription.java (ext=.java, size=308)
2026-03-04 18:36:58,142 - Knowledge - INFO - Worker kw3 processing /app/data/T0015/329083/b8924gk/shopizer-329083/sm-shop/src/main/java/com/salesmanager/web/entity/catalog/category/Category.java
2026-03-04 18:36:58,541 - Knowledge - INFO - Fast-tracked /app/data/T0015/329083/b8924gk/shopizer-329083/sm-shop/src/main/java/com/salesmanager/web/entity/catalog/category/Category.java (ext=.java, size=275)
2026-03-04 18:36:58,920 - Knowledge - INFO - Async storage completed for 8 embeddings
2026-03-04 18:36:59,263 - Knowledge - INFO - process ingested knowledge for /app/data/T0015/329083/b8924gk/shopizer-329083/sm-shop/src/main/java/com/salesmanager/web/entity/shop/Breadcrumb.java
2026-03-04 18:37:03,179 - Knowledge - INFO - Fast-tracked /app/data/T0015/329083/b8924gk/shopizer-329083/sm-shop/src/main/java/com/salesmanager/web/admin/controller/tax/TaxConfigurationController.java (small file (3037 bytes))
2026-03-04 18:37:04,558 - Knowledge - INFO - Async storage completed for 8 embeddings
2026-03-04 18:37:05,640 - Knowledge - INFO - [kw15] Queue=481, InProgress=0, PendingWorkers=20/20, Completed=563/1167 (48.2%)
2026-03-04 18:37:05,846 - Knowledge - INFO - Batch sizing: calculated=6, max_allowed=10, queue=481, active_workers=20/20
2026-03-04 18:37:06,254 - Knowledge - INFO - [LLM_CALL] Completed: EmailConstants.java:chunk1, Duration: 53845ms, PromptTokens: 2792, CompletionTokens: 617, Cost: $0.00053
2026-03-04 18:37:06,479 - Knowledge - INFO - done ingest for /app/data/T0015/329083/b8924gk/shopizer-329083/sm-shop/src/main/java/com/salesmanager/web/constants/EmailConstants.java
2026-03-04 18:37:06,747 - Knowledge - INFO - Async storing batch of 6 embeddings
2026-03-04 18:37:06,800 - Knowledge - INFO - [LLM_CALL] Completed: ShoppingOrderDownloadController.java:chunk1, Duration: 101557ms, PromptTokens: 2372, CompletionTokens: 509, Cost: $0.00044
2026-03-04 18:37:06,914 - Knowledge - INFO - Worker kw15 processing /app/data/T0015/329083/b8924gk/shopizer-329083/sm-shop/src/main/java/com/salesmanager/web/entity/catalog/category/ReadableCategory.java
2026-03-04 18:37:07,102 - Knowledge - INFO - done ingest for /app/data/T0015/329083/b8924gk/shopizer-329083/sm-shop/src/main/java/com/salesmanager/web/shop/controller/order/ShoppingOrderDownloadController.java
2026-03-04 18:37:07,270 - Knowledge - INFO - Fast-tracked /app/data/T0015/329083/b8924gk/shopizer-329083/sm-shop/src/main/java/com/salesmanager/web/entity/catalog/category/ReadableCategory.java (ext=.java, size=849)
2026-03-04 18:37:07,438 - Knowledge - INFO - Processing batch of 6 files
2026-03-04 18:37:07,524 - Knowledge - INFO - Worker kw15 processing /app/data/T0015/329083/b8924gk/shopizer-329083/sm-shop/src/main/java/com/salesmanager/web/entity/catalog/category/CategoryEntity.java
2026-03-04 18:37:07,706 - Knowledge - INFO - process ingested knowledge for /app/data/T0015/329083/b8924gk/shopizer-329083/sm-shop/src/main/java/com/salesmanager/web/entity/ServiceEntity.java
2026-03-04 18:37:07,886 - Knowledge - INFO - Fast-tracked /app/data/T0015/329083/b8924gk/shopizer-329083/sm-shop/src/main/java/com/salesmanager/web/entity/catalog/category/CategoryEntity.java (ext=.java, size=855)
2026-03-04 18:37:07,960 - Knowledge - INFO - [kw13] Queue=475, InProgress=0, PendingWorkers=20/20, Completed=566/1167 (48.5%)
2026-03-04 18:37:08,247 - Knowledge - INFO - Worker kw15 processing /app/data/T0015/329083/b8924gk/shopizer-329083/sm-shop/src/main/java/com/salesmanager/web/entity/catalog/product/ProductReviewEntity.java
2026-03-04 18:37:08,358 - Knowledge - INFO - process ingested knowledge for /app/data/T0015/329083/b8924gk/shopizer-329083/sm-shop/src/main/java/com/salesmanager/web/entity/Entity.java
2026-03-04 18:37:08,393 - Knowledge - INFO - Batch sizing: calculated=6, max_allowed=10, queue=475, active_workers=20/20
2026-03-04 18:37:08,553 - Knowledge - INFO - Fast-tracked /app/data/T0015/329083/b8924gk/shopizer-329083/sm-shop/src/main/java/com/salesmanager/web/entity/catalog/product/ProductReviewEntity.java (ext=.java, size=1101)
2026-03-04 18:37:08,901 - Knowledge - INFO - process ingested knowledge for /app/data/T0015/329083/b8924gk/shopizer-329083/sm-shop/src/main/java/com/salesmanager/web/entity/catalog/CatalogEntity.java
2026-03-04 18:37:08,949 - Knowledge - INFO - Worker kw15 processing /app/data/T0015/329083/b8924gk/shopizer-329083/sm-shop/src/main/java/com/salesmanager/web/entity/catalog/product/ReadableProductPrice.java
2026-03-04 18:37:08,960 - Knowledge - INFO - Async storing batch of 8 embeddings
2026-03-04 18:37:08,970 - Knowledge - INFO - [kw20] Queue=469, InProgress=0, PendingWorkers=20/20, Completed=566/1167 (48.5%)
2026-03-04 18:37:09,381 - Knowledge - INFO - Fast-tracked /app/data/T0015/329083/b8924gk/shopizer-329083/sm-shop/src/main/java/com/salesmanager/web/entity/catalog/product/ReadableProductPrice.java (ext=.java, size=750)
2026-03-04 18:37:09,523 - Knowledge - INFO - Worker kw13 processing /app/data/T0015/329083/b8924gk/shopizer-329083/sm-shop/src/main/java/com/salesmanager/web/entity/catalog/product/attribute/ProductAttributeEntity.java
2026-03-04 18:37:09,531 - Knowledge - INFO - process ingested knowledge for /app/data/T0015/329083/b8924gk/shopizer-329083/sm-shop/src/main/java/com/salesmanager/web/entity/catalog/category/PersistableCategory.java
2026-03-04 18:37:09,686 - Knowledge - INFO - Batch sizing: calculated=6, max_allowed=10, queue=469, active_workers=20/20
2026-03-04 18:37:09,862 - Knowledge - INFO - [kw4] Queue=469, InProgress=0, PendingWorkers=20/20, Completed=566/1167 (48.5%)
2026-03-04 18:37:09,884 - Knowledge - INFO - Worker kw15 processing /app/data/T0015/329083/b8924gk/shopizer-329083/sm-shop/src/main/java/com/salesmanager/web/entity/catalog/product/attribute/PersistableProductOption.java
2026-03-04 18:37:09,973 - Knowledge - INFO - [LLM_CALL] Completed: ShoppingCategoryRESTController.java:chunk1, Duration: 90019ms, PromptTokens: 3578, CompletionTokens: 544, Cost: $0.00058
2026-03-04 18:37:10,129 - Knowledge - INFO - Fast-tracked /app/data/T0015/329083/b8924gk/shopizer-329083/sm-shop/src/main/java/com/salesmanager/web/entity/catalog/product/attribute/ProductAttributeEntity.java (ext=.java, size=1216)
2026-03-04 18:37:10,197 - Knowledge - INFO - process ingested knowledge for /app/data/T0015/329083/b8924gk/shopizer-329083/sm-shop/src/main/java/com/salesmanager/web/entity/catalog/category/CategoryDescription.java
2026-03-04 18:37:10,583 - Knowledge - INFO - Batch sizing: calculated=6, max_allowed=10, queue=469, active_workers=20/20
2026-03-04 18:37:10,746 - Knowledge - INFO - Fast-tracked /app/data/T0015/329083/b8924gk/shopizer-329083/sm-shop/src/main/java/com/salesmanager/web/entity/catalog/product/attribute/PersistableProductOption.java (ext=.java, size=555)
2026-03-04 18:37:10,949 - Knowledge - INFO - done ingest for /app/data/T0015/329083/b8924gk/shopizer-329083/sm-shop/src/main/java/com/salesmanager/web/services/controller/category/ShoppingCategoryRESTController.java
2026-03-04 18:37:10,958 - Knowledge - INFO - Async storing batch of 8 embeddings
2026-03-04 18:37:10,977 - Knowledge - INFO - [LLM_CALL] Completed: Constants.java:chunk1, Duration: 44679ms, PromptTokens: 2812, CompletionTokens: 672, Cost: $0.00055
2026-03-04 18:37:11,059 - Knowledge - INFO - Worker kw13 processing /app/data/T0015/329083/b8924gk/shopizer-329083/sm-shop/src/main/java/com/salesmanager/web/entity/catalog/product/attribute/ProductOption.java
2026-03-04 18:37:11,230 - Knowledge - INFO - process ingested knowledge for /app/data/T0015/329083/b8924gk/shopizer-329083/sm-shop/src/main/java/com/salesmanager/web/entity/catalog/category/Category.java
2026-03-04 18:37:11,570 - Knowledge - INFO - Fast-tracked /app/data/T0015/329083/b8924gk/shopizer-329083/sm-shop/src/main/java/com/salesmanager/web/admin/controller/AdminController.java (small file (2463 bytes))
2026-03-04 18:37:11,635 - Knowledge - INFO - Worker kw15 processing /app/data/T0015/329083/b8924gk/shopizer-329083/sm-shop/src/main/java/com/salesmanager/web/entity/catalog/product/attribute/ProductOptionValueEntity.java
2026-03-04 18:37:11,964 - Knowledge - INFO - Worker kw20 processing /app/data/T0015/329083/b8924gk/shopizer-329083/sm-shop/src/main/java/com/salesmanager/web/entity/catalog/product/attribute/PersistableProductAttribute.java
2026-03-04 18:37:12,031 - Knowledge - INFO - done ingest for /app/data/T0015/329083/b8924gk/shopizer-329083/sm-shop/src/main/java/com/salesmanager/web/constants/Constants.java
2026-03-04 18:37:12,088 - Knowledge - INFO - Async storing batch of 6 embeddings
2026-03-04 18:37:12,318 - Knowledge - INFO - Fast-tracked /app/data/T0015/329083/b8924gk/shopizer-329083/sm-shop/src/main/java/com/salesmanager/web/entity/catalog/product/attribute/ProductOption.java (ext=.java, size=289)
2026-03-04 18:37:12,897 - Knowledge - INFO - Fast-tracked /app/data/T0015/329083/b8924gk/shopizer-329083/sm-shop/src/main/java/com/salesmanager/web/entity/catalog/product/attribute/ProductOptionValueEntity.java (ext=.java, size=530)
2026-03-04 18:37:13,067 - Knowledge - INFO - Fast-tracked /app/data/T0015/329083/b8924gk/shopizer-329083/sm-shop/src/main/java/com/salesmanager/web/entity/catalog/product/attribute/PersistableProductAttribute.java (ext=.java, size=276)
2026-03-04 18:37:13,355 - Knowledge - INFO - Processing batch of 8 files
2026-03-04 18:37:13,423 - Knowledge - INFO - Worker kw4 processing /app/data/T0015/329083/b8924gk/shopizer-329083/sm-shop/src/main/java/com/salesmanager/web/entity/catalog/product/ReadableProduct.java
2026-03-04 18:37:13,564 - Knowledge - INFO - Worker kw13 processing /app/data/T0015/329083/b8924gk/shopizer-329083/sm-shop/src/main/java/com/salesmanager/web/entity/catalog/product/attribute/ProductOptionDescription.java
2026-03-04 18:37:13,713 - Knowledge - INFO - Async storage completed for 6 embeddings
2026-03-04 18:37:13,873 - Knowledge - INFO - Worker kw20 processing /app/data/T0015/329083/b8924gk/shopizer-329083/sm-shop/src/main/java/com/salesmanager/web/entity/catalog/product/attribute/ProductOptionValueDescription.java
2026-03-04 18:37:14,401 - Knowledge - INFO - process ingested knowledge for /app/data/T0015/329083/b8924gk/shopizer-329083/sm-shop/src/main/java/com/salesmanager/web/admin/entity/orders/Refund.java
2026-03-04 18:37:14,807 - Knowledge - INFO - [LLM_CALL] Completed: UserServicesImpl.java:chunk1, Duration: 76494ms, PromptTokens: 2446, CompletionTokens: 548, Cost: $0.00046
2026-03-04 18:37:14,890 - Knowledge - INFO - Worker kw4 processing /app/data/T0015/329083/b8924gk/shopizer-329083/sm-shop/src/main/java/com/salesmanager/web/entity/catalog/product/PersistableImage.java
2026-03-04 18:37:15,147 - Knowledge - INFO - Fast-tracked /app/data/T0015/329083/b8924gk/shopizer-329083/sm-shop/src/main/java/com/salesmanager/web/entity/catalog/product/attribute/ProductOptionDescription.java (ext=.java, size=325)
2026-03-04 18:37:15,648 - Knowledge - INFO - Fast-tracked /app/data/T0015/329083/b8924gk/shopizer-329083/sm-shop/src/main/java/com/salesmanager/web/entity/catalog/product/attribute/ProductOptionValueDescription.java (ext=.java, size=330)
2026-03-04 18:37:16,459 - Knowledge - INFO - done ingest for /app/data/T0015/329083/b8924gk/shopizer-329083/sm-shop/src/main/java/com/salesmanager/web/admin/security/UserServicesImpl.java
2026-03-04 18:37:16,598 - Knowledge - INFO - process ingested knowledge for /app/data/T0015/329083/b8924gk/shopizer-329083/sm-shop/src/main/java/com/salesmanager/web/admin/entity/orders/Order.java
2026-03-04 18:37:16,621 - Knowledge - INFO - Processing batch of 6 files
2026-03-04 18:37:16,696 - Knowledge - INFO - Fast-tracked /app/data/T0015/329083/b8924gk/shopizer-329083/sm-shop/src/main/java/com/salesmanager/web/entity/catalog/product/PersistableImage.java (ext=.java, size=644)
2026-03-04 18:37:16,912 - Knowledge - INFO - Worker kw13 processing /app/data/T0015/329083/b8924gk/shopizer-329083/sm-shop/src/main/java/com/salesmanager/web/entity/catalog/product/attribute/ReadableProductAttribute.java
2026-03-04 18:37:17,229 - Knowledge - INFO - Worker kw20 processing /app/data/T0015/329083/b8924gk/shopizer-329083/sm-shop/src/main/java/com/salesmanager/web/entity/catalog/product/attribute/ProductOptionValue.java
2026-03-04 18:37:17,522 - Knowledge - INFO - process ingested knowledge for /app/data/T0015/329083/b8924gk/shopizer-329083/sm-shop/src/main/java/com/salesmanager/web/constants/ApplicationConstants.java
2026-03-04 18:37:17,665 - Knowledge - INFO - process ingested knowledge for /app/data/T0015/329083/b8924gk/shopizer-329083/sm-shop/src/main/java/com/salesmanager/web/entity/catalog/category/ReadableCategory.java
2026-03-04 18:37:17,962 - Knowledge - INFO - Worker kw4 processing /app/data/T0015/329083/b8924gk/shopizer-329083/sm-shop/src/main/java/com/salesmanager/web/entity/catalog/product/PersistableProductReview.java
2026-03-04 18:37:18,168 - Knowledge - INFO - Fast-tracked /app/data/T0015/329083/b8924gk/shopizer-329083/sm-shop/src/main/java/com/salesmanager/web/entity/catalog/product/attribute/ReadableProductAttribute.java (ext=.java, size=270)
2026-03-04 18:37:18,561 - Knowledge - INFO - Fast-tracked /app/data/T0015/329083/b8924gk/shopizer-329083/sm-shop/src/main/java/com/salesmanager/web/entity/catalog/product/attribute/ProductOptionValue.java (ext=.java, size=294)
2026-03-04 18:37:19,080 - Knowledge - INFO - process ingested knowledge for /app/data/T0015/329083/b8924gk/shopizer-329083/sm-shop/src/main/java/com/salesmanager/web/constants/EmailConstants.java
2026-03-04 18:37:19,135 - Knowledge - INFO - process ingested knowledge for /app/data/T0015/329083/b8924gk/shopizer-329083/sm-shop/src/main/java/com/salesmanager/web/entity/catalog/category/CategoryEntity.java
2026-03-04 18:37:19,401 - Knowledge - INFO - Fast-tracked /app/data/T0015/329083/b8924gk/shopizer-329083/sm-shop/src/main/java/com/salesmanager/web/entity/catalog/product/PersistableProductReview.java (ext=.java, size=468)
2026-03-04 18:37:19,579 - Knowledge - INFO - Worker kw13 processing /app/data/T0015/329083/b8924gk/shopizer-329083/sm-shop/src/main/java/com/salesmanager/web/entity/catalog/product/attribute/PersistableProductOptionValue.java
2026-03-04 18:37:19,782 - Knowledge - INFO - [LLM_CALL] Completed: OrderProductPopulator.java:chunk1, Duration: 101027ms, PromptTokens: 3938, CompletionTokens: 677, Cost: $0.00066
2026-03-04 18:37:19,829 - Knowledge - INFO - Worker kw20 processing /app/data/T0015/329083/b8924gk/shopizer-329083/sm-shop/src/main/java/com/salesmanager/web/entity/catalog/product/attribute/ProductOptionEntity.java
2026-03-04 18:37:20,154 - Knowledge - INFO - process ingested knowledge for /app/data/T0015/329083/b8924gk/shopizer-329083/sm-shop/src/main/java/com/salesmanager/web/constants/Constants.java
2026-03-04 18:37:20,226 - Knowledge - INFO - process ingested knowledge for /app/data/T0015/329083/b8924gk/shopizer-329083/sm-shop/src/main/java/com/salesmanager/web/entity/catalog/product/ProductReviewEntity.java
2026-03-04 18:37:20,390 - Knowledge - INFO - Worker kw4 processing /app/data/T0015/329083/b8924gk/shopizer-329083/sm-shop/src/main/java/com/salesmanager/web/entity/catalog/product/Product.java
2026-03-04 18:37:20,537 - Knowledge - INFO - Fast-tracked /app/data/T0015/329083/b8924gk/shopizer-329083/sm-shop/src/main/java/com/salesmanager/web/entity/catalog/product/attribute/PersistableProductOptionValue.java (ext=.java, size=585)
2026-03-04 18:37:20,765 - Knowledge - INFO - done ingest for /app/data/T0015/329083/b8924gk/shopizer-329083/sm-shop/src/main/java/com/salesmanager/web/populator/order/OrderProductPopulator.java
2026-03-04 18:37:20,797 - Knowledge - INFO - [WEBSOCKET] Sent: Type=progress_update, Size: 293, Duration: 0ms
2026-03-04 18:37:20,860 - Knowledge - INFO - Fast-tracked /app/data/T0015/329083/b8924gk/shopizer-329083/sm-shop/src/main/java/com/salesmanager/web/entity/catalog/product/attribute/ProductOptionEntity.java (ext=.java, size=653)
2026-03-04 18:37:21,066 - Knowledge - INFO - process ingested knowledge for /app/data/T0015/329083/b8924gk/shopizer-329083/sm-shop/src/main/java/com/salesmanager/web/entity/order/OrderTotal.java
2026-03-04 18:37:21,423 - Knowledge - INFO - process ingested knowledge for /app/data/T0015/329083/b8924gk/shopizer-329083/sm-shop/src/main/java/com/salesmanager/web/entity/catalog/product/ReadableProductPrice.java
2026-03-04 18:37:21,659 - Knowledge - INFO - Fast-tracked /app/data/T0015/329083/b8924gk/shopizer-329083/sm-shop/src/main/java/com/salesmanager/web/entity/catalog/product/Product.java (ext=.java, size=273)
2026-03-04 18:37:21,823 - Knowledge - INFO - Worker kw13 processing /app/data/T0015/329083/b8924gk/shopizer-329083/sm-shop/src/main/java/com/salesmanager/web/entity/catalog/product/attribute/ProductAttribute.java
2026-03-04 18:37:22,369 - Knowledge - INFO - [LLM_CALL] Completed: ShopProductRESTController.java:chunk1, Duration: 95517ms, PromptTokens: 10164, CompletionTokens: 1089, Cost: $0.00145
2026-03-04 18:37:22,478 - Knowledge - INFO - Worker kw20 processing /app/data/T0015/329083/b8924gk/shopizer-329083/sm-shop/src/main/java/com/salesmanager/web/entity/catalog/product/RelatedProduct.java
2026-03-04 18:37:22,730 - Knowledge - INFO - process ingested knowledge for /app/data/T0015/329083/b8924gk/shopizer-329083/sm-shop/src/main/java/com/salesmanager/web/entity/order/ReadableOrderTotal.java
2026-03-04 18:37:22,906 - Knowledge - INFO - process ingested knowledge for /app/data/T0015/329083/b8924gk/shopizer-329083/sm-shop/src/main/java/com/salesmanager/web/entity/catalog/product/attribute/PersistableProductOption.java
2026-03-04 18:37:23,166 - Knowledge - INFO - Worker kw4 processing /app/data/T0015/329083/b8924gk/shopizer-329083/sm-shop/src/main/java/com/salesmanager/web/entity/catalog/product/ProductDescription.java
2026-03-04 18:37:23,278 - Knowledge - INFO - Fast-tracked /app/data/T0015/329083/b8924gk/shopizer-329083/sm-shop/src/main/java/com/salesmanager/web/entity/catalog/product/attribute/ProductAttribute.java (ext=.java, size=678)
2026-03-04 18:37:23,361 - Knowledge - INFO - done ingest for /app/data/T0015/329083/b8924gk/shopizer-329083/sm-shop/src/main/java/com/salesmanager/web/services/controller/product/ShopProductRESTController.java
2026-03-04 18:37:23,385 - Knowledge - INFO - [WEBSOCKET] Sent: Type=unknown, Size: ?, Duration: 2588ms
2026-03-04 18:37:23,588 - Knowledge - INFO - Fast-tracked /app/data/T0015/329083/b8924gk/shopizer-329083/sm-shop/src/main/java/com/salesmanager/web/entity/catalog/product/RelatedProduct.java (ext=.java, size=482)
2026-03-04 18:37:23,715 - Knowledge - INFO - process ingested knowledge for /app/data/T0015/329083/b8924gk/shopizer-329083/sm-shop/src/main/java/com/salesmanager/web/entity/order/ReadableShippingSummary.java
2026-03-04 18:37:23,716 - Knowledge - INFO - Async storage completed for 8 embeddings
2026-03-04 18:37:23,918 - Knowledge - INFO - process ingested knowledge for /app/data/T0015/329083/b8924gk/shopizer-329083/sm-shop/src/main/java/com/salesmanager/web/entity/catalog/product/attribute/ProductOptionValueEntity.java
2026-03-04 18:37:24,056 - Knowledge - INFO - Fast-tracked /app/data/T0015/329083/b8924gk/shopizer-329083/sm-shop/src/main/java/com/salesmanager/web/entity/catalog/product/ProductDescription.java (ext=.java, size=250)
2026-03-04 18:37:24,180 - Knowledge - INFO - Async storage completed for 8 embeddings
2026-03-04 18:37:24,523 - Knowledge - INFO - Progress: 49.7% | Files: 580/1167 | Rate: 1.45 files/sec | Queue: 457
2026-03-04 18:37:24,556 - Knowledge - INFO - [LLM_CALL] Completed: OptionsController.java:chunk1, Duration: 51635ms, PromptTokens: 4924, CompletionTokens: 761, Cost: $0.00080
2026-03-04 18:37:24,763 - Knowledge - INFO - Worker kw20 processing /app/data/T0015/329083/b8924gk/shopizer-329083/sm-shop/src/main/java/com/salesmanager/web/entity/catalog/product/ProductEntity.java
2026-03-04 18:37:24,847 - Knowledge - INFO - Async storage completed for 8 embeddings
2026-03-04 18:37:25,424 - Knowledge - INFO - Worker kw4 processing /app/data/T0015/329083/b8924gk/shopizer-329083/sm-shop/src/main/java/com/salesmanager/web/entity/catalog/product/ReadableProductList.java
2026-03-04 18:37:25,596 - Knowledge - INFO - Async storage completed for 8 embeddings
2026-03-04 18:37:25,860 - Knowledge - INFO - done ingest for /app/data/T0015/329083/b8924gk/shopizer-329083/sm-shop/src/main/java/com/salesmanager/web/admin/controller/products/OptionsController.java
2026-03-04 18:37:25,898 - Knowledge - INFO - [LLM_CALL] Completed: ShoppingOrderController.java:chunk1, Duration: 111974ms, PromptTokens: 15902, CompletionTokens: 1193, Cost: $0.00207
2026-03-04 18:37:25,933 - Knowledge - INFO - [kw3] Queue=457, InProgress=0, PendingWorkers=20/20, Completed=581/1167 (49.8%)
2026-03-04 18:37:26,227 - Knowledge - INFO - Fast-tracked /app/data/T0015/329083/b8924gk/shopizer-329083/sm-shop/src/main/java/com/salesmanager/web/entity/catalog/product/ReadableProductList.java (ext=.java, size=687)
2026-03-04 18:37:26,521 - Knowledge - WARNING - Timeout processing /app/data/T0015/329083/b8924gk/shopizer-329083/sm-shop/src/main/java/com/salesmanager/web/admin/controller/customers/CustomerController.java after 90s - using fallback metadata
2026-03-04 18:37:26,523 - Knowledge - WARNING - Timeout processing /app/data/T0015/329083/b8924gk/shopizer-329083/sm-shop/src/main/java/com/salesmanager/web/admin/controller/products/OptionsValueController.java after 90s - using fallback metadata
2026-03-04 18:37:26,622 - Knowledge - INFO - done ingest for /app/data/T0015/329083/b8924gk/shopizer-329083/sm-shop/src/main/java/com/salesmanager/web/shop/controller/order/ShoppingOrderController.java
2026-03-04 18:37:26,650 - Knowledge - INFO - [LLM_CALL] Completed: DateUtil.java:chunk1, Duration: 88422ms, PromptTokens: 2638, CompletionTokens: 740, Cost: $0.00056
2026-03-04 18:37:26,711 - Knowledge - INFO - Batch sizing: calculated=6, max_allowed=10, queue=457, active_workers=20/20
2026-03-04 18:37:26,969 - Knowledge - INFO - Fast-tracked /app/data/T0015/329083/b8924gk/shopizer-329083/sm-shop/src/main/java/com/salesmanager/web/entity/catalog/product/ReadableProduct.java (small file (2040 bytes))
2026-03-04 18:37:27,057 - Knowledge - WARNING - Timeout processing /app/data/T0015/329083/b8924gk/shopizer-329083/sm-shop/src/main/java/com/salesmanager/web/admin/controller/customers/CustomerOptionsSetController.java after 90s - using fallback metadata
2026-03-04 18:37:27,177 - Knowledge - WARNING - Timeout processing /app/data/T0015/329083/b8924gk/shopizer-329083/sm-shop/src/main/java/com/salesmanager/web/admin/controller/products/ProductsController.java after 90s - using fallback metadata
2026-03-04 18:37:27,455 - Knowledge - INFO - done ingest for /app/data/T0015/329083/b8924gk/shopizer-329083/sm-shop/src/main/java/com/salesmanager/web/utils/DateUtil.java
2026-03-04 18:37:27,487 - Knowledge - INFO - [LLM_CALL] Completed: StoreContactRESTController.java:chunk1, Duration: 91273ms, PromptTokens: 2406, CompletionTokens: 493, Cost: $0.00044
2026-03-04 18:37:27,861 - Knowledge - INFO - Async storage completed for 6 embeddings
2026-03-04 18:37:28,086 - Knowledge - WARNING - Timeout processing /app/data/T0015/329083/b8924gk/shopizer-329083/sm-shop/src/main/java/com/salesmanager/web/admin/controller/customers/CustomerOptionsValueController.java after 90s - using fallback metadata
2026-03-04 18:37:28,159 - Knowledge - WARNING - Timeout processing /app/data/T0015/329083/b8924gk/shopizer-329083/sm-shop/src/main/java/com/salesmanager/web/admin/controller/products/ProductPriceController.java after 90s - using fallback metadata
2026-03-04 18:37:28,486 - Knowledge - INFO - done ingest for /app/data/T0015/329083/b8924gk/shopizer-329083/sm-shop/src/main/java/com/salesmanager/web/services/controller/store/StoreContactRESTController.java
2026-03-04 18:37:28,493 - Knowledge - INFO - [LLM_CALL] Completed: MiniCartController.java:chunk1, Duration: 110150ms, PromptTokens: 2200, CompletionTokens: 437, Cost: $0.00039
2026-03-04 18:37:28,894 - Knowledge - WARNING - Timeout processing /app/data/T0015/329083/b8924gk/shopizer-329083/sm-shop/src/main/java/com/salesmanager/web/admin/controller/tax/TaxRatesController.java after 90s - using fallback metadata
2026-03-04 18:37:28,912 - Knowledge - WARNING - Timeout processing /app/data/T0015/329083/b8924gk/shopizer-329083/sm-shop/src/main/java/com/salesmanager/web/admin/controller/products/FeaturedItemsController.java after 90s - using fallback metadata
2026-03-04 18:37:29,278 - Knowledge - INFO - done ingest for /app/data/T0015/329083/b8924gk/shopizer-329083/sm-shop/src/main/java/com/salesmanager/web/shop/controller/shoppingCart/MiniCartController.java
2026-03-04 18:37:29,386 - Knowledge - INFO - Async storing batch of 6 embeddings
2026-03-04 18:37:29,391 - Knowledge - INFO - Processing batch of 6 files
2026-03-04 18:37:29,397 - Knowledge - INFO - [LLM_CALL] Completed: ImageFilePathUtils.java:chunk1, Duration: 62777ms, PromptTokens: 2540, CompletionTokens: 651, Cost: $0.00051
2026-03-04 18:37:29,544 - Knowledge - WARNING - Timeout processing /app/data/T0015/329083/b8924gk/shopizer-329083/sm-shop/src/main/java/com/salesmanager/web/admin/controller/products/ManufacturerController.java after 90s - using fallback metadata
2026-03-04 18:37:29,556 - Knowledge - WARNING - Timeout processing /app/data/T0015/329083/b8924gk/shopizer-329083/sm-shop/src/main/java/com/salesmanager/web/admin/controller/tax/TaxClassController.java after 90s - using fallback metadata
2026-03-04 18:37:29,805 - Knowledge - INFO - Worker kw3 processing /app/data/T0015/329083/b8924gk/shopizer-329083/sm-shop/src/main/java/com/salesmanager/web/entity/catalog/product/ReadableProductReview.java
2026-03-04 18:37:29,932 - Knowledge - INFO - process ingested knowledge for /app/data/T0015/329083/b8924gk/shopizer-329083/sm-shop/src/main/java/com/salesmanager/web/entity/catalog/product/attribute/ProductAttributeEntity.java
2026-03-04 18:37:30,060 - Knowledge - INFO - done ingest for /app/data/T0015/329083/b8924gk/shopizer-329083/sm-shop/src/main/java/com/salesmanager/web/utils/ImageFilePathUtils.java
2026-03-04 18:37:30,083 - Knowledge - INFO - [LLM_CALL] Completed: ShoppingOrderPaymentController.java:chunk1, Duration: 95660ms, PromptTokens: 4868, CompletionTokens: 791, Cost: $0.00080
2026-03-04 18:37:30,246 - Knowledge - WARNING - Timeout processing /app/data/T0015/329083/b8924gk/shopizer-329083/sm-shop/src/main/java/com/salesmanager/web/admin/controller/products/ProductAttributeController.java after 90s - using fallback metadata
2026-03-04 18:37:30,486 - Knowledge - WARNING - Timeout processing /app/data/T0015/329083/b8924gk/shopizer-329083/sm-shop/src/main/java/com/salesmanager/web/admin/controller/content/ContentBoxesController.java after 90s - using fallback metadata
2026-03-04 18:37:30,632 - Knowledge - INFO - Fast-tracked /app/data/T0015/329083/b8924gk/shopizer-329083/sm-shop/src/main/java/com/salesmanager/web/entity/catalog/product/ReadableProductReview.java (ext=.java, size=489)
2026-03-04 18:37:31,020 - Knowledge - INFO - done ingest for /app/data/T0015/329083/b8924gk/shopizer-329083/sm-shop/src/main/java/com/salesmanager/web/shop/controller/order/ShoppingOrderPaymentController.java
2026-03-04 18:37:31,036 - Knowledge - INFO - Processing batch of 6 files
2026-03-04 18:37:31,200 - Knowledge - WARNING - Timeout processing /app/data/T0015/329083/b8924gk/shopizer-329083/sm-shop/src/main/java/com/salesmanager/web/admin/controller/products/ProductController.java after 90s - using fallback metadata
2026-03-04 18:37:31,250 - Knowledge - INFO - process ingested knowledge for /app/data/T0015/329083/b8924gk/shopizer-329083/sm-shop/src/main/java/com/salesmanager/web/entity/catalog/product/attribute/ProductOption.java
2026-03-04 18:37:31,298 - Knowledge - INFO - [kw15] Queue=451, InProgress=0, PendingWorkers=20/20, Completed=592/1167 (50.7%)
2026-03-04 18:37:31,317 - Knowledge - INFO - Processing batch of 8 files
2026-03-04 18:37:31,503 - Knowledge - INFO - Worker kw3 processing /app/data/T0015/329083/b8924gk/shopizer-329083/sm-shop/src/main/java/com/salesmanager/web/entity/catalog/product/PersistableProduct.java
2026-03-04 18:37:31,914 - Knowledge - INFO - process ingested knowledge for /app/data/T0015/329083/b8924gk/shopizer-329083/sm-shop/src/main/java/com/salesmanager/web/entity/catalog/product/ReadableProduct.java
2026-03-04 18:37:32,083 - Knowledge - WARNING - Timeout processing /app/data/T0015/329083/b8924gk/shopizer-329083/sm-shop/src/main/java/com/salesmanager/web/admin/controller/products/ProductKeywordsController.java after 90s - using fallback metadata
2026-03-04 18:37:32,241 - Knowledge - INFO - process ingested knowledge for /app/data/T0015/329083/b8924gk/shopizer-329083/sm-shop/src/main/java/com/salesmanager/web/entity/catalog/product/attribute/ProductOptionDescription.java
2026-03-04 18:37:32,897 - Knowledge - INFO - [kw18] Queue=451, InProgress=0, PendingWorkers=20/20, Completed=600/1167 (51.4%)
2026-03-04 18:37:33,008 - Knowledge - INFO - Batch sizing: calculated=6, max_allowed=10, queue=451, active_workers=20/20
2026-03-04 18:37:33,262 - Knowledge - INFO - process ingested knowledge for /app/data/T0015/329083/b8924gk/shopizer-329083/sm-shop/src/main/java/com/salesmanager/web/admin/controller/customers/CustomerController.java
2026-03-04 18:37:33,645 - Knowledge - INFO - Fast-tracked /app/data/T0015/329083/b8924gk/shopizer-329083/sm-shop/src/main/java/com/salesmanager/web/entity/catalog/product/PersistableProduct.java (ext=.java, size=1987)
2026-03-04 18:37:33,760 - Knowledge - INFO - process ingested knowledge for /app/data/T0015/329083/b8924gk/shopizer-329083/sm-shop/src/main/java/com/salesmanager/web/entity/catalog/product/PersistableImage.java
2026-03-04 18:37:33,832 - Knowledge - INFO - [LLM_CALL] Completed: FilePathUtils.java:chunk1, Duration: 84681ms, PromptTokens: 3450, CompletionTokens: 716, Cost: $0.00063
2026-03-04 18:37:34,062 - Knowledge - INFO - process ingested knowledge for /app/data/T0015/329083/b8924gk/shopizer-329083/sm-shop/src/main/java/com/salesmanager/web/entity/catalog/product/attribute/ReadableProductAttribute.java
2026-03-04 18:37:34,195 - Knowledge - INFO - Batch sizing: calculated=6, max_allowed=10, queue=451, active_workers=20/20
2026-03-04 18:37:34,560 - Knowledge - INFO - process ingested knowledge for /app/data/T0015/329083/b8924gk/shopizer-329083/sm-shop/src/main/java/com/salesmanager/web/admin/controller/customers/CustomerOptionsSetController.java
2026-03-04 18:37:34,611 - Knowledge - WARNING - Timeout processing /app/data/T0015/329083/b8924gk/shopizer-329083/sm-shop/src/main/java/com/salesmanager/web/shop/controller/customer/CustomerProductReviewController.java after 90s - using fallback metadata
2026-03-04 18:37:34,704 - Knowledge - INFO - Worker kw3 processing /app/data/T0015/329083/b8924gk/shopizer-329083/sm-shop/src/main/java/com/salesmanager/web/entity/catalog/manufacturer/ManufacturerEntity.java
2026-03-04 18:37:34,845 - Knowledge - INFO - process ingested knowledge for /app/data/T0015/329083/b8924gk/shopizer-329083/sm-shop/src/main/java/com/salesmanager/web/entity/catalog/product/PersistableProductReview.java
2026-03-04 18:37:35,002 - Knowledge - INFO - done ingest for /app/data/T0015/329083/b8924gk/shopizer-329083/sm-shop/src/main/java/com/salesmanager/web/utils/FilePathUtils.java
2026-03-04 18:37:35,100 - Knowledge - INFO - Processing batch of 8 files
2026-03-04 18:37:35,200 - Knowledge - INFO - process ingested knowledge for /app/data/T0015/329083/b8924gk/shopizer-329083/sm-shop/src/main/java/com/salesmanager/web/entity/catalog/product/attribute/PersistableProductOptionValue.java
2026-03-04 18:37:35,217 - Knowledge - INFO - [LLM_CALL] Completed: CustomProductGroupsController.java:chunk1, Duration: 80514ms, PromptTokens: 7024, CompletionTokens: 1002, Cost: $0.00110
2026-03-04 18:37:35,555 - Knowledge - INFO - process ingested knowledge for /app/data/T0015/329083/b8924gk/shopizer-329083/sm-shop/src/main/java/com/salesmanager/web/admin/controller/customers/CustomerOptionsValueController.java
2026-03-04 18:37:35,696 - Knowledge - WARNING - Timeout processing /app/data/T0015/329083/b8924gk/shopizer-329083/sm-shop/src/main/java/com/salesmanager/web/shop/controller/customer/CustomerOrdersController.java after 90s - using fallback metadata
2026-03-04 18:37:35,733 - Knowledge - INFO - Fast-tracked /app/data/T0015/329083/b8924gk/shopizer-329083/sm-shop/src/main/java/com/salesmanager/web/admin/controller/user/SecurityController.java (small file (2005 bytes))
2026-03-04 18:37:35,827 - Knowledge - INFO - Fast-tracked /app/data/T0015/329083/b8924gk/shopizer-329083/sm-shop/src/main/java/com/salesmanager/web/entity/catalog/manufacturer/ManufacturerEntity.java (ext=.java, size=387)
2026-03-04 18:37:35,828 - Knowledge - INFO - Async storage completed for 8 embeddings
2026-03-04 18:37:35,961 - Knowledge - INFO - Async storage completed for 8 embeddings
2026-03-04 18:37:35,961 - Knowledge - INFO - process ingested knowledge for /app/data/T0015/329083/b8924gk/shopizer-329083/sm-shop/src/main/java/com/salesmanager/web/entity/catalog/product/Product.java
2026-03-04 18:37:36,114 - Knowledge - INFO - Async storage completed for 8 embeddings
2026-03-04 18:37:36,278 - Knowledge - INFO - process ingested knowledge for /app/data/T0015/329083/b8924gk/shopizer-329083/sm-shop/src/main/java/com/salesmanager/web/admin/controller/products/ProductsController.java
2026-03-04 18:37:36,437 - Knowledge - INFO - process ingested knowledge for /app/data/T0015/329083/b8924gk/shopizer-329083/sm-shop/src/main/java/com/salesmanager/web/entity/catalog/product/attribute/ProductAttribute.java
2026-03-04 18:37:36,601 - Knowledge - INFO - done ingest for /app/data/T0015/329083/b8924gk/shopizer-329083/sm-shop/src/main/java/com/salesmanager/web/admin/controller/products/CustomProductGroupsController.java
2026-03-04 18:37:36,608 - Knowledge - INFO - Async storing batch of 6 embeddings
2026-03-04 18:37:36,618 - Knowledge - INFO - [LLM_CALL] Completed: OrderFacade.java:chunk1, Duration: 117835ms, PromptTokens: 2648, CompletionTokens: 887, Cost: $0.00062
2026-03-04 18:37:36,759 - Knowledge - INFO - process ingested knowledge for /app/data/T0015/329083/b8924gk/shopizer-329083/sm-shop/src/main/java/com/salesmanager/web/admin/controller/tax/TaxRatesController.java
2026-03-04 18:37:36,878 - Knowledge - WARNING - Timeout processing /app/data/T0015/329083/b8924gk/shopizer-329083/sm-shop/src/main/java/com/salesmanager/web/shop/controller/customer/CustomerAccountController.java after 90s - using fallback metadata
2026-03-04 18:37:37,024 - Knowledge - INFO - Async storage completed for 8 embeddings
2026-03-04 18:37:37,083 - Knowledge - INFO - Worker kw3 processing /app/data/T0015/329083/b8924gk/shopizer-329083/sm-shop/src/main/java/com/salesmanager/web/entity/catalog/manufacturer/ManufacturerDescription.java
2026-03-04 18:37:37,426 - Knowledge - INFO - process ingested knowledge for /app/data/T0015/329083/b8924gk/shopizer-329083/sm-shop/src/main/java/com/salesmanager/web/entity/catalog/product/ProductDescription.java
2026-03-04 18:37:37,675 - Knowledge - WARNING - Timeout processing /app/data/T0015/329083/b8924gk/shopizer-329083/sm-shop/src/main/java/com/salesmanager/web/admin/controller/shipping/ShippingPackagingController.java after 90s - using fallback metadata
2026-03-04 18:37:37,714 - Knowledge - INFO - process ingested knowledge for /app/data/T0015/329083/b8924gk/shopizer-329083/sm-shop/src/main/java/com/salesmanager/web/admin/controller/products/ProductPriceController.java
2026-03-04 18:37:37,739 - Knowledge - WARNING - Timeout processing /app/data/T0015/329083/b8924gk/shopizer-329083/sm-shop/src/main/java/com/salesmanager/web/admin/controller/customers/CustomerOptionsController.java after 90s - using fallback metadata
2026-03-04 18:37:38,066 - Knowledge - INFO - Worker kw15 processing /app/data/T0015/329083/b8924gk/shopizer-329083/sm-shop/src/main/java/com/salesmanager/web/entity/catalog/manufacturer/PersistableManufacturer.java
2026-03-04 18:37:38,191 - Knowledge - INFO - done ingest for /app/data/T0015/329083/b8924gk/shopizer-329083/sm-shop/src/main/java/com/salesmanager/web/shop/controller/order/facade/OrderFacade.java
2026-03-04 18:37:38,192 - Knowledge - INFO - Async storing batch of 8 embeddings
2026-03-04 18:37:38,215 - Knowledge - INFO - Processing batch of 8 files
2026-03-04 18:37:38,242 - Knowledge - INFO - [LLM_CALL] Completed: ShoppingCartDataPopulator.java:chunk1, Duration: 105980ms, PromptTokens: 3634, CompletionTokens: 691, Cost: $0.00064
2026-03-04 18:37:38,327 - Knowledge - INFO - process ingested knowledge for /app/data/T0015/329083/b8924gk/shopizer-329083/sm-shop/src/main/java/com/salesmanager/web/admin/controller/tax/TaxConfigurationController.java
2026-03-04 18:37:38,464 - Knowledge - WARNING - Timeout processing /app/data/T0015/329083/b8924gk/shopizer-329083/sm-shop/src/main/java/com/salesmanager/web/shop/controller/customer/CustomerLoginController.java after 90s - using fallback metadata
2026-03-04 18:37:38,837 - Knowledge - INFO - Fast-tracked /app/data/T0015/329083/b8924gk/shopizer-329083/sm-shop/src/main/java/com/salesmanager/web/entity/catalog/manufacturer/ManufacturerDescription.java (ext=.java, size=319)
2026-03-04 18:37:38,896 - Knowledge - WARNING - Timeout processing /app/data/T0015/329083/b8924gk/shopizer-329083/sm-shop/src/main/java/com/salesmanager/web/admin/controller/content/ContentImageController.java after 90s - using fallback metadata
2026-03-04 18:37:39,086 - Knowledge - WARNING - Timeout processing /app/data/T0015/329083/b8924gk/shopizer-329083/sm-shop/src/main/java/com/salesmanager/web/admin/controller/products/DigitalProductController.java after 90s - using fallback metadata
2026-03-04 18:37:39,239 - Knowledge - INFO - process ingested knowledge for /app/data/T0015/329083/b8924gk/shopizer-329083/sm-shop/src/main/java/com/salesmanager/web/entity/catalog/product/ReadableProductList.java
2026-03-04 18:37:39,255 - Knowledge - INFO - process ingested knowledge for /app/data/T0015/329083/b8924gk/shopizer-329083/sm-shop/src/main/java/com/salesmanager/web/admin/controller/products/FeaturedItemsController.java
2026-03-04 18:37:39,338 - Knowledge - WARNING - Timeout processing /app/data/T0015/329083/b8924gk/shopizer-329083/sm-shop/src/main/java/com/salesmanager/web/admin/controller/shipping/ShippingConfigsController.java after 90s - using fallback metadata
2026-03-04 18:37:39,422 - Knowledge - WARNING - Timeout processing /app/data/T0015/329083/b8924gk/shopizer-329083/sm-shop/src/main/java/com/salesmanager/web/services/controller/customer/CustomerRESTController.java after 90s - using fallback metadata
2026-03-04 18:37:39,452 - Knowledge - INFO - Fast-tracked /app/data/T0015/329083/b8924gk/shopizer-329083/sm-shop/src/main/java/com/salesmanager/web/entity/catalog/manufacturer/PersistableManufacturer.java (ext=.java, size=545)
2026-03-04 18:37:39,690 - Knowledge - INFO - Worker kw18 processing /app/data/T0015/329083/b8924gk/shopizer-329083/sm-shop/src/main/java/com/salesmanager/web/reference/ReferenceController.java
2026-03-04 18:37:39,866 - Knowledge - INFO - process ingested knowledge for /app/data/T0015/329083/b8924gk/shopizer-329083/sm-shop/src/main/java/com/salesmanager/web/utils/DateUtil.java
2026-03-04 18:37:39,951 - Knowledge - INFO - done ingest for /app/data/T0015/329083/b8924gk/shopizer-329083/sm-shop/src/main/java/com/salesmanager/web/populator/shoppingCart/ShoppingCartDataPopulator.java
2026-03-04 18:37:39,966 - Knowledge - INFO - Processing batch of 8 files
2026-03-04 18:37:40,236 - Knowledge - INFO - process ingested knowledge for /app/data/T0015/329083/b8924gk/shopizer-329083/sm-shop/src/main/java/com/salesmanager/web/admin/controller/tax/TaxClassController.java
2026-03-04 18:37:40,275 - Knowledge - WARNING - Timeout processing /app/data/T0015/329083/b8924gk/shopizer-329083/sm-shop/src/main/java/com/salesmanager/web/shop/controller/search/SearchController.java after 90s - using fallback metadata
2026-03-04 18:37:40,423 - Knowledge - INFO - Worker kw3 processing /app/data/T0015/329083/b8924gk/shopizer-329083/sm-shop/src/main/java/com/salesmanager/web/entity/catalog/manufacturer/Manufacturer.java
2026-03-04 18:37:40,536 - Knowledge - WARNING - Timeout processing /app/data/T0015/329083/b8924gk/shopizer-329083/sm-shop/src/main/java/com/salesmanager/web/admin/controller/content/StaticContentController.java after 90s - using fallback metadata
2026-03-04 18:37:40,716 - Knowledge - WARNING - Timeout processing /app/data/T0015/329083/b8924gk/shopizer-329083/sm-shop/src/main/java/com/salesmanager/web/admin/controller/products/ProductImagesController.java after 90s - using fallback metadata
2026-03-04 18:37:41,209 - Knowledge - WARNING - Timeout processing /app/data/T0015/329083/b8924gk/shopizer-329083/sm-shop/src/main/java/com/salesmanager/web/admin/controller/merchant/StoreBrandingController.java after 90s - using fallback metadata
2026-03-04 18:37:41,375 - Knowledge - WARNING - Timeout processing /app/data/T0015/329083/b8924gk/shopizer-329083/sm-shop/src/main/java/com/salesmanager/web/init/data/InitStoreData.java after 90s - using fallback metadata
2026-03-04 18:37:41,487 - Knowledge - INFO - [WEBSOCKET] Sent: Type=progress_update, Size: 293, Duration: 0ms
2026-03-04 18:37:41,500 - Knowledge - INFO - process ingested knowledge for /app/data/T0015/329083/b8924gk/shopizer-329083/sm-shop/src/main/java/com/salesmanager/web/admin/controller/products/ManufacturerController.java
2026-03-04 18:37:41,527 - Knowledge - INFO - Worker kw15 processing /app/data/T0015/329083/b8924gk/shopizer-329083/sm-shop/src/main/java/com/salesmanager/web/entity/catalog/ProductList.java
2026-03-04 18:37:41,718 - Knowledge - INFO - Worker kw18 processing /app/data/T0015/329083/b8924gk/shopizer-329083/sm-shop/src/main/java/com/salesmanager/web/tags/ProductDescriptionUrlTag.java
2026-03-04 18:37:42,083 - Knowledge - INFO - process ingested knowledge for /app/data/T0015/329083/b8924gk/shopizer-329083/sm-shop/src/main/java/com/salesmanager/web/utils/AdminAccessDeniedHandler.java
2026-03-04 18:37:42,135 - Knowledge - INFO - process ingested knowledge for /app/data/T0015/329083/b8924gk/shopizer-329083/sm-shop/src/main/java/com/salesmanager/web/utils/BeanUtils.java
2026-03-04 18:37:42,233 - Knowledge - INFO - process ingested knowledge for /app/data/T0015/329083/b8924gk/shopizer-329083/sm-shop/src/main/java/com/salesmanager/web/admin/controller/AdminController.java
2026-03-04 18:37:42,378 - Knowledge - WARNING - Timeout processing /app/data/T0015/329083/b8924gk/shopizer-329083/sm-shop/src/main/java/com/salesmanager/web/shop/controller/category/ShoppingCategoryController.java after 90s - using fallback metadata
2026-03-04 18:37:42,583 - Knowledge - INFO - Fast-tracked /app/data/T0015/329083/b8924gk/shopizer-329083/sm-shop/src/main/java/com/salesmanager/web/entity/catalog/manufacturer/Manufacturer.java (ext=.java, size=283)
2026-03-04 18:37:42,730 - Knowledge - WARNING - Timeout processing /app/data/T0015/329083/b8924gk/shopizer-329083/sm-shop/src/main/java/com/salesmanager/web/admin/controller/content/ContentPagesController.java after 90s - using fallback metadata
2026-03-04 18:37:42,828 - Knowledge - WARNING - Timeout processing /app/data/T0015/329083/b8924gk/shopizer-329083/sm-shop/src/main/java/com/salesmanager/web/admin/controller/products/ProductReviewController.java after 90s - using fallback metadata
2026-03-04 18:37:42,900 - Knowledge - WARNING - Timeout processing /app/data/T0015/329083/b8924gk/shopizer-329083/sm-shop/src/main/java/com/salesmanager/web/admin/controller/merchant/StoreLandingController.java after 90s - using fallback metadata
2026-03-04 18:37:43,235 - Knowledge - INFO - [LLM_CALL] Completed: CustomerFacade.java:chunk1, Duration: 109302ms, PromptTokens: 2260, CompletionTokens: 770, Cost: $0.00053
2026-03-04 18:37:43,518 - Knowledge - INFO - Fast-tracked /app/data/T0015/329083/b8924gk/shopizer-329083/sm-shop/src/main/java/com/salesmanager/web/entity/catalog/ProductList.java (ext=.java, size=758)
2026-03-04 18:37:43,566 - Knowledge - INFO - process ingested knowledge for /app/data/T0015/329083/b8924gk/shopizer-329083/sm-shop/src/main/java/com/salesmanager/web/admin/controller/products/ProductAttributeController.java
2026-03-04 18:37:43,641 - Knowledge - INFO - Worker kw18 processing /app/data/T0015/329083/b8924gk/shopizer-329083/sm-shop/src/main/java/com/salesmanager/web/tags/PageContentTag.java
2026-03-04 18:37:44,212 - Knowledge - WARNING - Timeout processing /app/data/T0015/329083/b8924gk/shopizer-329083/sm-shop/src/main/java/com/salesmanager/web/shop/controller/LandingController.java after 90s - using fallback metadata
2026-03-04 18:37:44,219 - Knowledge - INFO - process ingested knowledge for /app/data/T0015/329083/b8924gk/shopizer-329083/sm-shop/src/main/java/com/salesmanager/web/utils/SessionUtil.java
2026-03-04 18:37:44,238 - Knowledge - INFO - process ingested knowledge for /app/data/T0015/329083/b8924gk/shopizer-329083/sm-shop/src/main/java/com/salesmanager/web/admin/security/SecurityQuestion.java
2026-03-04 18:37:44,240 - Knowledge - INFO - process ingested knowledge for /app/data/T0015/329083/b8924gk/shopizer-329083/sm-shop/src/main/java/com/salesmanager/web/admin/controller/content/ContentBoxesController.java
2026-03-04 18:37:44,428 - Knowledge - INFO - Worker kw3 processing /app/data/T0015/329083/b8924gk/shopizer-329083/sm-shop/src/main/java/com/salesmanager/web/entity/catalog/manufacturer/ReadableManufacturer.java
2026-03-04 18:37:44,543 - Knowledge - WARNING - Timeout processing /app/data/T0015/329083/b8924gk/shopizer-329083/sm-shop/src/main/java/com/salesmanager/web/admin/controller/configurations/CacheController.java after 90s - using fallback metadata
2026-03-04 18:37:44,689 - Knowledge - WARNING - Timeout processing /app/data/T0015/329083/b8924gk/shopizer-329083/sm-shop/src/main/java/com/salesmanager/web/admin/controller/products/RelatedItemsController.java after 90s - using fallback metadata
2026-03-04 18:37:44,816 - Knowledge - WARNING - Timeout processing /app/data/T0015/329083/b8924gk/shopizer-329083/sm-shop/src/main/java/com/salesmanager/web/admin/controller/merchant/MerchantStoreController.java after 90s - using fallback metadata
2026-03-04 18:37:44,968 - Knowledge - INFO - done ingest for /app/data/T0015/329083/b8924gk/shopizer-329083/sm-shop/src/main/java/com/salesmanager/web/shop/controller/customer/facade/CustomerFacade.java
2026-03-04 18:37:44,970 - Knowledge - INFO - [LLM_CALL] Completed: PermissionController.java:chunk1, Duration: 101769ms, PromptTokens: 2188, CompletionTokens: 392, Cost: $0.00038
2026-03-04 18:37:45,075 - Knowledge - INFO - Worker kw15 processing /app/data/T0015/329083/b8924gk/shopizer-329083/sm-shop/src/main/java/com/salesmanager/web/entity/catalog/SearchProductList.java
2026-03-04 18:37:45,195 - Knowledge - INFO - process ingested knowledge for /app/data/T0015/329083/b8924gk/shopizer-329083/sm-shop/src/main/java/com/salesmanager/web/admin/controller/products/ProductController.java
2026-03-04 18:37:45,334 - Knowledge - INFO - Worker kw18 processing /app/data/T0015/329083/b8924gk/shopizer-329083/sm-shop/src/main/java/com/salesmanager/web/tags/StoreFooterlTag.java
2026-03-04 18:37:45,493 - Knowledge - WARNING - Timeout processing /app/data/T0015/329083/b8924gk/shopizer-329083/sm-shop/src/main/java/com/salesmanager/web/shop/controller/order/facade/OrderFacadeImpl.java after 90s - using fallback metadata
2026-03-04 18:37:45,558 - Knowledge - INFO - process ingested knowledge for /app/data/T0015/329083/b8924gk/shopizer-329083/sm-shop/src/main/java/com/salesmanager/web/utils/FilePathUtils.java
2026-03-04 18:37:45,792 - Knowledge - INFO - process ingested knowledge for /app/data/T0015/329083/b8924gk/shopizer-329083/sm-shop/src/main/java/com/salesmanager/web/admin/security/UserAuthenticationSuccessHandler.java
2026-03-04 18:37:46,016 - Knowledge - INFO - Fast-tracked /app/data/T0015/329083/b8924gk/shopizer-329083/sm-shop/src/main/java/com/salesmanager/web/entity/catalog/manufacturer/ReadableManufacturer.java (ext=.java, size=493)
2026-03-04 18:37:46,130 - Knowledge - WARNING - Timeout processing /app/data/T0015/329083/b8924gk/shopizer-329083/sm-shop/src/main/java/com/salesmanager/web/admin/controller/configurations/ConfigurationController.java after 90s - using fallback metadata
2026-03-04 18:37:46,248 - Knowledge - WARNING - Timeout processing /app/data/T0015/329083/b8924gk/shopizer-329083/sm-shop/src/main/java/com/salesmanager/web/admin/controller/shipping/ShippingOptionsController.java after 90s - using fallback metadata
2026-03-04 18:37:46,409 - Knowledge - WARNING - Timeout processing /app/data/T0015/329083/b8924gk/shopizer-329083/sm-shop/src/main/java/com/salesmanager/web/admin/controller/categories/CategoryController.java after 90s - using fallback metadata
2026-03-04 18:37:46,627 - Knowledge - INFO - done ingest for /app/data/T0015/329083/b8924gk/shopizer-329083/sm-shop/src/main/java/com/salesmanager/web/admin/controller/user/PermissionController.java
2026-03-04 18:37:46,635 - Knowledge - INFO - [WEBSOCKET] Sent: Type=unknown, Size: ?, Duration: 5148ms
2026-03-04 18:37:46,806 - Knowledge - INFO - Fast-tracked /app/data/T0015/329083/b8924gk/shopizer-329083/sm-shop/src/main/java/com/salesmanager/web/entity/catalog/SearchProductList.java (ext=.java, size=672)
2026-03-04 18:37:46,910 - Knowledge - INFO - process ingested knowledge for /app/data/T0015/329083/b8924gk/shopizer-329083/sm-shop/src/main/java/com/salesmanager/web/admin/controller/products/ProductKeywordsController.java
2026-03-04 18:37:47,050 - Knowledge - INFO - Fast-tracked /app/data/T0015/329083/b8924gk/shopizer-329083/sm-shop/src/main/java/com/salesmanager/web/tags/StoreFooterlTag.java (ext=.java, size=1836)
2026-03-04 18:37:47,401 - Knowledge - INFO - process ingested knowledge for /app/data/T0015/329083/b8924gk/shopizer-329083/sm-shop/src/main/java/com/salesmanager/web/utils/ImageFilePathUtils.java
2026-03-04 18:37:47,456 - Knowledge - INFO - process ingested knowledge for /app/data/T0015/329083/b8924gk/shopizer-329083/sm-shop/src/main/java/com/salesmanager/web/admin/security/WebUserServices.java
2026-03-04 18:37:47,510 - Knowledge - INFO - Async storage completed for 6 embeddings
2026-03-04 18:37:47,593 - Knowledge - WARNING - Timeout processing /app/data/T0015/329083/b8924gk/shopizer-329083/sm-shop/src/main/java/com/salesmanager/web/admin/controller/configurations/SystemConfigurationController.java after 90s - using fallback metadata
2026-03-04 18:37:47,701 - Knowledge - WARNING - Timeout processing /app/data/T0015/329083/b8924gk/shopizer-329083/sm-shop/src/main/java/com/salesmanager/web/admin/controller/shipping/ShippingMethodsController.java after 90s - using fallback metadata
2026-03-04 18:37:47,806 - Knowledge - WARNING - Timeout processing /app/data/T0015/329083/b8924gk/shopizer-329083/sm-shop/src/main/java/com/salesmanager/web/admin/controller/ControllerConstants.java after 90s - using fallback metadata
2026-03-04 18:37:48,046 - Knowledge - INFO - Progress: 53.5% | Files: 648/1167 | Rate: 1.54 files/sec | Queue: 439
2026-03-04 18:37:48,047 - Knowledge - INFO - Processing batch of 8 files
2026-03-04 18:37:48,053 - Knowledge - INFO - [LLM_CALL] Completed: ShoppingCartItemPopulator.java:chunk1, Duration: 122921ms, PromptTokens: 2116, CompletionTokens: 631, Cost: $0.00046
2026-03-04 18:37:48,212 - Knowledge - INFO - Worker kw15 processing /app/data/T0015/329083/b8924gk/shopizer-329083/sm-shop/src/main/java/com/salesmanager/web/entity/catalog/ReadableImage.java
2026-03-04 18:37:48,428 - Knowledge - INFO - Worker kw18 processing /app/data/T0015/329083/b8924gk/shopizer-329083/sm-shop/src/main/java/com/salesmanager/web/tags/OrderProductDownloadUrlTag.java
2026-03-04 18:37:48,992 - Knowledge - INFO - process ingested knowledge for /app/data/T0015/329083/b8924gk/shopizer-329083/sm-shop/src/main/java/com/salesmanager/web/admin/controller/products/OptionsValueController.java
2026-03-04 18:37:48,994 - Knowledge - INFO - process ingested knowledge for /app/data/T0015/329083/b8924gk/shopizer-329083/sm-shop/src/main/java/com/salesmanager/web/utils/FieldMatch.java
2026-03-04 18:37:49,001 - Knowledge - INFO - process ingested knowledge for /app/data/T0015/329083/b8924gk/shopizer-329083/sm-shop/src/main/java/com/salesmanager/web/admin/security/UserServicesImpl.java
2026-03-04 18:37:49,295 - Knowledge - WARNING - Timeout processing /app/data/T0015/329083/b8924gk/shopizer-329083/sm-shop/src/main/java/com/salesmanager/web/admin/controller/user/GroupsController.java after 90s - using fallback metadata
2026-03-04 18:37:49,504 - Knowledge - WARNING - Timeout processing /app/data/T0015/329083/b8924gk/shopizer-329083/sm-shop/src/main/java/com/salesmanager/web/admin/controller/shipping/CustomShippingMethodsController.java after 90s - using fallback metadata
2026-03-04 18:37:49,699 - Knowledge - WARNING - Timeout processing /app/data/T0015/329083/b8924gk/shopizer-329083/sm-shop/src/main/java/com/salesmanager/web/admin/controller/payments/PaymentsController.java after 90s - using fallback metadata
2026-03-04 18:37:49,921 - Knowledge - INFO - [kw13] Queue=439, InProgress=0, PendingWorkers=20/20, Completed=654/1167 (56.0%)
2026-03-04 18:37:50,111 - Knowledge - INFO - process ingested knowledge for /app/data/T0015/329083/b8924gk/shopizer-329083/sm-shop/src/main/java/com/salesmanager/web/services/security/ServicesAuthenticationSuccessHandler.java
2026-03-04 18:37:50,723 - Knowledge - INFO - done ingest for /app/data/T0015/329083/b8924gk/shopizer-329083/sm-shop/src/main/java/com/salesmanager/web/populator/order/ShoppingCartItemPopulator.java
2026-03-04 18:37:50,730 - Knowledge - INFO - [LLM_CALL] Completed: ReadableProductPopulator.java:chunk1, Duration: 116797ms, PromptTokens: 3250, CompletionTokens: 542, Cost: $0.00054
2026-03-04 18:37:51,358 - Knowledge - INFO - Fast-tracked /app/data/T0015/329083/b8924gk/shopizer-329083/sm-shop/src/main/java/com/salesmanager/web/entity/catalog/ReadableImage.java (ext=.java, size=601)
2026-03-04 18:37:51,396 - Knowledge - INFO - Fast-tracked /app/data/T0015/329083/b8924gk/shopizer-329083/sm-shop/src/main/java/com/salesmanager/web/tags/OrderProductDownloadUrlTag.java (ext=.java, size=1988)
2026-03-04 18:37:52,411 - Knowledge - INFO - process ingested knowledge for /app/data/T0015/329083/b8924gk/shopizer-329083/sm-shop/src/main/java/com/salesmanager/web/utils/LabelUtils.java
2026-03-04 18:37:52,419 - Knowledge - INFO - process ingested knowledge for /app/data/T0015/329083/b8924gk/shopizer-329083/sm-shop/src/main/java/com/salesmanager/web/admin/security/SecurityDataAccessException.java
2026-03-04 18:37:52,842 - Knowledge - INFO - Batch sizing: calculated=6, max_allowed=10, queue=439, active_workers=20/20
2026-03-04 18:37:52,945 - Knowledge - INFO - process ingested knowledge for /app/data/T0015/329083/b8924gk/shopizer-329083/sm-shop/src/main/java/com/salesmanager/web/services/controller/order/OrderRESTController.java
2026-03-04 18:37:53,195 - Knowledge - INFO - done ingest for /app/data/T0015/329083/b8924gk/shopizer-329083/sm-shop/src/main/java/com/salesmanager/web/populator/catalog/ReadableProductPopulator.java
2026-03-04 18:37:53,196 - Knowledge - INFO - Processing batch of 8 files
2026-03-04 18:37:53,202 - Knowledge - INFO - [LLM_CALL] Completed: CustomerDashboardController.java:chunk1, Duration: 110327ms, PromptTokens: 2744, CompletionTokens: 539, Cost: $0.00049
2026-03-04 18:37:53,291 - Knowledge - INFO - Worker kw15 processing /app/data/T0015/329083/b8924gk/shopizer-329083/sm-shop/src/main/java/com/salesmanager/web/entity/ShopEntity.java
2026-03-04 18:37:53,502 - Knowledge - INFO - Worker kw18 processing /app/data/T0015/329083/b8924gk/shopizer-329083/sm-shop/src/main/java/com/salesmanager/web/tags/AdminProductDownloadUrlTag.java
2026-03-04 18:37:53,954 - Knowledge - INFO - process ingested knowledge for /app/data/T0015/329083/b8924gk/shopizer-329083/sm-shop/src/main/java/com/salesmanager/web/utils/LocaleUtils.java
2026-03-04 18:37:53,956 - Knowledge - INFO - process ingested knowledge for /app/data/T0015/329083/b8924gk/shopizer-329083/sm-shop/src/main/java/com/salesmanager/web/admin/controller/products/CustomProductGroupsController.java
2026-03-04 18:37:54,469 - Knowledge - INFO - process ingested knowledge for /app/data/T0015/329083/b8924gk/shopizer-329083/sm-shop/src/main/java/com/salesmanager/web/services/controller/customer/CustomerRESTController.java
2026-03-04 18:37:54,612 - Knowledge - INFO - process ingested knowledge for /app/data/T0015/329083/b8924gk/shopizer-329083/sm-shop/src/main/java/com/salesmanager/web/init/data/InitializationLoader.java
2026-03-04 18:37:54,715 - Knowledge - INFO - done ingest for /app/data/T0015/329083/b8924gk/shopizer-329083/sm-shop/src/main/java/com/salesmanager/web/shop/controller/customer/CustomerDashboardController.java
2026-03-04 18:37:54,715 - Knowledge - INFO - [LLM_CALL] Completed: ProductEntity.java:chunk1, Duration: 25380ms, PromptTokens: 2366, CompletionTokens: 1044, Cost: $0.00065
2026-03-04 18:37:54,799 - Knowledge - INFO - Fast-tracked /app/data/T0015/329083/b8924gk/shopizer-329083/sm-shop/src/main/java/com/salesmanager/web/entity/ShopEntity.java (ext=.java, size=390)
2026-03-04 18:37:55,118 - Knowledge - INFO - process ingested knowledge for /app/data/T0015/329083/b8924gk/shopizer-329083/sm-shop/src/main/java/com/salesmanager/web/admin/controller/products/OptionsController.java
2026-03-04 18:37:55,179 - Knowledge - INFO - process ingested knowledge for /app/data/T0015/329083/b8924gk/shopizer-329083/sm-shop/src/main/java/com/salesmanager/web/services/controller/category/ShoppingCategoryRESTController.java
2026-03-04 18:37:55,319 - Knowledge - INFO - process ingested knowledge for /app/data/T0015/329083/b8924gk/shopizer-329083/sm-shop/src/main/java/com/salesmanager/web/shop/controller/AbstractController.java
2026-03-04 18:37:55,446 - Knowledge - INFO - done ingest for /app/data/T0015/329083/b8924gk/shopizer-329083/sm-shop/src/main/java/com/salesmanager/web/entity/catalog/product/ProductEntity.java
2026-03-04 18:37:55,456 - Knowledge - INFO - Processing batch of 6 files
2026-03-04 18:37:55,534 - Knowledge - INFO - Processing batch of 8 files
2026-03-04 18:37:55,535 - Knowledge - INFO - Worker kw15 processing /app/data/T0015/329083/b8924gk/shopizer-329083/sm-shop/src/main/java/com/salesmanager/web/files/FilesController.java
2026-03-04 18:37:55,535 - Knowledge - INFO - Processing batch of 8 files
2026-03-04 18:37:55,536 - Knowledge - INFO - Processing batch of 8 files
2026-03-04 18:37:55,542 - Knowledge - INFO - Processing batch of 8 files
2026-03-04 18:37:55,548 - Knowledge - INFO - Async storing batch of 6 embeddings
2026-03-04 18:37:55,554 - Knowledge - INFO - [LLM_CALL] Completed: ReadableCustomerPopulator.java:chunk1, Duration: 89631ms, PromptTokens: 2724, CompletionTokens: 1117, Cost: $0.00072
2026-03-04 18:37:56,280 - Knowledge - INFO - process ingested knowledge for /app/data/T0015/329083/b8924gk/shopizer-329083/sm-shop/src/main/java/com/salesmanager/web/services/controller/product/ShopProductRESTController.java
2026-03-04 18:37:56,307 - Knowledge - INFO - process ingested knowledge for /app/data/T0015/329083/b8924gk/shopizer-329083/sm-shop/src/main/java/com/salesmanager/web/entity/catalog/product/ReadableProductReview.java
2026-03-04 18:37:56,383 - Knowledge - INFO - process ingested knowledge for /app/data/T0015/329083/b8924gk/shopizer-329083/sm-shop/src/main/java/com/salesmanager/web/shop/controller/customer/CustomerProductReviewController.java
2026-03-04 18:37:56,413 - Knowledge - INFO - process ingested knowledge for /app/data/T0015/329083/b8924gk/shopizer-329083/sm-shop/src/main/java/com/salesmanager/web/shop/controller/order/ShoppingOrderDownloadController.java
2026-03-04 18:37:56,569 - Knowledge - INFO - process ingested knowledge for /app/data/T0015/329083/b8924gk/shopizer-329083/sm-shop/src/main/java/com/salesmanager/web/admin/controller/content/ContentImageController.java
2026-03-04 18:37:56,681 - Knowledge - INFO - process ingested knowledge for /app/data/T0015/329083/b8924gk/shopizer-329083/sm-shop/src/main/java/com/salesmanager/web/admin/controller/shipping/ShippingConfigsController.java
2026-03-04 18:37:56,798 - Knowledge - INFO - process ingested knowledge for /app/data/T0015/329083/b8924gk/shopizer-329083/sm-shop/src/main/java/com/salesmanager/web/admin/controller/products/DigitalProductController.java
2026-03-04 18:37:56,874 - Knowledge - INFO - Worker kw13 processing /app/data/T0015/329083/b8924gk/shopizer-329083/sm-shop/src/main/java/com/salesmanager/web/tags/ShopProductRelationshipTag.java
2026-03-04 18:37:56,999 - Knowledge - INFO - done ingest for /app/data/T0015/329083/b8924gk/shopizer-329083/sm-shop/src/main/java/com/salesmanager/web/populator/customer/ReadableCustomerPopulator.java
2026-03-04 18:37:57,000 - Knowledge - INFO - [LLM_CALL] Completed: ImagesController.java:chunk1, Duration: 112848ms, PromptTokens: 2324, CompletionTokens: 448, Cost: $0.00041
2026-03-04 18:37:57,148 - Knowledge - INFO - process ingested knowledge for /app/data/T0015/329083/b8924gk/shopizer-329083/sm-shop/src/main/java/com/salesmanager/web/services/controller/store/StoreContactRESTController.java
2026-03-04 18:37:57,231 - Knowledge - INFO - process ingested knowledge for /app/data/T0015/329083/b8924gk/shopizer-329083/sm-shop/src/main/java/com/salesmanager/web/entity/catalog/product/PersistableProduct.java
2026-03-04 18:37:57,234 - Knowledge - INFO - process ingested knowledge for /app/data/T0015/329083/b8924gk/shopizer-329083/sm-shop/src/main/java/com/salesmanager/web/shop/controller/customer/CustomerOrdersController.java
2026-03-04 18:37:57,405 - Knowledge - INFO - process ingested knowledge for /app/data/T0015/329083/b8924gk/shopizer-329083/sm-shop/src/main/java/com/salesmanager/web/shop/controller/order/ShoppingOrderController.java
2026-03-04 18:37:57,431 - Knowledge - INFO - process ingested knowledge for /app/data/T0015/329083/b8924gk/shopizer-329083/sm-shop/src/main/java/com/salesmanager/web/admin/controller/content/StaticContentController.java
2026-03-04 18:37:57,541 - Knowledge - INFO - process ingested knowledge for /app/data/T0015/329083/b8924gk/shopizer-329083/sm-shop/src/main/java/com/salesmanager/web/admin/controller/merchant/StoreBrandingController.java
2026-03-04 18:37:57,655 - Knowledge - INFO - process ingested knowledge for /app/data/T0015/329083/b8924gk/shopizer-329083/sm-shop/src/main/java/com/salesmanager/web/admin/controller/products/ProductImagesController.java
2026-03-04 18:37:57,739 - Knowledge - INFO - Worker kw13 processing /app/data/T0015/329083/b8924gk/shopizer-329083/sm-shop/src/main/java/com/salesmanager/web/tags/ShopProductImageUrlTag.java
2026-03-04 18:37:58,009 - Knowledge - INFO - done ingest for /app/data/T0015/329083/b8924gk/shopizer-329083/sm-shop/src/main/java/com/salesmanager/web/images/ImagesController.java
2026-03-04 18:37:58,096 - Knowledge - INFO - process ingested knowledge for /app/data/T0015/329083/b8924gk/shopizer-329083/sm-shop/src/main/java/com/salesmanager/web/init/data/InitData.java
2026-03-04 18:37:58,175 - Knowledge - INFO - [LLM_CALL] Completed: OrdersController.java:chunk1, Duration: 46118ms, PromptTokens: 3190, CompletionTokens: 541, Cost: $0.00054
2026-03-04 18:37:58,245 - Knowledge - INFO - process ingested knowledge for /app/data/T0015/329083/b8924gk/shopizer-329083/sm-shop/src/main/java/com/salesmanager/web/entity/catalog/manufacturer/ManufacturerEntity.java
2026-03-04 18:37:58,405 - Knowledge - INFO - process ingested knowledge for /app/data/T0015/329083/b8924gk/shopizer-329083/sm-shop/src/main/java/com/salesmanager/web/shop/controller/customer/CustomerAccountController.java
2026-03-04 18:37:58,497 - Knowledge - INFO - process ingested knowledge for /app/data/T0015/329083/b8924gk/shopizer-329083/sm-shop/src/main/java/com/salesmanager/web/shop/controller/order/facade/OrderFacade.java
2026-03-04 18:37:58,826 - Knowledge - INFO - process ingested knowledge for /app/data/T0015/329083/b8924gk/shopizer-329083/sm-shop/src/main/java/com/salesmanager/web/admin/controller/content/ContentPagesController.java
2026-03-04 18:37:58,944 - Knowledge - INFO - process ingested knowledge for /app/data/T0015/329083/b8924gk/shopizer-329083/sm-shop/src/main/java/com/salesmanager/web/admin/controller/merchant/StoreLandingController.java
2026-03-04 18:37:59,078 - Knowledge - INFO - process ingested knowledge for /app/data/T0015/329083/b8924gk/shopizer-329083/sm-shop/src/main/java/com/salesmanager/web/admin/controller/products/ProductReviewController.java
2026-03-04 18:37:59,183 - Knowledge - INFO - Worker kw13 processing /app/data/T0015/329083/b8924gk/shopizer-329083/sm-shop/src/main/java/com/salesmanager/web/tags/ContentImageUrlTag.java
2026-03-04 18:37:59,207 - Knowledge - INFO - Fast-tracked /app/data/T0015/329083/b8924gk/shopizer-329083/sm-shop/src/main/java/com/salesmanager/web/tags/ProductDescriptionUrlTag.java (small file (2633 bytes))
2026-03-04 18:37:59,638 - Knowledge - INFO - process ingested knowledge for /app/data/T0015/329083/b8924gk/shopizer-329083/sm-shop/src/main/java/com/salesmanager/web/init/data/InitStoreData.java
2026-03-04 18:37:59,739 - Knowledge - INFO - done ingest for /app/data/T0015/329083/b8924gk/shopizer-329083/sm-shop/src/main/java/com/salesmanager/web/admin/controller/orders/OrdersController.java
2026-03-04 18:37:59,739 - Knowledge - INFO - [WEBSOCKET] Sent: Type=progress_update, Size: 291, Duration: 4231ms
2026-03-04 18:37:59,809 - Knowledge - INFO - process ingested knowledge for /app/data/T0015/329083/b8924gk/shopizer-329083/sm-shop/src/main/java/com/salesmanager/web/entity/catalog/manufacturer/ManufacturerDescription.java
2026-03-04 18:37:59,914 - Knowledge - INFO - process ingested knowledge for /app/data/T0015/329083/b8924gk/shopizer-329083/sm-shop/src/main/java/com/salesmanager/web/shop/controller/customer/CustomerLoginController.java
2026-03-04 18:38:00,002 - Knowledge - INFO - process ingested knowledge for /app/data/T0015/329083/b8924gk/shopizer-329083/sm-shop/src/main/java/com/salesmanager/web/shop/controller/order/facade/OrderFacadeImpl.java
2026-03-04 18:38:00,103 - Knowledge - INFO - process ingested knowledge for /app/data/T0015/329083/b8924gk/shopizer-329083/sm-shop/src/main/java/com/salesmanager/web/admin/controller/configurations/CacheController.java
2026-03-04 18:38:00,208 - Knowledge - INFO - process ingested knowledge for /app/data/T0015/329083/b8924gk/shopizer-329083/sm-shop/src/main/java/com/salesmanager/web/admin/controller/merchant/MerchantStoreController.java
2026-03-04 18:38:00,298 - Knowledge - INFO - process ingested knowledge for /app/data/T0015/329083/b8924gk/shopizer-329083/sm-shop/src/main/java/com/salesmanager/web/admin/controller/products/RelatedItemsController.java
2026-03-04 18:38:00,396 - Knowledge - INFO - Worker kw13 processing /app/data/T0015/329083/b8924gk/shopizer-329083/sm-shop/src/main/java/com/salesmanager/web/tags/StoreLogoUrlTag.java
2026-03-04 18:38:00,473 - Knowledge - INFO - Fast-tracked /app/data/T0015/329083/b8924gk/shopizer-329083/sm-shop/src/main/java/com/salesmanager/web/tags/PageContentTag.java (small file (2315 bytes))
2026-03-04 18:38:00,857 - Knowledge - INFO - [LLM_CALL] Completed: CustomerRegistrationController.java:chunk1, Duration: 103772ms, PromptTokens: 4790, CompletionTokens: 851, Cost: $0.00082
2026-03-04 18:38:01,509 - Knowledge - INFO - process ingested knowledge for /app/data/T0015/329083/b8924gk/shopizer-329083/sm-shop/src/main/java/com/salesmanager/web/entity/catalog/manufacturer/Manufacturer.java
2026-03-04 18:38:01,519 - Knowledge - INFO - process ingested knowledge for /app/data/T0015/329083/b8924gk/shopizer-329083/sm-shop/src/main/java/com/salesmanager/web/shop/controller/order/ShoppingOrderPaymentController.java
2026-03-04 18:38:01,559 - Knowledge - INFO - process ingested knowledge for /app/data/T0015/329083/b8924gk/shopizer-329083/sm-shop/src/main/java/com/salesmanager/web/admin/controller/configurations/ConfigurationController.java
2026-03-04 18:38:01,633 - Knowledge - INFO - process ingested knowledge for /app/data/T0015/329083/b8924gk/shopizer-329083/sm-shop/src/main/java/com/salesmanager/web/shop/controller/search/SearchController.java
2026-03-04 18:38:01,643 - Knowledge - INFO - process ingested knowledge for /app/data/T0015/329083/b8924gk/shopizer-329083/sm-shop/src/main/java/com/salesmanager/web/admin/controller/categories/CategoryController.java
2026-03-04 18:38:01,906 - Knowledge - INFO - Worker kw13 processing /app/data/T0015/329083/b8924gk/shopizer-329083/sm-shop/src/main/java/com/salesmanager/web/tags/ProductImageUrlTag.java
2026-03-04 18:38:02,020 - Knowledge - INFO - process ingested knowledge for /app/data/T0015/329083/b8924gk/shopizer-329083/sm-shop/src/main/java/com/salesmanager/web/admin/controller/shipping/ShippingOptionsController.java
2026-03-04 18:38:02,133 - Knowledge - INFO - Fast-tracked /app/data/T0015/329083/b8924gk/shopizer-329083/sm-shop/src/main/java/com/salesmanager/web/tags/AdminProductDownloadUrlTag.java (small file (2286 bytes))
2026-03-04 18:38:02,195 - Knowledge - INFO - done ingest for /app/data/T0015/329083/b8924gk/shopizer-329083/sm-shop/src/main/java/com/salesmanager/web/shop/controller/customer/CustomerRegistrationController.java
2026-03-04 18:38:02,197 - Knowledge - INFO - Processing batch of 6 files
2026-03-04 18:38:02,198 - Knowledge - INFO - [LLM_CALL] Completed: CustomerPopulator.java:chunk1, Duration: 110360ms, PromptTokens: 4894, CompletionTokens: 985, Cost: $0.00088
2026-03-04 18:38:02,274 - Knowledge - INFO - [kw12] Queue=433, InProgress=0, PendingWorkers=20/20, Completed=684/1167 (58.6%)
2026-03-04 18:38:02,302 - Knowledge - INFO - process ingested knowledge for /app/data/T0015/329083/b8924gk/shopizer-329083/sm-shop/src/main/java/com/salesmanager/web/entity/catalog/manufacturer/ReadableManufacturer.java
2026-03-04 18:38:02,438 - Knowledge - INFO - process ingested knowledge for /app/data/T0015/329083/b8924gk/shopizer-329083/sm-shop/src/main/java/com/salesmanager/web/shop/controller/order/ShoppingOrderConfirmationController.java
2026-03-04 18:38:02,539 - Knowledge - INFO - process ingested knowledge for /app/data/T0015/329083/b8924gk/shopizer-329083/sm-shop/src/main/java/com/salesmanager/web/admin/controller/configurations/SystemConfigurationController.java
2026-03-04 18:38:02,690 - Knowledge - INFO - process ingested knowledge for /app/data/T0015/329083/b8924gk/shopizer-329083/sm-shop/src/main/java/com/salesmanager/web/shop/controller/category/ShoppingCategoryController.java
2026-03-04 18:38:02,697 - Knowledge - INFO - process ingested knowledge for /app/data/T0015/329083/b8924gk/shopizer-329083/sm-shop/src/main/java/com/salesmanager/web/admin/controller/ControllerConstants.java
2026-03-04 18:38:02,814 - Knowledge - INFO - Worker kw13 processing /app/data/T0015/329083/b8924gk/shopizer-329083/sm-shop/src/main/java/com/salesmanager/web/tags/ShopProductPriceFormatTag.java
2026-03-04 18:38:02,920 - Knowledge - INFO - process ingested knowledge for /app/data/T0015/329083/b8924gk/shopizer-329083/sm-shop/src/main/java/com/salesmanager/web/admin/controller/shipping/ShippingMethodsController.java
2026-03-04 18:38:02,989 - Knowledge - INFO - Async storage completed for 6 embeddings
2026-03-04 18:38:03,015 - Knowledge - INFO - Async storage completed for 8 embeddings
2026-03-04 18:38:03,422 - Knowledge - INFO - process ingested knowledge for /app/data/T0015/329083/b8924gk/shopizer-329083/sm-shop/src/main/java/com/salesmanager/web/entity/catalog/product/attribute/PersistableProductAttribute.java
2026-03-04 18:38:03,937 - Knowledge - INFO - done ingest for /app/data/T0015/329083/b8924gk/shopizer-329083/sm-shop/src/main/java/com/salesmanager/web/populator/customer/CustomerPopulator.java
2026-03-04 18:38:03,949 - Knowledge - INFO - [WEBSOCKET] Sent: Type=unknown, Size: ?, Duration: 1751ms
2026-03-04 18:38:04,049 - Knowledge - INFO - Batch sizing: calculated=6, max_allowed=10, queue=433, active_workers=20/20
2026-03-04 18:38:04,457 - Knowledge - INFO - process ingested knowledge for /app/data/T0015/329083/b8924gk/shopizer-329083/sm-shop/src/main/java/com/salesmanager/web/admin/controller/user/GroupsController.java
2026-03-04 18:38:04,524 - Knowledge - INFO - process ingested knowledge for /app/data/T0015/329083/b8924gk/shopizer-329083/sm-shop/src/main/java/com/salesmanager/web/shop/controller/LandingController.java
2026-03-04 18:38:04,640 - Knowledge - INFO - process ingested knowledge for /app/data/T0015/329083/b8924gk/shopizer-329083/sm-shop/src/main/java/com/salesmanager/web/admin/controller/payments/PaymentsController.java
2026-03-04 18:38:04,828 - Knowledge - INFO - process ingested knowledge for /app/data/T0015/329083/b8924gk/shopizer-329083/sm-shop/src/main/java/com/salesmanager/web/admin/controller/shipping/CustomShippingMethodsController.java
2026-03-04 18:38:05,092 - Knowledge - INFO - process ingested knowledge for /app/data/T0015/329083/b8924gk/shopizer-329083/sm-shop/src/main/java/com/salesmanager/web/entity/catalog/product/attribute/ProductOptionValueDescription.java
2026-03-04 18:38:05,287 - Knowledge - INFO - Progress: 56.0% | Files: 684/1167 | Rate: 1.59 files/sec | Queue: 433
2026-03-04 18:38:05,298 - Knowledge - INFO - [LLM_CALL] Completed: OrderActionsControler.java:chunk1, Duration: 63457ms, PromptTokens: 8182, CompletionTokens: 1092, Cost: $0.00126
2026-03-04 18:38:05,541 - Knowledge - INFO - process ingested knowledge for /app/data/T0015/329083/b8924gk/shopizer-329083/sm-shop/src/main/java/com/salesmanager/web/admin/controller/user/SecurityController.java
2026-03-04 18:38:05,698 - Knowledge - INFO - process ingested knowledge for /app/data/T0015/329083/b8924gk/shopizer-329083/sm-shop/src/main/java/com/salesmanager/web/shop/controller/ControllerConstants.java
2026-03-04 18:38:05,850 - Knowledge - INFO - process ingested knowledge for /app/data/T0015/329083/b8924gk/shopizer-329083/sm-shop/src/main/java/com/salesmanager/web/admin/controller/customers/CustomerOptionsController.java
2026-03-04 18:38:05,874 - Knowledge - WARNING - Timeout processing /app/data/T0015/329083/b8924gk/shopizer-329083/sm-shop/src/main/java/com/salesmanager/web/populator/shoppingCart/ShoppingCartModelPopulator.java after 90s - using fallback metadata
2026-03-04 18:38:05,978 - Knowledge - INFO - process ingested knowledge for /app/data/T0015/329083/b8924gk/shopizer-329083/sm-shop/src/main/java/com/salesmanager/web/admin/controller/shipping/ShippingPackagingController.java
2026-03-04 18:38:06,087 - Knowledge - INFO - process ingested knowledge for /app/data/T0015/329083/b8924gk/shopizer-329083/sm-shop/src/main/java/com/salesmanager/web/entity/catalog/product/attribute/ProductOptionValue.java
2026-03-04 18:38:06,171 - Knowledge - INFO - [kw4] Queue=427, InProgress=0, PendingWorkers=20/20, Completed=684/1167 (58.6%)
2026-03-04 18:38:06,241 - Knowledge - INFO - done ingest for /app/data/T0015/329083/b8924gk/shopizer-329083/sm-shop/src/main/java/com/salesmanager/web/admin/controller/orders/OrderActionsControler.java
2026-03-04 18:38:06,242 - Knowledge - INFO - [kw10] Queue=427, InProgress=0, PendingWorkers=20/20, Completed=684/1167 (58.6%)
2026-03-04 18:38:06,242 - Knowledge - INFO - [LLM_CALL] Completed: AdminFilter.java:chunk1, Duration: 88917ms, PromptTokens: 3418, CompletionTokens: 526, Cost: $0.00055
2026-03-04 18:38:06,873 - Knowledge - INFO - Batch sizing: calculated=6, max_allowed=10, queue=427, active_workers=20/20
2026-03-04 18:38:07,064 - Knowledge - WARNING - Timeout processing /app/data/T0015/329083/b8924gk/shopizer-329083/sm-shop/src/main/java/com/salesmanager/web/admin/controller/user/UserController.java after 90s - using fallback metadata
2026-03-04 18:38:07,068 - Knowledge - INFO - Batch sizing: calculated=6, max_allowed=10, queue=427, active_workers=20/20
2026-03-04 18:38:07,150 - Knowledge - INFO - process ingested knowledge for /app/data/T0015/329083/b8924gk/shopizer-329083/sm-shop/src/main/java/com/salesmanager/web/entity/catalog/product/attribute/ProductOptionEntity.java
2026-03-04 18:38:07,176 - Knowledge - INFO - done ingest for /app/data/T0015/329083/b8924gk/shopizer-329083/sm-shop/src/main/java/com/salesmanager/web/filter/AdminFilter.java
2026-03-04 18:38:07,178 - Knowledge - INFO - [WEBSOCKET] Sent: Type=progress_update, Size: 293, Duration: 4981ms
2026-03-04 18:38:07,377 - Knowledge - WARNING - Timeout processing /app/data/T0015/329083/b8924gk/shopizer-329083/sm-shop/src/main/java/com/salesmanager/web/admin/controller/orders/OrderControler.java after 90s - using fallback metadata
2026-03-04 18:38:07,896 - Knowledge - INFO - [LLM_CALL] Completed: ShoppingCartController.java:chunk1, Duration: 154012ms, PromptTokens: 7386, CompletionTokens: 909, Cost: $0.00110
2026-03-04 18:38:08,084 - Knowledge - INFO - done ingest for /app/data/T0015/329083/b8924gk/shopizer-329083/sm-shop/src/main/java/com/salesmanager/web/shop/controller/shoppingCart/ShoppingCartController.java
2026-03-04 18:38:08,109 - Knowledge - INFO - Async storing batch of 8 embeddings
2026-03-04 18:38:08,120 - Knowledge - INFO - process ingested knowledge for /app/data/T0015/329083/b8924gk/shopizer-329083/sm-shop/src/main/java/com/salesmanager/web/entity/catalog/product/RelatedProduct.java
2026-03-04 18:38:08,129 - Knowledge - INFO - Async storing batch of 6 embeddings
2026-03-04 18:38:08,148 - Knowledge - INFO - Async storing batch of 8 embeddings
2026-03-04 18:38:08,153 - Knowledge - INFO - Progress: 58.6% | Files: 692/1167 | Rate: 1.58 files/sec | Queue: 415
2026-03-04 18:38:08,211 - Knowledge - INFO - Processing batch of 8 files
2026-03-04 18:38:08,476 - Knowledge - INFO - Worker kw12 processing /app/data/T0015/329083/b8924gk/shopizer-329083/sm-shop/src/main/java/com/salesmanager/web/tags/StoreBreadcrumbsTag.java
2026-03-04 18:38:08,720 - Knowledge - INFO - Worker kw4 processing /app/data/T0015/329083/b8924gk/shopizer-329083/sm-shop/src/main/webapp/WEB-INF/tiles/tiles-shop.xml
2026-03-04 18:38:08,880 - Knowledge - INFO - Worker kw10 processing /app/data/T0015/329083/b8924gk/shopizer-329083/sm-shop/src/main/webapp/WEB-INF/spring/root-context.xml
2026-03-04 18:38:09,124 - Knowledge - INFO - process ingested knowledge for /app/data/T0015/329083/b8924gk/shopizer-329083/sm-shop/src/main/java/com/salesmanager/web/populator/order/OrderProductPopulator.java
2026-03-04 18:38:09,219 - Knowledge - INFO - [kw5] Queue=415, InProgress=0, PendingWorkers=20/20, Completed=695/1167 (59.6%)
2026-03-04 18:38:09,232 - Knowledge - INFO - [kw7] Queue=415, InProgress=0, PendingWorkers=20/20, Completed=695/1167 (59.6%)
2026-03-04 18:38:09,358 - Knowledge - INFO - Worker kw12 processing /app/data/T0015/329083/b8924gk/shopizer-329083/sm-shop/src/main/java/com/salesmanager/web/tags/ManufacturerImageUrlTag.java
2026-03-04 18:38:09,453 - Knowledge - INFO - Fast-tracked /app/data/T0015/329083/b8924gk/shopizer-329083/sm-shop/src/main/webapp/WEB-INF/tiles/tiles-shop.xml (ext=.xml, size=11794)
2026-03-04 18:38:09,567 - Knowledge - INFO - Fast-tracked /app/data/T0015/329083/b8924gk/shopizer-329083/sm-shop/src/main/webapp/WEB-INF/spring/root-context.xml (ext=.xml, size=384)
2026-03-04 18:38:09,659 - Knowledge - INFO - process ingested knowledge for /app/data/T0015/329083/b8924gk/shopizer-329083/sm-shop/src/main/java/com/salesmanager/web/entity/catalog/product/ProductEntity.java
2026-03-04 18:38:09,680 - Knowledge - INFO - [kw16] Queue=415, InProgress=0, PendingWorkers=20/20, Completed=696/1167 (59.6%)
2026-03-04 18:38:09,692 - Knowledge - INFO - [kw1] Queue=415, InProgress=0, PendingWorkers=20/20, Completed=696/1167 (59.6%)
2026-03-04 18:38:09,695 - Knowledge - INFO - [kw3] Queue=415, InProgress=0, PendingWorkers=20/20, Completed=696/1167 (59.6%)
2026-03-04 18:38:09,863 - Knowledge - INFO - Batch sizing: calculated=6, max_allowed=10, queue=415, active_workers=20/20
2026-03-04 18:38:09,960 - Knowledge - INFO - Batch sizing: calculated=6, max_allowed=10, queue=415, active_workers=20/20
2026-03-04 18:38:10,133 - Knowledge - INFO - Worker kw12 processing /app/data/T0015/329083/b8924gk/shopizer-329083/sm-shop/src/main/resources/admin/menu.json
2026-03-04 18:38:10,188 - Knowledge - INFO - process ingested knowledge for /app/data/T0015/329083/b8924gk/shopizer-329083/sm-shop/src/main/java/com/salesmanager/web/populator/order/ReadableOrderProductDownloadPopulator.java
2026-03-04 18:38:10,339 - Knowledge - INFO - Worker kw4 processing /app/data/T0015/329083/b8924gk/shopizer-329083/sm-shop/src/main/webapp/WEB-INF/web.xml
2026-03-04 18:38:10,439 - Knowledge - INFO - Worker kw10 processing /app/data/T0015/329083/b8924gk/shopizer-329083/sm-shop/src/main/webapp/resources/messages/messages.css
2026-03-04 18:38:10,715 - Knowledge - INFO - Fast-tracked /app/data/T0015/329083/b8924gk/shopizer-329083/sm-shop/src/main/java/com/salesmanager/web/tags/ContentImageUrlTag.java (small file (2860 bytes))
2026-03-04 18:38:10,720 - Knowledge - INFO - Batch sizing: calculated=6, max_allowed=10, queue=415, active_workers=20/20
2026-03-04 18:38:10,821 - Knowledge - INFO - Batch sizing: calculated=6, max_allowed=10, queue=415, active_workers=20/20
2026-03-04 18:38:10,962 - Knowledge - WARNING - Timeout processing /app/data/T0015/329083/b8924gk/shopizer-329083/sm-shop/src/main/java/com/salesmanager/web/populator/catalog/PersistableProductReviewPopulator.java after 90s - using fallback metadata
2026-03-04 18:38:10,993 - Knowledge - INFO - Batch sizing: calculated=6, max_allowed=10, queue=415, active_workers=20/20
2026-03-04 18:38:11,389 - Knowledge - INFO - Fast-tracked /app/data/T0015/329083/b8924gk/shopizer-329083/sm-shop/src/main/resources/admin/menu.json (ext=.json, size=8315)
2026-03-04 18:38:11,422 - Knowledge - WARNING - Timeout processing /app/data/T0015/329083/b8924gk/shopizer-329083/sm-shop/src/main/java/com/salesmanager/web/shop/controller/shoppingCart/facade/ShoppingCartFacadeImpl.java after 90s - using fallback metadata
2026-03-04 18:38:11,505 - Knowledge - INFO - Async storing batch of 8 embeddings
2026-03-04 18:38:11,570 - Knowledge - INFO - Async storing batch of 8 embeddings
2026-03-04 18:38:11,577 - Knowledge - INFO - Fast-tracked /app/data/T0015/329083/b8924gk/shopizer-329083/sm-shop/src/main/webapp/WEB-INF/web.xml (ext=.xml, size=1911)
2026-03-04 18:38:11,657 - Knowledge - INFO - Fast-tracked /app/data/T0015/329083/b8924gk/shopizer-329083/sm-shop/src/main/webapp/resources/messages/messages.css (ext=.css, size=810)
2026-03-04 18:38:11,747 - Knowledge - INFO - process ingested knowledge for /app/data/T0015/329083/b8924gk/shopizer-329083/sm-shop/src/main/java/com/salesmanager/web/populator/order/ShoppingCartItemPopulator.java
2026-03-04 18:38:11,747 - Knowledge - INFO - Processing batch of 8 files
2026-03-04 18:38:11,748 - Knowledge - INFO - Fast-tracked /app/data/T0015/329083/b8924gk/shopizer-329083/sm-shop/src/main/java/com/salesmanager/web/tags/StoreLogoUrlTag.java (small file (2616 bytes))
2026-03-04 18:38:11,914 - Knowledge - INFO - [kw2] Queue=403, InProgress=0, PendingWorkers=20/20, Completed=700/1167 (60.0%)
2026-03-04 18:38:11,914 - Knowledge - INFO - Async storing batch of 8 embeddings
2026-03-04 18:38:12,003 - Knowledge - INFO - Async storing batch of 8 embeddings
2026-03-04 18:38:12,003 - Knowledge - INFO - [kw11] Queue=391, InProgress=0, PendingWorkers=20/20, Completed=700/1167 (60.0%)
2026-03-04 18:38:12,017 - Knowledge - WARNING - Timeout processing /app/data/T0015/329083/b8924gk/shopizer-329083/sm-shop/src/main/java/com/salesmanager/web/filter/StoreFilter.java after 90s - using fallback metadata
2026-03-04 18:38:12,090 - Knowledge - INFO - [kw9] Queue=391, InProgress=0, PendingWorkers=20/20, Completed=700/1167 (60.0%)
2026-03-04 18:38:12,090 - Knowledge - INFO - [kw6] Queue=391, InProgress=0, PendingWorkers=20/20, Completed=700/1167 (60.0%)
2026-03-04 18:38:12,095 - Knowledge - INFO - Async storing batch of 6 embeddings
2026-03-04 18:38:12,210 - Knowledge - INFO - Worker kw12 processing /app/data/T0015/329083/b8924gk/shopizer-329083/sm-shop/src/main/resources/log4j.xml
2026-03-04 18:38:12,406 - Knowledge - WARNING - Timeout processing /app/data/T0015/329083/b8924gk/shopizer-329083/sm-shop/src/main/java/com/salesmanager/web/shop/controller/customer/facade/CustomerFacadeImpl.java after 90s - using fallback metadata
2026-03-04 18:38:12,435 - Knowledge - INFO - Worker kw5 processing /app/data/T0015/329083/b8924gk/shopizer-329083/sm-shop/src/main/webapp/resources/css/shopizer-admin.css
2026-03-04 18:38:12,554 - Knowledge - INFO - Worker kw7 processing /app/data/T0015/329083/b8924gk/shopizer-329083/sm-shop/src/main/webapp/resources/css/font-awesome/scss/_mixins.scss
2026-03-04 18:38:12,624 - Knowledge - INFO - Worker kw4 processing /app/data/T0015/329083/b8924gk/shopizer-329083/sm-shop/src/main/webapp/WEB-INF/spring/appServlet/shopizer-security.xml
2026-03-04 18:38:12,653 - Knowledge - INFO - [kw20] Queue=385, InProgress=0, PendingWorkers=20/20, Completed=700/1167 (60.0%)
2026-03-04 18:38:12,720 - Knowledge - INFO - Worker kw10 processing /app/data/T0015/329083/b8924gk/shopizer-329083/sm-shop/src/main/webapp/resources/css/showLoading.css
2026-03-04 18:38:12,819 - Knowledge - INFO - process ingested knowledge for /app/data/T0015/329083/b8924gk/shopizer-329083/sm-shop/src/main/java/com/salesmanager/web/populator/shoppingCart/ShoppingCartDataPopulator.java
2026-03-04 18:38:12,894 - Knowledge - INFO - process ingested knowledge for /app/data/T0015/329083/b8924gk/shopizer-329083/sm-shop/src/main/java/com/salesmanager/web/admin/controller/user/PermissionController.java
2026-03-04 18:38:12,989 - Knowledge - INFO - Fast-tracked /app/data/T0015/329083/b8924gk/shopizer-329083/sm-shop/src/main/java/com/salesmanager/web/tags/ProductImageUrlTag.java (small file (2924 bytes))
2026-03-04 18:38:13,075 - Knowledge - INFO - Batch sizing: calculated=6, max_allowed=10, queue=403, active_workers=20/20
2026-03-04 18:38:13,184 - Knowledge - INFO - Worker kw16 processing /app/data/T0015/329083/b8924gk/shopizer-329083/sm-shop/src/main/webapp/resources/css/font-awesome/css/font-awesome-ie7.css
2026-03-04 18:38:13,320 - Knowledge - INFO - Worker kw1 processing /app/data/T0015/329083/b8924gk/shopizer-329083/sm-shop/src/main/webapp/resources/css/font-awesome/less/variables.less
2026-03-04 18:38:13,386 - Knowledge - INFO - Batch sizing: calculated=6, max_allowed=10, queue=391, active_workers=20/20
2026-03-04 18:38:13,471 - Knowledge - WARNING - Timeout processing /app/data/T0015/329083/b8924gk/shopizer-329083/sm-shop/src/main/java/com/salesmanager/web/utils/EmailTemplatesUtils.java after 90s - using fallback metadata
2026-03-04 18:38:13,577 - Knowledge - INFO - Batch sizing: calculated=6, max_allowed=10, queue=391, active_workers=20/20
2026-03-04 18:38:13,699 - Knowledge - INFO - Batch sizing: calculated=6, max_allowed=10, queue=391, active_workers=20/20
2026-03-04 18:38:13,839 - Knowledge - INFO - Worker kw3 processing /app/data/T0015/329083/b8924gk/shopizer-329083/sm-shop/src/main/webapp/resources/js/jquery.maskedinput.min.js
2026-03-04 18:38:13,944 - Knowledge - INFO - Fast-tracked /app/data/T0015/329083/b8924gk/shopizer-329083/sm-shop/src/main/resources/log4j.xml (ext=.xml, size=3044)
2026-03-04 18:38:14,055 - Knowledge - INFO - Processing batch of 8 files
2026-03-04 18:38:14,158 - Knowledge - INFO - Fast-tracked /app/data/T0015/329083/b8924gk/shopizer-329083/sm-shop/src/main/webapp/resources/css/shopizer-admin.css (ext=.css, size=1489)
2026-03-04 18:38:14,238 - Knowledge - INFO - Fast-tracked /app/data/T0015/329083/b8924gk/shopizer-329083/sm-shop/src/main/webapp/resources/css/font-awesome/scss/_mixins.scss (ext=.scss, size=1078)
2026-03-04 18:38:14,342 - Knowledge - INFO - Fast-tracked /app/data/T0015/329083/b8924gk/shopizer-329083/sm-shop/src/main/webapp/WEB-INF/spring/appServlet/shopizer-security.xml (ext=.xml, size=5766)
2026-03-04 18:38:14,428 - Knowledge - INFO - Batch sizing: calculated=6, max_allowed=10, queue=385, active_workers=20/20
2026-03-04 18:38:14,542 - Knowledge - INFO - Fast-tracked /app/data/T0015/329083/b8924gk/shopizer-329083/sm-shop/src/main/webapp/resources/css/showLoading.css (ext=.css, size=318)
2026-03-04 18:38:14,639 - Knowledge - INFO - process ingested knowledge for /app/data/T0015/329083/b8924gk/shopizer-329083/sm-shop/src/main/java/com/salesmanager/web/populator/shoppingCart/ShoppingCartModelPopulator.java
2026-03-04 18:38:14,812 - Knowledge - INFO - process ingested knowledge for /app/data/T0015/329083/b8924gk/shopizer-329083/sm-shop/src/main/java/com/salesmanager/web/admin/controller/user/LoginController.java
2026-03-04 18:38:14,930 - Knowledge - INFO - Fast-tracked /app/data/T0015/329083/b8924gk/shopizer-329083/sm-shop/src/main/java/com/salesmanager/web/tags/ShopProductPriceFormatTag.java (small file (2413 bytes))
2026-03-04 18:38:15,051 - Knowledge - INFO - Async storing batch of 8 embeddings
2026-03-04 18:38:15,136 - Knowledge - INFO - Fast-tracked /app/data/T0015/329083/b8924gk/shopizer-329083/sm-shop/src/main/webapp/resources/css/font-awesome/css/font-awesome-ie7.css (ext=.css, size=41311)
2026-03-04 18:38:15,281 - Knowledge - INFO - Fast-tracked /app/data/T0015/329083/b8924gk/shopizer-329083/sm-shop/src/main/webapp/resources/css/font-awesome/less/variables.less (ext=.less, size=8888)
2026-03-04 18:38:15,403 - Knowledge - INFO - Async storing batch of 8 embeddings
2026-03-04 18:38:15,519 - Knowledge - INFO - Processing batch of 8 files
2026-03-04 18:38:15,620 - Knowledge - INFO - Async storing batch of 8 embeddings
2026-03-04 18:38:15,712 - Knowledge - INFO - Async storing batch of 8 embeddings
2026-03-04 18:38:15,809 - Knowledge - INFO - Fast-tracked /app/data/T0015/329083/b8924gk/shopizer-329083/sm-shop/src/main/webapp/resources/js/jquery.maskedinput.min.js (ext=.js, size=3568)
2026-03-04 18:38:15,905 - Knowledge - INFO - Worker kw12 processing /app/data/T0015/329083/b8924gk/shopizer-329083/sm-shop/src/main/webapp/WEB-INF/classes/log4j.xml
2026-03-04 18:38:15,975 - Knowledge - INFO - process ingested knowledge for /app/data/T0015/329083/b8924gk/shopizer-329083/sm-shop/src/main/java/com/salesmanager/web/shop/controller/shoppingCart/facade/ShoppingCartFacadeImpl.java
2026-03-04 18:38:16,041 - Knowledge - INFO - Worker kw5 processing /app/data/T0015/329083/b8924gk/shopizer-329083/sm-shop/src/main/webapp/resources/css/font-awesome/scss/_extras.scss
2026-03-04 18:38:16,163 - Knowledge - INFO - Worker kw7 processing /app/data/T0015/329083/b8924gk/shopizer-329083/sm-shop/src/main/webapp/resources/css/font-awesome/scss/_icons.scss
2026-03-04 18:38:16,272 - Knowledge - INFO - Worker kw4 processing /app/data/T0015/329083/b8924gk/shopizer-329083/sm-shop/src/main/webapp/WEB-INF/spring/appServlet/servlet-context.xml
2026-03-04 18:38:16,356 - Knowledge - INFO - Async storing batch of 6 embeddings
2026-03-04 18:38:16,470 - Knowledge - INFO - Worker kw10 processing /app/data/T0015/329083/b8924gk/shopizer-329083/sm-shop/src/main/webapp/resources/css/bootstrap/css/sm-bootstrap.css
2026-03-04 18:38:16,567 - Knowledge - INFO - process ingested knowledge for /app/data/T0015/329083/b8924gk/shopizer-329083/sm-shop/src/main/java/com/salesmanager/web/populator/customer/CustomerPopulator.java
2026-03-04 18:38:16,672 - Knowledge - INFO - process ingested knowledge for /app/data/T0015/329083/b8924gk/shopizer-329083/sm-shop/src/main/java/com/salesmanager/web/admin/controller/user/UserController.java
2026-03-04 18:38:16,790 - Knowledge - INFO - Async storage completed for 6 embeddings
2026-03-04 18:38:16,901 - Knowledge - INFO - Worker kw2 processing /app/data/T0015/329083/b8924gk/shopizer-329083/sm-shop/src/main/webapp/resources/js/product.js
2026-03-04 18:38:16,976 - Knowledge - INFO - Worker kw16 processing /app/data/T0015/329083/b8924gk/shopizer-329083/sm-shop/src/main/webapp/resources/css/font-awesome/css/font-awesome.min.css
2026-03-04 18:38:17,078 - Knowledge - INFO - Worker kw1 processing /app/data/T0015/329083/b8924gk/shopizer-329083/sm-shop/src/main/webapp/resources/css/font-awesome/less/core.less
2026-03-04 18:38:17,181 - Knowledge - INFO - Worker kw11 processing /app/data/T0015/329083/b8924gk/shopizer-329083/sm-shop/src/main/webapp/resources/js/jquery.elevateZoom-3.0.8.min.js
2026-03-04 18:38:17,252 - Knowledge - INFO - process ingested knowledge for /app/data/T0015/329083/b8924gk/shopizer-329083/sm-shop/src/main/java/com/salesmanager/web/populator/catalog/PersistableProductOptionValuePopulator.java
2026-03-04 18:38:17,374 - Knowledge - INFO - Worker kw9 processing /app/data/T0015/329083/b8924gk/shopizer-329083/sm-shop/src/main/webapp/resources/js/bootstrap/bootstrap-datepicker.js
2026-03-04 18:38:17,471 - Knowledge - INFO - Worker kw6 processing /app/data/T0015/329083/b8924gk/shopizer-329083/sm-shop/src/main/webapp/resources/js/bootstrap/bootstrap-scrollspy.js
2026-03-04 18:38:17,538 - Knowledge - INFO - Worker kw3 processing /app/data/T0015/329083/b8924gk/shopizer-329083/sm-shop/src/main/webapp/resources/js/jquery.easing.1.3.js
2026-03-04 18:38:17,650 - Knowledge - INFO - Fast-tracked /app/data/T0015/329083/b8924gk/shopizer-329083/sm-shop/src/main/webapp/WEB-INF/classes/log4j.xml (ext=.xml, size=1089)
2026-03-04 18:38:17,743 - Knowledge - INFO - process ingested knowledge for /app/data/T0015/329083/b8924gk/shopizer-329083/sm-shop/src/main/java/com/salesmanager/web/shop/controller/shoppingCart/facade/ShoppingCartFacade.java
2026-03-04 18:38:17,874 - Knowledge - INFO - Fast-tracked /app/data/T0015/329083/b8924gk/shopizer-329083/sm-shop/src/main/webapp/resources/css/font-awesome/scss/_extras.scss (ext=.scss, size=2406)
2026-03-04 18:38:17,969 - Knowledge - INFO - Fast-tracked /app/data/T0015/329083/b8924gk/shopizer-329083/sm-shop/src/main/webapp/resources/css/font-awesome/scss/_icons.scss (ext=.scss, size=17555)
2026-03-04 18:38:18,084 - Knowledge - INFO - Fast-tracked /app/data/T0015/329083/b8924gk/shopizer-329083/sm-shop/src/main/webapp/WEB-INF/spring/appServlet/servlet-context.xml (ext=.xml, size=4001)
2026-03-04 18:38:18,163 - Knowledge - INFO - Worker kw20 processing /app/data/T0015/329083/b8924gk/shopizer-329083/sm-shop/src/main/webapp/resources/js/bootstrap/bootstrap-typeahead.js
2026-03-04 18:38:18,290 - Knowledge - INFO - Fast-tracked /app/data/T0015/329083/b8924gk/shopizer-329083/sm-shop/src/main/webapp/resources/css/bootstrap/css/sm-bootstrap.css (ext=.css, size=101350)
2026-03-04 18:38:18,382 - Knowledge - INFO - process ingested knowledge for /app/data/T0015/329083/b8924gk/shopizer-329083/sm-shop/src/main/java/com/salesmanager/web/populator/customer/ReadableCustomerPopulator.java
2026-03-04 18:38:18,472 - Knowledge - INFO - process ingested knowledge for /app/data/T0015/329083/b8924gk/shopizer-329083/sm-shop/src/main/java/com/salesmanager/web/admin/controller/orders/OrderControler.java
2026-03-04 18:38:18,629 - Knowledge - INFO - Worker kw2 processing /app/data/T0015/329083/b8924gk/shopizer-329083/sm-shop/src/main/webapp/resources/js/jquery.quicksand.js
2026-03-04 18:38:18,746 - Knowledge - INFO - Fast-tracked /app/data/T0015/329083/b8924gk/shopizer-329083/sm-shop/src/main/webapp/resources/css/font-awesome/css/font-awesome.min.css (ext=.css, size=22084)
2026-03-04 18:38:18,788 - Knowledge - INFO - [LLM_CALL] Completed: FilesController.java:chunk1, Duration: 16592ms, PromptTokens: 3098, CompletionTokens: 437, Cost: $0.00048
2026-03-04 18:38:18,820 - Knowledge - INFO - Fast-tracked /app/data/T0015/329083/b8924gk/shopizer-329083/sm-shop/src/main/webapp/resources/css/font-awesome/less/core.less (ext=.less, size=2101)
2026-03-04 18:38:18,924 - Knowledge - INFO - Fast-tracked /app/data/T0015/329083/b8924gk/shopizer-329083/sm-shop/src/main/webapp/resources/js/jquery.elevateZoom-3.0.8.min.js (ext=.js, size=32922)
2026-03-04 18:38:19,035 - Knowledge - INFO - process ingested knowledge for /app/data/T0015/329083/b8924gk/shopizer-329083/sm-shop/src/main/java/com/salesmanager/web/populator/catalog/PersistableProductReviewPopulator.java
2026-03-04 18:38:19,116 - Knowledge - INFO - Worker kw9 processing /app/data/T0015/329083/b8924gk/shopizer-329083/sm-shop/src/main/webapp/resources/js/bootstrap/bootstrap-button.js
2026-03-04 18:38:19,195 - Knowledge - INFO - Worker kw6 processing /app/data/T0015/329083/b8924gk/shopizer-329083/sm-shop/src/main/webapp/resources/js/bootstrap/bootstrap-collapse.js
2026-03-04 18:38:19,299 - Knowledge - INFO - Worker kw3 processing /app/data/T0015/329083/b8924gk/shopizer-329083/sm-shop/src/main/webapp/resources/js/hogan.js
2026-03-04 18:38:19,383 - Knowledge - INFO - Worker kw12 processing /app/data/T0015/329083/b8924gk/shopizer-329083/sm-shop/src/main/webapp/WEB-INF/tiles/tiles-admin.xml
2026-03-04 18:38:19,470 - Knowledge - INFO - process ingested knowledge for /app/data/T0015/329083/b8924gk/shopizer-329083/sm-shop/src/main/java/com/salesmanager/web/shop/controller/shoppingCart/ShoppingCartController.java
2026-03-04 18:38:19,588 - Knowledge - INFO - Worker kw5 processing /app/data/T0015/329083/b8924gk/shopizer-329083/sm-shop/src/main/webapp/resources/css/font-awesome/scss/_variables.scss
2026-03-04 18:38:19,691 - Knowledge - INFO - Worker kw7 processing /app/data/T0015/329083/b8924gk/shopizer-329083/sm-shop/src/main/webapp/resources/css/font-awesome/scss/_bootstrap.scss
2026-03-04 18:38:19,785 - Knowledge - INFO - Worker kw4 processing /app/data/T0015/329083/b8924gk/shopizer-329083/sm-shop/src/main/webapp/WEB-INF/spring/appServlet/controllers.xml
2026-03-04 18:38:19,856 - Knowledge - INFO - Worker kw20 processing /app/data/T0015/329083/b8924gk/shopizer-329083/sm-shop/src/main/webapp/resources/js/bootstrap/jquery.js
2026-03-04 18:38:19,957 - Knowledge - INFO - Worker kw10 processing /app/data/T0015/329083/b8924gk/shopizer-329083/sm-shop/src/main/webapp/resources/css/bootstrap/css/sm-bootstrap-responsive.css
2026-03-04 18:38:20,033 - Knowledge - INFO - process ingested knowledge for /app/data/T0015/329083/b8924gk/shopizer-329083/sm-shop/src/main/java/com/salesmanager/web/populator/customer/PersistableCustomerOptionValuePopulator.java
2026-03-04 18:38:20,118 - Knowledge - INFO - process ingested knowledge for /app/data/T0015/329083/b8924gk/shopizer-329083/sm-shop/src/main/java/com/salesmanager/web/admin/controller/orders/OrderActionsControler.java
2026-03-04 18:38:20,210 - Knowledge - INFO - Worker kw2 processing /app/data/T0015/329083/b8924gk/shopizer-329083/sm-shop/src/main/webapp/resources/js/jquery-cookie.js
2026-03-04 18:38:20,337 - Knowledge - INFO - Worker kw16 processing /app/data/T0015/329083/b8924gk/shopizer-329083/sm-shop/src/main/webapp/resources/css/font-awesome/less/font-awesome-ie7.less
2026-03-04 18:38:20,413 - Knowledge - INFO - done ingest for /app/data/T0015/329083/b8924gk/shopizer-329083/sm-shop/src/main/java/com/salesmanager/web/files/FilesController.java
2026-03-04 18:38:20,497 - Knowledge - INFO - Worker kw1 processing /app/data/T0015/329083/b8924gk/shopizer-329083/sm-shop/src/main/webapp/resources/css/font-awesome/less/icons.less
2026-03-04 18:38:20,577 - Knowledge - INFO - Worker kw11 processing /app/data/T0015/329083/b8924gk/shopizer-329083/sm-shop/src/main/webapp/resources/js/jquery.showLoading.min.js
2026-03-04 18:38:20,652 - Knowledge - INFO - process ingested knowledge for /app/data/T0015/329083/b8924gk/shopizer-329083/sm-shop/src/main/java/com/salesmanager/web/populator/catalog/ReadableProductPopulator.java
2026-03-04 18:38:20,718 - Knowledge - INFO - Worker kw9 processing /app/data/T0015/329083/b8924gk/shopizer-329083/sm-shop/src/main/webapp/resources/js/bootstrap/bootstrap-alert.js
2026-03-04 18:38:20,833 - Knowledge - INFO - Worker kw6 processing /app/data/T0015/329083/b8924gk/shopizer-329083/sm-shop/src/main/webapp/resources/js/bootstrap/bootstrap-tab.js
2026-03-04 18:38:20,908 - Knowledge - INFO - Worker kw3 processing /app/data/T0015/329083/b8924gk/shopizer-329083/sm-shop/src/main/webapp/resources/js/jquery.creditCardValidator.js
2026-03-04 18:38:21,011 - Knowledge - INFO - Fast-tracked /app/data/T0015/329083/b8924gk/shopizer-329083/sm-shop/src/main/webapp/WEB-INF/tiles/tiles-admin.xml (ext=.xml, size=14166)
2026-03-04 18:38:21,082 - Knowledge - INFO - process ingested knowledge for /app/data/T0015/329083/b8924gk/shopizer-329083/sm-shop/src/main/java/com/salesmanager/web/shop/controller/shoppingCart/MiniCartController.java
2026-03-04 18:38:21,194 - Knowledge - INFO - Fast-tracked /app/data/T0015/329083/b8924gk/shopizer-329083/sm-shop/src/main/webapp/resources/css/font-awesome/scss/_variables.scss (ext=.scss, size=8061)
2026-03-04 18:38:21,275 - Knowledge - INFO - Fast-tracked /app/data/T0015/329083/b8924gk/shopizer-329083/sm-shop/src/main/webapp/resources/css/font-awesome/scss/_bootstrap.scss (ext=.scss, size=2088)
2026-03-04 18:38:21,397 - Knowledge - INFO - Fast-tracked /app/data/T0015/329083/b8924gk/shopizer-329083/sm-shop/src/main/webapp/WEB-INF/spring/appServlet/controllers.xml (ext=.xml, size=2573)
2026-03-04 18:38:21,482 - Knowledge - INFO - Fast-tracked /app/data/T0015/329083/b8924gk/shopizer-329083/sm-shop/src/main/webapp/resources/js/bootstrap/jquery.js (ext=.js, size=247823)
2026-03-04 18:38:21,551 - Knowledge - INFO - Fast-tracked /app/data/T0015/329083/b8924gk/shopizer-329083/sm-shop/src/main/webapp/resources/css/bootstrap/css/sm-bootstrap-responsive.css (ext=.css, size=14987)
2026-03-04 18:38:21,719 - Knowledge - INFO - process ingested knowledge for /app/data/T0015/329083/b8924gk/shopizer-329083/sm-shop/src/main/java/com/salesmanager/web/admin/controller/orders/OrdersController.java
2026-03-04 18:38:21,832 - Knowledge - INFO - Worker kw2 processing /app/data/T0015/329083/b8924gk/shopizer-329083/sm-shop/src/main/webapp/resources/js/typeahead.min.js
2026-03-04 18:38:21,928 - Knowledge - INFO - Fast-tracked /app/data/T0015/329083/b8924gk/shopizer-329083/sm-shop/src/main/webapp/resources/css/font-awesome/less/font-awesome-ie7.less (ext=.less, size=19299)
2026-03-04 18:38:22,064 - Knowledge - INFO - Processing batch of 6 files
2026-03-04 18:38:22,103 - Knowledge - INFO - Fast-tracked /app/data/T0015/329083/b8924gk/shopizer-329083/sm-shop/src/main/webapp/resources/css/font-awesome/less/icons.less (ext=.less, size=17555)
2026-03-04 18:38:22,185 - Knowledge - INFO - Fast-tracked /app/data/T0015/329083/b8924gk/shopizer-329083/sm-shop/src/main/webapp/resources/js/jquery.showLoading.min.js (ext=.js, size=4813)
2026-03-04 18:38:22,286 - Knowledge - INFO - process ingested knowledge for /app/data/T0015/329083/b8924gk/shopizer-329083/sm-shop/src/main/java/com/salesmanager/web/images/ImagesController.java
2026-03-04 18:38:22,388 - Knowledge - INFO - Worker kw9 processing /app/data/T0015/329083/b8924gk/shopizer-329083/sm-shop/src/main/webapp/resources/js/bootstrap/bootstrap-popover.js
2026-03-04 18:38:22,466 - Knowledge - INFO - Worker kw6 processing /app/data/T0015/329083/b8924gk/shopizer-329083/sm-shop/src/main/webapp/resources/js/bootstrap/bootstrap-dropdown.js
2026-03-04 18:38:22,548 - Knowledge - INFO - [WEBSOCKET] Sent: Type=progress_update, Size: 293, Duration: 0ms
2026-03-04 18:38:22,551 - Knowledge - INFO - Worker kw3 processing /app/data/T0015/329083/b8924gk/shopizer-329083/sm-shop/src/main/webapp/resources/js/login.js
2026-03-04 18:38:22,658 - Knowledge - INFO - Fast-tracked /app/data/T0015/329083/b8924gk/shopizer-329083/sm-shop/src/main/java/com/salesmanager/web/tags/StoreBreadcrumbsTag.java (small file (2480 bytes))
2026-03-04 18:38:22,726 - Knowledge - INFO - process ingested knowledge for /app/data/T0015/329083/b8924gk/shopizer-329083/sm-shop/src/main/java/com/salesmanager/web/shop/controller/customer/facade/CustomerFacadeImpl.java
2026-03-04 18:38:22,807 - Knowledge - INFO - Worker kw5 processing /app/data/T0015/329083/b8924gk/shopizer-329083/sm-shop/src/main/webapp/resources/css/font-awesome/scss/_core.scss
2026-03-04 18:38:22,908 - Knowledge - INFO - Worker kw7 processing /app/data/T0015/329083/b8924gk/shopizer-329083/sm-shop/src/main/webapp/resources/css/font-awesome/scss/font-awesome.scss
2026-03-04 18:38:22,983 - Knowledge - INFO - Worker kw4 processing /app/data/T0015/329083/b8924gk/shopizer-329083/sm-shop/src/main/webapp/WEB-INF/spring/appServlet/shopizer-properties.xml
2026-03-04 18:38:23,083 - Knowledge - INFO - Worker kw20 processing /app/data/T0015/329083/b8924gk/shopizer-329083/sm-shop/src/main/webapp/resources/js/address.js
2026-03-04 18:38:23,198 - Knowledge - INFO - Worker kw10 processing /app/data/T0015/329083/b8924gk/shopizer-329083/sm-shop/src/main/webapp/resources/css/bootstrap/css/datepicker.css
2026-03-04 18:38:23,310 - Knowledge - INFO - process ingested knowledge for /app/data/T0015/329083/b8924gk/shopizer-329083/sm-shop/src/main/java/com/salesmanager/web/admin/entity/merchant/StoreLanding.java
2026-03-04 18:38:23,392 - Knowledge - INFO - Fast-tracked /app/data/T0015/329083/b8924gk/shopizer-329083/sm-shop/src/main/webapp/resources/js/typeahead.min.js (ext=.js, size=21804)
2026-03-04 18:38:23,491 - Knowledge - INFO - Worker kw16 processing /app/data/T0015/329083/b8924gk/shopizer-329083/sm-shop/src/main/webapp/resources/css/font-awesome/less/extras.less
2026-03-04 18:38:23,583 - Knowledge - INFO - process ingested knowledge for /app/data/T0015/329083/b8924gk/shopizer-329083/sm-shop/src/main/java/com/salesmanager/web/entity/catalog/manufacturer/PersistableManufacturer.java
2026-03-04 18:38:23,696 - Knowledge - INFO - Worker kw1 processing /app/data/T0015/329083/b8924gk/shopizer-329083/sm-shop/src/main/webapp/resources/css/font-awesome/less/mixins.less
2026-03-04 18:38:23,777 - Knowledge - INFO - Worker kw11 processing /app/data/T0015/329083/b8924gk/shopizer-329083/sm-shop/src/main/webapp/resources/js/jquery-1.10.2.min.js
2026-03-04 18:38:23,864 - Knowledge - INFO - process ingested knowledge for /app/data/T0015/329083/b8924gk/shopizer-329083/sm-shop/src/main/java/com/salesmanager/web/filter/StoreFilter.java
2026-03-04 18:38:23,987 - Knowledge - INFO - Worker kw9 processing /app/data/T0015/329083/b8924gk/shopizer-329083/sm-shop/src/main/webapp/resources/js/bootstrap/bootstrap-tooltip.js
2026-03-04 18:38:24,068 - Knowledge - INFO - Worker kw6 processing /app/data/T0015/329083/b8924gk/shopizer-329083/sm-shop/src/main/webapp/resources/js/bootstrap/bootstrap-modal.js
2026-03-04 18:38:24,179 - Knowledge - INFO - [WEBSOCKET] Sent: Type=unknown, Size: ?, Duration: 1631ms
2026-03-04 18:38:24,290 - Knowledge - INFO - Worker kw3 processing /app/data/T0015/329083/b8924gk/shopizer-329083/sm-shop/src/main/webapp/resources/js/shop-customer.js
2026-03-04 18:38:24,388 - Knowledge - INFO - Fast-tracked /app/data/T0015/329083/b8924gk/shopizer-329083/sm-shop/src/main/java/com/salesmanager/web/tags/ManufacturerImageUrlTag.java (small file (3013 bytes))
2026-03-04 18:38:24,486 - Knowledge - INFO - process ingested knowledge for /app/data/T0015/329083/b8924gk/shopizer-329083/sm-shop/src/main/java/com/salesmanager/web/shop/controller/customer/facade/CustomerFacade.java
2026-03-04 18:38:24,593 - Knowledge - INFO - Fast-tracked /app/data/T0015/329083/b8924gk/shopizer-329083/sm-shop/src/main/webapp/resources/css/font-awesome/scss/_core.scss (ext=.scss, size=2157)
2026-03-04 18:38:24,685 - Knowledge - INFO - Fast-tracked /app/data/T0015/329083/b8924gk/shopizer-329083/sm-shop/src/main/webapp/resources/css/font-awesome/scss/font-awesome.scss (ext=.scss, size=1284)
2026-03-04 18:38:24,822 - Knowledge - INFO - Fast-tracked /app/data/T0015/329083/b8924gk/shopizer-329083/sm-shop/src/main/webapp/WEB-INF/spring/appServlet/shopizer-properties.xml (ext=.xml, size=3070)
2026-03-04 18:38:24,916 - Knowledge - INFO - Fast-tracked /app/data/T0015/329083/b8924gk/shopizer-329083/sm-shop/src/main/webapp/resources/js/address.js (ext=.js, size=1913)
2026-03-04 18:38:24,999 - Knowledge - INFO - Fast-tracked /app/data/T0015/329083/b8924gk/shopizer-329083/sm-shop/src/main/webapp/resources/css/bootstrap/css/datepicker.css (ext=.css, size=2554)
2026-03-04 18:38:25,114 - Knowledge - INFO - process ingested knowledge for /app/data/T0015/329083/b8924gk/shopizer-329083/sm-shop/src/main/java/com/salesmanager/web/admin/entity/merchant/StoreLandingDescription.java
2026-03-04 18:38:25,206 - Knowledge - INFO - Worker kw2 processing /app/data/T0015/329083/b8924gk/shopizer-329083/sm-shop/src/main/webapp/resources/js/jquery.printElement.min.js
2026-03-04 18:38:25,318 - Knowledge - INFO - Fast-tracked /app/data/T0015/329083/b8924gk/shopizer-329083/sm-shop/src/main/webapp/resources/css/font-awesome/less/extras.less (ext=.less, size=2398)
2026-03-04 18:38:25,396 - Knowledge - INFO - process ingested knowledge for /app/data/T0015/329083/b8924gk/shopizer-329083/sm-shop/src/main/java/com/salesmanager/web/entity/catalog/ProductList.java
2026-03-04 18:38:25,482 - Knowledge - INFO - Fast-tracked /app/data/T0015/329083/b8924gk/shopizer-329083/sm-shop/src/main/webapp/resources/css/font-awesome/less/mixins.less (ext=.less, size=1041)
2026-03-04 18:38:25,584 - Knowledge - INFO - Fast-tracked /app/data/T0015/329083/b8924gk/shopizer-329083/sm-shop/src/main/webapp/resources/js/jquery-1.10.2.min.js (ext=.js, size=93107)
2026-03-04 18:38:25,648 - Knowledge - INFO - process ingested knowledge for /app/data/T0015/329083/b8924gk/shopizer-329083/sm-shop/src/main/java/com/salesmanager/web/filter/AdminFilter.java
2026-03-04 18:38:25,767 - Knowledge - INFO - Worker kw9 processing /app/data/T0015/329083/b8924gk/shopizer-329083/sm-shop/src/main/webapp/resources/js/bootstrap/bootstrap-transition.js
2026-03-04 18:38:25,851 - Knowledge - INFO - Worker kw6 processing /app/data/T0015/329083/b8924gk/shopizer-329083/sm-shop/src/main/webapp/resources/js/bootstrap/bootstrap.min.js
2026-03-04 18:38:25,939 - Knowledge - INFO - Progress: 61.9% | Files: 722/1167 | Rate: 1.56 files/sec | Queue: 355
2026-03-04 18:38:26,115 - Knowledge - INFO - Async storage completed for 8 embeddings
2026-03-04 18:38:26,220 - Knowledge - INFO - process ingested knowledge for /app/data/T0015/329083/b8924gk/shopizer-329083/sm-shop/src/main/java/com/salesmanager/web/shop/controller/customer/CustomerDashboardController.java
2026-03-04 18:38:26,344 - Knowledge - INFO - Worker kw5 processing /app/data/T0015/329083/b8924gk/shopizer-329083/sm-shop/src/main/webapp/resources/css/font-awesome/scss/_path.scss
2026-03-04 18:38:26,389 - Knowledge - INFO - [LLM_CALL] Completed: ReferenceController.java:chunk1, Duration: 28360ms, PromptTokens: 3850, CompletionTokens: 746, Cost: $0.00068
2026-03-04 18:38:26,427 - Knowledge - INFO - Worker kw7 processing /app/data/T0015/329083/b8924gk/shopizer-329083/sm-shop/src/main/webapp/resources/css/font-awesome/css/font-awesome-ie7.min.css
2026-03-04 18:38:26,552 - Knowledge - INFO - Async storage completed for 6 embeddings
2026-03-04 18:38:26,666 - Knowledge - INFO - Worker kw20 processing /app/data/T0015/329083/b8924gk/shopizer-329083/sm-shop/src/main/webapp/resources/js/ckeditor/ckeditor.js
2026-03-04 18:38:26,755 - Knowledge - INFO - Async storage completed for 8 embeddings
2026-03-04 18:38:26,913 - Knowledge - INFO - Fast-tracked /app/data/T0015/329083/b8924gk/shopizer-329083/sm-shop/src/main/webapp/resources/js/jquery.printElement.min.js (ext=.js, size=4053)
2026-03-04 18:38:26,984 - Knowledge - INFO - Worker kw16 processing /app/data/T0015/329083/b8924gk/shopizer-329083/sm-shop/src/main/webapp/resources/css/font-awesome/less/path.less
2026-03-04 18:38:27,155 - Knowledge - INFO - process ingested knowledge for /app/data/T0015/329083/b8924gk/shopizer-329083/sm-shop/src/main/java/com/salesmanager/web/entity/catalog/SearchProductList.java
2026-03-04 18:38:27,177 - Knowledge - INFO - Worker kw1 processing /app/data/T0015/329083/b8924gk/shopizer-329083/sm-shop/src/main/webapp/resources/css/font-awesome/less/bootstrap.less
2026-03-04 18:38:27,271 - Knowledge - INFO - Worker kw11 processing /app/data/T0015/329083/b8924gk/shopizer-329083/sm-shop/src/main/webapp/resources/js/registration.js
2026-03-04 18:38:27,372 - Knowledge - INFO - process ingested knowledge for /app/data/T0015/329083/b8924gk/shopizer-329083/sm-shop/src/main/java/com/salesmanager/web/utils/UserUtils.java
2026-03-04 18:38:27,450 - Knowledge - INFO - Fast-tracked /app/data/T0015/329083/b8924gk/shopizer-329083/sm-shop/src/main/webapp/resources/js/bootstrap/bootstrap-transition.js (ext=.js, size=1801)
2026-03-04 18:38:27,535 - Knowledge - INFO - Fast-tracked /app/data/T0015/329083/b8924gk/shopizer-329083/sm-shop/src/main/webapp/resources/js/bootstrap/bootstrap.min.js (ext=.js, size=22323)
2026-03-04 18:38:27,663 - Knowledge - INFO - [kw14] Queue=355, InProgress=0, PendingWorkers=20/20, Completed=722/1167 (61.9%)
2026-03-04 18:38:27,845 - Knowledge - INFO - process ingested knowledge for /app/data/T0015/329083/b8924gk/shopizer-329083/sm-shop/src/main/java/com/salesmanager/web/shop/controller/customer/CustomerRegistrationController.java
2026-03-04 18:38:27,927 - Knowledge - INFO - Fast-tracked /app/data/T0015/329083/b8924gk/shopizer-329083/sm-shop/src/main/webapp/resources/css/font-awesome/scss/_path.scss (ext=.scss, size=753)
2026-03-04 18:38:28,044 - Knowledge - INFO - done ingest for /app/data/T0015/329083/b8924gk/shopizer-329083/sm-shop/src/main/java/com/salesmanager/web/reference/ReferenceController.java
2026-03-04 18:38:28,044 - Knowledge - INFO - [kw19] Queue=355, InProgress=0, PendingWorkers=20/20, Completed=728/1167 (62.4%)
2026-03-04 18:38:28,045 - Knowledge - INFO - Processing batch of 6 files
2026-03-04 18:38:28,140 - Knowledge - INFO - Fast-tracked /app/data/T0015/329083/b8924gk/shopizer-329083/sm-shop/src/main/webapp/resources/css/font-awesome/css/font-awesome-ie7.min.css (ext=.css, size=37782)
2026-03-04 18:38:28,237 - Knowledge - INFO - Processing batch of 6 files
2026-03-04 18:38:28,353 - Knowledge - INFO - Fast-tracked /app/data/T0015/329083/b8924gk/shopizer-329083/sm-shop/src/main/webapp/resources/js/ckeditor/ckeditor.js (ext=.js, size=375761)
2026-03-04 18:38:28,451 - Knowledge - INFO - Processing batch of 6 files
2026-03-04 18:38:28,544 - Knowledge - INFO - Worker kw2 processing /app/data/T0015/329083/b8924gk/shopizer-329083/sm-shop/src/main/webapp/resources/js/shopping-cart.js
2026-03-04 18:38:28,636 - Knowledge - INFO - Fast-tracked /app/data/T0015/329083/b8924gk/shopizer-329083/sm-shop/src/main/webapp/resources/css/font-awesome/less/path.less (ext=.less, size=742)
2026-03-04 18:38:28,762 - Knowledge - INFO - process ingested knowledge for /app/data/T0015/329083/b8924gk/shopizer-329083/sm-shop/src/main/java/com/salesmanager/web/entity/catalog/ReadableImage.java
2026-03-04 18:38:28,857 - Knowledge - INFO - Fast-tracked /app/data/T0015/329083/b8924gk/shopizer-329083/sm-shop/src/main/webapp/resources/css/font-awesome/less/bootstrap.less (ext=.less, size=2084)
2026-03-04 18:38:28,934 - Knowledge - INFO - Fast-tracked /app/data/T0015/329083/b8924gk/shopizer-329083/sm-shop/src/main/webapp/resources/js/registration.js (ext=.js, size=1871)
2026-03-04 18:38:29,022 - Knowledge - INFO - process ingested knowledge for /app/data/T0015/329083/b8924gk/shopizer-329083/sm-shop/src/main/java/com/salesmanager/web/utils/EmailTemplatesUtils.java
2026-03-04 18:38:29,343 - Knowledge - INFO - Batch sizing: calculated=6, max_allowed=10, queue=355, active_workers=20/20
2026-03-04 18:38:29,517 - Knowledge - INFO - Worker kw5 processing /app/data/T0015/329083/b8924gk/shopizer-329083/sm-shop/src/main/webapp/resources/css/font-awesome/scss/font-awesome-ie7.scss
2026-03-04 18:38:29,660 - Knowledge - INFO - Processing batch of 6 files
2026-03-04 18:38:29,746 - Knowledge - INFO - Batch sizing: calculated=6, max_allowed=10, queue=355, active_workers=20/20
2026-03-04 18:38:29,845 - Knowledge - INFO - process ingested knowledge for /app/data/T0015/329083/b8924gk/shopizer-329083/sm-shop/src/main/java/com/salesmanager/web/tags/StoreBreadcrumbsTag.java
2026-03-04 18:38:29,912 - Knowledge - INFO - Worker kw7 processing /app/data/T0015/329083/b8924gk/shopizer-329083/sm-shop/src/main/webapp/resources/css/font-awesome/css/font-awesome.css
2026-03-04 18:38:29,998 - Knowledge - INFO - process ingested knowledge for /app/data/T0015/329083/b8924gk/shopizer-329083/sm-shop/src/main/webapp/WEB-INF/tiles/tiles-shop.xml
2026-03-04 18:38:30,068 - Knowledge - INFO - Worker kw20 processing /app/data/T0015/329083/b8924gk/shopizer-329083/sm-shop/src/main/webapp/resources/js/ckeditor/skins/v2/skin.js
2026-03-04 18:38:30,156 - Knowledge - INFO - process ingested knowledge for /app/data/T0015/329083/b8924gk/shopizer-329083/sm-shop/src/main/webapp/WEB-INF/spring/root-context.xml
2026-03-04 18:38:30,294 - Knowledge - INFO - Fast-tracked /app/data/T0015/329083/b8924gk/shopizer-329083/sm-shop/src/main/webapp/resources/js/product.js (small file (2007 bytes))
2026-03-04 18:38:30,364 - Knowledge - INFO - Worker kw16 processing /app/data/T0015/329083/b8924gk/shopizer-329083/sm-shop/src/main/webapp/resources/css/font-awesome/less/font-awesome.less
2026-03-04 18:38:30,478 - Knowledge - INFO - process ingested knowledge for /app/data/T0015/329083/b8924gk/shopizer-329083/sm-shop/src/main/java/com/salesmanager/web/entity/ShopEntity.java
2026-03-04 18:38:30,511 - Knowledge - INFO - [WEBSOCKET] Sent: Type=progress_update, Size: 293, Duration: 0ms
2026-03-04 18:38:30,563 - Knowledge - INFO - Worker kw1 processing /app/data/T0015/329083/b8924gk/shopizer-329083/sm-shop/src/main/webapp/resources/css/sm.css
2026-03-04 18:38:30,628 - Knowledge - INFO - Fast-tracked /app/data/T0015/329083/b8924gk/shopizer-329083/sm-shop/src/main/webapp/resources/js/login.js (small file (2090 bytes))
2026-03-04 18:38:30,676 - Knowledge - INFO - Worker kw11 processing /app/data/T0015/329083/b8924gk/shopizer-329083/sm-shop/src/main/webapp/resources/js/jquery.friendurl.min.js
2026-03-04 18:38:30,984 - Knowledge - INFO - Fast-tracked /app/data/T0015/329083/b8924gk/shopizer-329083/sm-shop/src/main/webapp/resources/css/font-awesome/scss/font-awesome-ie7.scss (ext=.scss, size=22328)
2026-03-04 18:38:31,296 - Knowledge - INFO - Fast-tracked /app/data/T0015/329083/b8924gk/shopizer-329083/sm-shop/src/main/webapp/resources/js/bootstrap/bootstrap-button.js (small file (2713 bytes))
2026-03-04 18:38:31,298 - Knowledge - INFO - process ingested knowledge for /app/data/T0015/329083/b8924gk/shopizer-329083/sm-shop/src/main/java/com/salesmanager/web/reference/ReferenceController.java
2026-03-04 18:38:31,575 - Knowledge - INFO - process ingested knowledge for /app/data/T0015/329083/b8924gk/shopizer-329083/sm-shop/src/main/java/com/salesmanager/web/tags/ManufacturerImageUrlTag.java
2026-03-04 18:38:31,658 - Knowledge - INFO - Fast-tracked /app/data/T0015/329083/b8924gk/shopizer-329083/sm-shop/src/main/webapp/resources/css/font-awesome/css/font-awesome.css (ext=.css, size=27232)
2026-03-04 18:38:31,850 - Knowledge - INFO - process ingested knowledge for /app/data/T0015/329083/b8924gk/shopizer-329083/sm-shop/src/main/webapp/WEB-INF/web.xml
2026-03-04 18:38:31,874 - Knowledge - INFO - Fast-tracked /app/data/T0015/329083/b8924gk/shopizer-329083/sm-shop/src/main/webapp/resources/js/ckeditor/skins/v2/skin.js (ext=.js, size=953)
2026-03-04 18:38:31,977 - Knowledge - INFO - process ingested knowledge for /app/data/T0015/329083/b8924gk/shopizer-329083/sm-shop/src/main/webapp/resources/messages/messages.css
2026-03-04 18:38:32,183 - Knowledge - INFO - Fast-tracked /app/data/T0015/329083/b8924gk/shopizer-329083/sm-shop/src/main/webapp/resources/css/font-awesome/less/font-awesome.less (ext=.less, size=1319)
2026-03-04 18:38:32,294 - Knowledge - INFO - process ingested knowledge for /app/data/T0015/329083/b8924gk/shopizer-329083/sm-shop/src/main/java/com/salesmanager/web/files/FilesController.java
2026-03-04 18:38:32,386 - Knowledge - INFO - Async storing batch of 8 embeddings
2026-03-04 18:38:32,386 - Knowledge - INFO - [LLM_CALL] Completed: ShopProductImageUrlTag.java:chunk1, Duration: 22908ms, PromptTokens: 2278, CompletionTokens: 503, Cost: $0.00043
2026-03-04 18:38:32,387 - Knowledge - INFO - Async storing batch of 8 embeddings
2026-03-04 18:38:32,457 - Knowledge - INFO - Fast-tracked /app/data/T0015/329083/b8924gk/shopizer-329083/sm-shop/src/main/webapp/resources/css/sm.css (ext=.css, size=5966)
2026-03-04 18:38:32,567 - Knowledge - INFO - Fast-tracked /app/data/T0015/329083/b8924gk/shopizer-329083/sm-shop/src/main/webapp/resources/js/shop-customer.js (small file (2444 bytes))
2026-03-04 18:38:32,671 - Knowledge - INFO - Fast-tracked /app/data/T0015/329083/b8924gk/shopizer-329083/sm-shop/src/main/webapp/resources/js/jquery.friendurl.min.js (ext=.js, size=409)
2026-03-04 18:38:32,759 - Knowledge - INFO - Async storage completed for 8 embeddings
2026-03-04 18:38:32,854 - Knowledge - INFO - Fast-tracked /app/data/T0015/329083/b8924gk/shopizer-329083/sm-shop/src/main/webapp/resources/js/bootstrap/bootstrap-alert.js (small file (2392 bytes))
2026-03-04 18:38:32,941 - Knowledge - INFO - process ingested knowledge for /app/data/T0015/329083/b8924gk/shopizer-329083/sm-shop/src/main/java/com/salesmanager/web/tags/ProductDescriptionUrlTag.java
2026-03-04 18:38:33,023 - Knowledge - INFO - process ingested knowledge for /app/data/T0015/329083/b8924gk/shopizer-329083/sm-shop/src/main/resources/admin/menu.json
2026-03-04 18:38:33,137 - Knowledge - INFO - Async storage completed for 8 embeddings
2026-03-04 18:38:33,218 - Knowledge - INFO - process ingested knowledge for /app/data/T0015/329083/b8924gk/shopizer-329083/sm-shop/src/main/webapp/WEB-INF/spring/appServlet/shopizer-security.xml
2026-03-04 18:38:33,296 - Knowledge - INFO - Worker kw20 processing /app/data/T0015/329083/b8924gk/shopizer-329083/sm-shop/src/main/webapp/resources/js/ckeditor/skins/v2/templates.css
2026-03-04 18:38:33,378 - Knowledge - INFO - process ingested knowledge for /app/data/T0015/329083/b8924gk/shopizer-329083/sm-shop/src/main/webapp/resources/css/showLoading.css
2026-03-04 18:38:33,477 - Knowledge - INFO - Async storage completed for 8 embeddings
2026-03-04 18:38:33,683 - Knowledge - INFO - Worker kw19 processing /app/data/T0015/329083/b8924gk/shopizer-329083/sm-shop/src/main/webapp/resources/js/ckeditor/skins/office2003/skin.js
2026-03-04 18:38:33,796 - Knowledge - INFO - done ingest for /app/data/T0015/329083/b8924gk/shopizer-329083/sm-shop/src/main/java/com/salesmanager/web/tags/ShopProductImageUrlTag.java
2026-03-04 18:38:33,799 - Knowledge - INFO - [WEBSOCKET] Sent: Type=unknown, Size: ?, Duration: 3288ms
2026-03-04 18:38:33,851 - Knowledge - INFO - [kw17] Queue=343, InProgress=0, PendingWorkers=20/20, Completed=746/1167 (63.9%)
2026-03-04 18:38:33,918 - Knowledge - INFO - Worker kw14 processing /app/data/T0015/329083/b8924gk/shopizer-329083/sm-shop/src/main/webapp/resources/js/ckeditor/skins/v2/editor.css
2026-03-04 18:38:34,010 - Knowledge - INFO - Async storage completed for 8 embeddings
2026-03-04 18:38:34,119 - Knowledge - INFO - Async storage completed for 6 embeddings
2026-03-04 18:38:34,231 - Knowledge - INFO - Worker kw11 processing /app/data/T0015/329083/b8924gk/shopizer-329083/sm-shop/src/main/webapp/resources/js/bootstrap/bootstrap-carousel.js
2026-03-04 18:38:34,397 - Knowledge - INFO - Fast-tracked /app/data/T0015/329083/b8924gk/shopizer-329083/sm-shop/src/main/webapp/resources/js/bootstrap/bootstrap-popover.js (small file (2874 bytes))
2026-03-04 18:38:34,490 - Knowledge - INFO - process ingested knowledge for /app/data/T0015/329083/b8924gk/shopizer-329083/sm-shop/src/main/java/com/salesmanager/web/tags/PageContentTag.java
2026-03-04 18:38:34,581 - Knowledge - INFO - process ingested knowledge for /app/data/T0015/329083/b8924gk/shopizer-329083/sm-shop/src/main/resources/log4j.xml
2026-03-04 18:38:34,770 - Knowledge - INFO - process ingested knowledge for /app/data/T0015/329083/b8924gk/shopizer-329083/sm-shop/src/main/webapp/WEB-INF/spring/appServlet/servlet-context.xml
2026-03-04 18:38:34,841 - Knowledge - INFO - Fast-tracked /app/data/T0015/329083/b8924gk/shopizer-329083/sm-shop/src/main/webapp/resources/js/ckeditor/skins/v2/templates.css (ext=.css, size=1432)
2026-03-04 18:38:34,930 - Knowledge - INFO - process ingested knowledge for /app/data/T0015/329083/b8924gk/shopizer-329083/sm-shop/src/main/webapp/resources/css/bootstrap/css/sm-bootstrap.css
2026-03-04 18:38:35,123 - Knowledge - INFO - Fast-tracked /app/data/T0015/329083/b8924gk/shopizer-329083/sm-shop/src/main/webapp/resources/js/ckeditor/skins/office2003/skin.js (ext=.js, size=1024)
2026-03-04 18:38:35,330 - Knowledge - INFO - Progress: 63.9% | Files: 764/1167 | Rate: 1.63 files/sec | Queue: 343
2026-03-04 18:38:35,335 - Knowledge - INFO - Processing batch of 6 files
2026-03-04 18:38:35,338 - Knowledge - INFO - [kw15] Queue=343, InProgress=0, PendingWorkers=20/20, Completed=764/1167 (65.5%)
2026-03-04 18:38:35,345 - Knowledge - INFO - Processing batch of 6 files
2026-03-04 18:38:35,370 - Knowledge - INFO - Processing batch of 6 files
2026-03-04 18:38:35,438 - Knowledge - INFO - Batch sizing: calculated=6, max_allowed=10, queue=343, active_workers=20/20
2026-03-04 18:38:35,571 - Knowledge - INFO - Fast-tracked /app/data/T0015/329083/b8924gk/shopizer-329083/sm-shop/src/main/webapp/resources/js/ckeditor/skins/v2/editor.css (ext=.css, size=31368)
2026-03-04 18:38:35,645 - Knowledge - INFO - Processing batch of 6 files
2026-03-04 18:38:35,828 - Knowledge - INFO - [LLM_CALL] Completed: ShopProductRelationshipTag.java:chunk1, Duration: 27644ms, PromptTokens: 2822, CompletionTokens: 558, Cost: $0.00051
2026-03-04 18:38:36,001 - Knowledge - INFO - process ingested knowledge for /app/data/T0015/329083/b8924gk/shopizer-329083/sm-shop/src/main/java/com/salesmanager/web/tags/StoreFooterlTag.java
2026-03-04 18:38:36,075 - Knowledge - INFO - process ingested knowledge for /app/data/T0015/329083/b8924gk/shopizer-329083/sm-shop/src/main/webapp/WEB-INF/classes/log4j.xml
2026-03-04 18:38:36,145 - Knowledge - INFO - process ingested knowledge for /app/data/T0015/329083/b8924gk/shopizer-329083/sm-shop/src/main/webapp/WEB-INF/spring/appServlet/controllers.xml
2026-03-04 18:38:36,311 - Knowledge - INFO - process ingested knowledge for /app/data/T0015/329083/b8924gk/shopizer-329083/sm-shop/src/main/webapp/resources/css/bootstrap/css/sm-bootstrap-responsive.css
2026-03-04 18:38:36,421 - Knowledge - INFO - Worker kw19 processing /app/data/T0015/329083/b8924gk/shopizer-329083/sm-shop/src/main/webapp/resources/js/ckeditor/skins/office2003/templates.css
2026-03-04 18:38:36,511 - Knowledge - INFO - [kw8] Queue=343, InProgress=0, PendingWorkers=20/20, Completed=770/1167 (66.0%)
2026-03-04 18:38:36,618 - Knowledge - INFO - process ingested knowledge for /app/data/T0015/329083/b8924gk/shopizer-329083/sm-shop/src/main/webapp/resources/css/shopizer-admin.css
2026-03-04 18:38:36,719 - Knowledge - INFO - Batch sizing: calculated=6, max_allowed=10, queue=343, active_workers=20/20
2026-03-04 18:38:36,839 - Knowledge - INFO - process ingested knowledge for /app/data/T0015/329083/b8924gk/shopizer-329083/sm-shop/src/main/webapp/resources/css/font-awesome/css/font-awesome-ie7.css
2026-03-04 18:38:36,926 - Knowledge - INFO - process ingested knowledge for /app/data/T0015/329083/b8924gk/shopizer-329083/sm-shop/src/main/webapp/resources/css/font-awesome/scss/_mixins.scss
2026-03-04 18:38:37,096 - Knowledge - INFO - Worker kw14 processing /app/data/T0015/329083/b8924gk/shopizer-329083/sm-shop/src/main/webapp/resources/js/ckeditor/skins/v2/dialog.css
2026-03-04 18:38:37,180 - Knowledge - INFO - process ingested knowledge for /app/data/T0015/329083/b8924gk/shopizer-329083/sm-shop/src/main/webapp/resources/css/font-awesome/less/variables.less
2026-03-04 18:38:37,289 - Knowledge - INFO - done ingest for /app/data/T0015/329083/b8924gk/shopizer-329083/sm-shop/src/main/java/com/salesmanager/web/tags/ShopProductRelationshipTag.java
2026-03-04 18:38:37,290 - Knowledge - INFO - Async storing batch of 8 embeddings
2026-03-04 18:38:37,373 - Knowledge - INFO - process ingested knowledge for /app/data/T0015/329083/b8924gk/shopizer-329083/sm-shop/src/main/java/com/salesmanager/web/tags/OrderProductDownloadUrlTag.java
2026-03-04 18:38:37,437 - Knowledge - INFO - Fast-tracked /app/data/T0015/329083/b8924gk/shopizer-329083/sm-shop/src/main/webapp/resources/js/bootstrap/bootstrap-dropdown.js (small file (2728 bytes))
2026-03-04 18:38:37,486 - Knowledge - INFO - process ingested knowledge for /app/data/T0015/329083/b8924gk/shopizer-329083/sm-shop/src/main/webapp/WEB-INF/tiles/tiles-admin.xml
2026-03-04 18:38:37,565 - Knowledge - INFO - process ingested knowledge for /app/data/T0015/329083/b8924gk/shopizer-329083/sm-shop/src/main/webapp/WEB-INF/spring/appServlet/shopizer-properties.xml
2026-03-04 18:38:37,674 - Knowledge - INFO - process ingested knowledge for /app/data/T0015/329083/b8924gk/shopizer-329083/sm-shop/src/main/webapp/resources/css/bootstrap/css/datepicker.css
2026-03-04 18:38:37,785 - Knowledge - INFO - Fast-tracked /app/data/T0015/329083/b8924gk/shopizer-329083/sm-shop/src/main/webapp/resources/js/ckeditor/skins/office2003/templates.css (ext=.css, size=1592)
2026-03-04 18:38:37,869 - Knowledge - INFO - Batch sizing: calculated=6, max_allowed=10, queue=343, active_workers=20/20
2026-03-04 18:38:37,968 - Knowledge - INFO - process ingested knowledge for /app/data/T0015/329083/b8924gk/shopizer-329083/sm-shop/src/main/webapp/resources/css/font-awesome/scss/_extras.scss
2026-03-04 18:38:38,084 - Knowledge - INFO - Async storing batch of 6 embeddings
2026-03-04 18:38:38,180 - Knowledge - INFO - process ingested knowledge for /app/data/T0015/329083/b8924gk/shopizer-329083/sm-shop/src/main/webapp/resources/css/font-awesome/css/font-awesome.min.css
2026-03-04 18:38:38,280 - Knowledge - INFO - process ingested knowledge for /app/data/T0015/329083/b8924gk/shopizer-329083/sm-shop/src/main/webapp/resources/css/font-awesome/scss/_icons.scss
2026-03-04 18:38:38,384 - Knowledge - INFO - Fast-tracked /app/data/T0015/329083/b8924gk/shopizer-329083/sm-shop/src/main/webapp/resources/js/ckeditor/skins/v2/dialog.css (ext=.css, size=15332)
2026-03-04 18:38:38,483 - Knowledge - INFO - process ingested knowledge for /app/data/T0015/329083/b8924gk/shopizer-329083/sm-shop/src/main/webapp/resources/css/font-awesome/less/core.less
2026-03-04 18:38:38,565 - Knowledge - INFO - Processing batch of 6 files
2026-03-04 18:38:38,643 - Knowledge - INFO - Worker kw17 processing /app/data/T0015/329083/b8924gk/shopizer-329083/sm-shop/src/main/webapp/resources/js/ckeditor/lang/_translationstatus.txt
2026-03-04 18:38:38,752 - Knowledge - INFO - process ingested knowledge for /app/data/T0015/329083/b8924gk/shopizer-329083/sm-shop/src/main/java/com/salesmanager/web/tags/AdminProductDownloadUrlTag.java
2026-03-04 18:38:39,211 - Knowledge - INFO - Worker kw19 processing /app/data/T0015/329083/b8924gk/shopizer-329083/sm-shop/src/main/webapp/resources/js/ckeditor/skins/office2003/editor.css
2026-03-04 18:38:39,481 - Knowledge - INFO - Async storing batch of 8 embeddings
2026-03-04 18:38:39,523 - Knowledge - INFO - Worker kw15 processing /app/data/T0015/329083/b8924gk/shopizer-329083/sm-shop/src/main/webapp/resources/js/ckeditor/lang/no.js
2026-03-04 18:38:39,587 - Knowledge - INFO - process ingested knowledge for /app/data/T0015/329083/b8924gk/shopizer-329083/sm-shop/src/main/webapp/resources/css/font-awesome/scss/_variables.scss
2026-03-04 18:38:39,787 - Knowledge - INFO - process ingested knowledge for /app/data/T0015/329083/b8924gk/shopizer-329083/sm-shop/src/main/webapp/resources/css/font-awesome/less/font-awesome-ie7.less
2026-03-04 18:38:39,804 - Knowledge - INFO - Worker kw14 processing /app/data/T0015/329083/b8924gk/shopizer-329083/sm-shop/src/main/webapp/resources/js/ckeditor/skins/kama/skin.js
2026-03-04 18:38:40,000 - Knowledge - INFO - process ingested knowledge for /app/data/T0015/329083/b8924gk/shopizer-329083/sm-shop/src/main/java/com/salesmanager/web/tags/ShopProductRelationshipTag.java
2026-03-04 18:38:40,099 - Knowledge - INFO - process ingested knowledge for /app/data/T0015/329083/b8924gk/shopizer-329083/sm-shop/src/main/webapp/resources/css/font-awesome/scss/_bootstrap.scss
2026-03-04 18:38:40,107 - Knowledge - INFO - Fast-tracked /app/data/T0015/329083/b8924gk/shopizer-329083/sm-shop/src/main/webapp/resources/js/ckeditor/lang/_translationstatus.txt (ext=.txt, size=2272)
2026-03-04 18:38:40,299 - Knowledge - INFO - Fast-tracked /app/data/T0015/329083/b8924gk/shopizer-329083/sm-shop/src/main/webapp/resources/js/ckeditor/skins/office2003/editor.css (ext=.css, size=35677)
2026-03-04 18:38:40,399 - Knowledge - INFO - Worker kw8 processing /app/data/T0015/329083/b8924gk/shopizer-329083/sm-shop/src/main/webapp/resources/js/ckeditor/lang/fr-ca.js
2026-03-04 18:38:40,477 - Knowledge - INFO - process ingested knowledge for /app/data/T0015/329083/b8924gk/shopizer-329083/sm-shop/src/main/webapp/resources/css/font-awesome/less/icons.less
2026-03-04 18:38:40,531 - Knowledge - INFO - Worker kw15 processing /app/data/T0015/329083/b8924gk/shopizer-329083/sm-shop/src/main/webapp/resources/js/ckeditor/lang/hu.js
2026-03-04 18:38:40,663 - Knowledge - INFO - Async storage completed for 8 embeddings
2026-03-04 18:38:40,874 - Knowledge - INFO - Worker kw14 processing /app/data/T0015/329083/b8924gk/shopizer-329083/sm-shop/src/main/webapp/resources/js/ckeditor/skins/kama/templates.css
2026-03-04 18:38:40,886 - Knowledge - INFO - Async storage completed for 8 embeddings
2026-03-04 18:38:41,147 - Knowledge - INFO - Worker kw17 processing /app/data/T0015/329083/b8924gk/shopizer-329083/sm-shop/src/main/webapp/resources/js/ckeditor/lang/fo.js
2026-03-04 18:38:41,295 - Knowledge - INFO - process ingested knowledge for /app/data/T0015/329083/b8924gk/shopizer-329083/sm-shop/src/main/webapp/resources/css/font-awesome/less/extras.less
2026-03-04 18:38:41,296 - Knowledge - INFO - process ingested knowledge for /app/data/T0015/329083/b8924gk/shopizer-329083/sm-shop/src/main/webapp/resources/css/font-awesome/scss/_core.scss
2026-03-04 18:38:41,297 - Knowledge - INFO - [WEBSOCKET] Sent: Type=progress_update, Size: 294, Duration: 0ms
2026-03-04 18:38:41,297 - Knowledge - INFO - Worker kw19 processing /app/data/T0015/329083/b8924gk/shopizer-329083/sm-shop/src/main/webapp/resources/js/ckeditor/skins/office2003/dialog.css
2026-03-04 18:38:41,298 - Knowledge - INFO - process ingested knowledge for /app/data/T0015/329083/b8924gk/shopizer-329083/sm-shop/src/main/webapp/resources/css/font-awesome/scss/font-awesome.scss
2026-03-04 18:38:41,299 - Knowledge - INFO - process ingested knowledge for /app/data/T0015/329083/b8924gk/shopizer-329083/sm-shop/src/main/java/com/salesmanager/web/tags/ShopProductImageUrlTag.java
2026-03-04 18:38:41,299 - Knowledge - INFO - [kw4] Queue=325, InProgress=0, PendingWorkers=20/20, Completed=776/1167 (66.5%)
2026-03-04 18:38:41,382 - Knowledge - INFO - Worker kw8 processing /app/data/T0015/329083/b8924gk/shopizer-329083/sm-shop/src/main/webapp/resources/js/ckeditor/lang/en-gb.js
2026-03-04 18:38:41,504 - Knowledge - INFO - Async storage completed for 6 embeddings
2026-03-04 18:38:41,551 - Knowledge - INFO - Worker kw15 processing /app/data/T0015/329083/b8924gk/shopizer-329083/sm-shop/src/main/webapp/resources/js/ckeditor/lang/id.js
2026-03-04 18:38:41,584 - Knowledge - INFO - Async storage completed for 8 embeddings
2026-03-04 18:38:41,635 - Knowledge - INFO - process ingested knowledge for /app/data/T0015/329083/b8924gk/shopizer-329083/sm-shop/src/main/webapp/resources/css/font-awesome/less/mixins.less
2026-03-04 18:38:41,754 - Knowledge - INFO - Fast-tracked /app/data/T0015/329083/b8924gk/shopizer-329083/sm-shop/src/main/webapp/resources/js/ckeditor/skins/kama/templates.css (ext=.css, size=1496)
2026-03-04 18:38:42,015 - Knowledge - INFO - Async storage completed for 8 embeddings
2026-03-04 18:38:42,049 - Knowledge - INFO - Worker kw17 processing /app/data/T0015/329083/b8924gk/shopizer-329083/sm-shop/src/main/webapp/resources/js/ckeditor/lang/bs.js
2026-03-04 18:38:42,158 - Knowledge - INFO - process ingested knowledge for /app/data/T0015/329083/b8924gk/shopizer-329083/sm-shop/src/main/webapp/resources/css/font-awesome/less/path.less
2026-03-04 18:38:42,213 - Knowledge - INFO - process ingested knowledge for /app/data/T0015/329083/b8924gk/shopizer-329083/sm-shop/src/main/webapp/resources/css/font-awesome/scss/_path.scss
2026-03-04 18:38:42,332 - Knowledge - INFO - [LLM_CALL] Completed: jquery.creditCardValidator.js:chunk1, Duration: 13474ms, PromptTokens: 3810, CompletionTokens: 248, Cost: $0.00048
2026-03-04 18:38:42,471 - Knowledge - INFO - Fast-tracked /app/data/T0015/329083/b8924gk/shopizer-329083/sm-shop/src/main/webapp/resources/js/ckeditor/skins/office2003/dialog.css (ext=.css, size=16832)
2026-03-04 18:38:42,539 - Knowledge - INFO - process ingested knowledge for /app/data/T0015/329083/b8924gk/shopizer-329083/sm-shop/src/main/webapp/resources/css/font-awesome/css/font-awesome-ie7.min.css
2026-03-04 18:38:42,626 - Knowledge - INFO - process ingested knowledge for /app/data/T0015/329083/b8924gk/shopizer-329083/sm-shop/src/main/java/com/salesmanager/web/tags/ContentImageUrlTag.java
2026-03-04 18:38:42,690 - Knowledge - INFO - Batch sizing: calculated=6, max_allowed=10, queue=325, active_workers=20/20
2026-03-04 18:38:42,776 - Knowledge - INFO - Worker kw8 processing /app/data/T0015/329083/b8924gk/shopizer-329083/sm-shop/src/main/webapp/resources/js/ckeditor/lang/sv.js
2026-03-04 18:38:43,213 - Knowledge - INFO - process ingested knowledge for /app/data/T0015/329083/b8924gk/shopizer-329083/sm-shop/src/main/webapp/resources/css/font-awesome/less/bootstrap.less
2026-03-04 18:38:43,297 - Knowledge - INFO - Worker kw14 processing /app/data/T0015/329083/b8924gk/shopizer-329083/sm-shop/src/main/webapp/resources/js/ckeditor/skins/kama/editor.css
2026-03-04 18:38:43,398 - Knowledge - INFO - Worker kw15 processing /app/data/T0015/329083/b8924gk/shopizer-329083/sm-shop/src/main/webapp/resources/js/ckeditor/lang/bg.js
2026-03-04 18:38:43,469 - Knowledge - INFO - Worker kw17 processing /app/data/T0015/329083/b8924gk/shopizer-329083/sm-shop/src/main/webapp/resources/js/ckeditor/lang/sr.js
2026-03-04 18:38:43,571 - Knowledge - INFO - process ingested knowledge for /app/data/T0015/329083/b8924gk/shopizer-329083/sm-shop/src/main/webapp/resources/css/font-awesome/less/font-awesome.less
2026-03-04 18:38:43,678 - Knowledge - INFO - process ingested knowledge for /app/data/T0015/329083/b8924gk/shopizer-329083/sm-shop/src/main/webapp/resources/css/font-awesome/scss/font-awesome-ie7.scss
2026-03-04 18:38:43,790 - Knowledge - INFO - done ingest for /app/data/T0015/329083/b8924gk/shopizer-329083/sm-shop/src/main/webapp/resources/js/jquery.creditCardValidator.js
2026-03-04 18:38:43,790 - Knowledge - INFO - [kw10] Queue=325, InProgress=0, PendingWorkers=20/20, Completed=776/1167 (66.5%)
2026-03-04 18:38:43,795 - Knowledge - INFO - [WEBSOCKET] Sent: Type=unknown, Size: ?, Duration: 2498ms
2026-03-04 18:38:43,883 - Knowledge - INFO - Worker kw19 processing /app/data/T0015/329083/b8924gk/shopizer-329083/sm-shop/src/main/webapp/resources/js/ckeditor/lang/pt-br.js
2026-03-04 18:38:43,962 - Knowledge - INFO - process ingested knowledge for /app/data/T0015/329083/b8924gk/shopizer-329083/sm-shop/src/main/webapp/resources/css/font-awesome/css/font-awesome.css
2026-03-04 18:38:44,060 - Knowledge - INFO - process ingested knowledge for /app/data/T0015/329083/b8924gk/shopizer-329083/sm-shop/src/main/java/com/salesmanager/web/tags/StoreLogoUrlTag.java
2026-03-04 18:38:44,324 - Knowledge - INFO - Worker kw8 processing /app/data/T0015/329083/b8924gk/shopizer-329083/sm-shop/src/main/webapp/resources/js/ckeditor/lang/hi.js
2026-03-04 18:38:44,447 - Knowledge - INFO - process ingested knowledge for /app/data/T0015/329083/b8924gk/shopizer-329083/sm-shop/src/main/webapp/resources/css/sm.css
2026-03-04 18:38:44,541 - Knowledge - INFO - Fast-tracked /app/data/T0015/329083/b8924gk/shopizer-329083/sm-shop/src/main/webapp/resources/js/ckeditor/skins/kama/editor.css (ext=.css, size=30678)
2026-03-04 18:38:44,666 - Knowledge - INFO - Worker kw15 processing /app/data/T0015/329083/b8924gk/shopizer-329083/sm-shop/src/main/webapp/resources/js/ckeditor/lang/et.js
2026-03-04 18:38:44,797 - Knowledge - INFO - Worker kw17 processing /app/data/T0015/329083/b8924gk/shopizer-329083/sm-shop/src/main/webapp/resources/js/ckeditor/lang/it.js
2026-03-04 18:38:45,288 - Knowledge - INFO - Batch sizing: calculated=6, max_allowed=10, queue=325, active_workers=20/20
2026-03-04 18:38:45,440 - Knowledge - INFO - Progress: 66.5% | Files: 776/1167 | Rate: 1.62 files/sec | Queue: 319
2026-03-04 18:38:45,482 - Knowledge - INFO - Async storing batch of 6 embeddings
2026-03-04 18:38:45,703 - Knowledge - INFO - Worker kw19 processing /app/data/T0015/329083/b8924gk/shopizer-329083/sm-shop/src/main/webapp/resources/js/ckeditor/lang/da.js
2026-03-04 18:38:46,120 - Knowledge - INFO - [kw18] Queue=319, InProgress=0, PendingWorkers=20/20, Completed=776/1167 (66.5%)
2026-03-04 18:38:46,171 - Knowledge - INFO - Worker kw8 processing /app/data/T0015/329083/b8924gk/shopizer-329083/sm-shop/src/main/webapp/resources/js/ckeditor/lang/ro.js
2026-03-04 18:38:46,404 - Knowledge - INFO - Worker kw14 processing /app/data/T0015/329083/b8924gk/shopizer-329083/sm-shop/src/main/webapp/resources/js/ckeditor/skins/kama/dialog.css
2026-03-04 18:38:46,434 - Knowledge - INFO - process ingested knowledge for /app/data/T0015/329083/b8924gk/shopizer-329083/sm-shop/src/main/java/com/salesmanager/web/tags/ProductImageUrlTag.java
2026-03-04 18:38:46,530 - Knowledge - INFO - Worker kw15 processing /app/data/T0015/329083/b8924gk/shopizer-329083/sm-shop/src/main/webapp/resources/js/ckeditor/lang/de.js
2026-03-04 18:38:46,673 - Knowledge - INFO - Worker kw17 processing /app/data/T0015/329083/b8924gk/shopizer-329083/sm-shop/src/main/webapp/resources/js/ckeditor/lang/he.js
2026-03-04 18:38:47,171 - Knowledge - INFO - Worker kw4 processing /app/data/T0015/329083/b8924gk/shopizer-329083/sm-shop/src/main/webapp/resources/js/ckeditor/lang/sr-latn.js
2026-03-04 18:38:47,508 - Knowledge - INFO - Batch sizing: calculated=6, max_allowed=10, queue=319, active_workers=20/20
2026-03-04 18:38:47,661 - Knowledge - INFO - Worker kw8 processing /app/data/T0015/329083/b8924gk/shopizer-329083/sm-shop/src/main/webapp/resources/js/ckeditor/lang/el.js
2026-03-04 18:38:47,900 - Knowledge - INFO - Fast-tracked /app/data/T0015/329083/b8924gk/shopizer-329083/sm-shop/src/main/webapp/resources/js/ckeditor/skins/kama/dialog.css (ext=.css, size=18265)
2026-03-04 18:38:48,325 - Knowledge - INFO - [LLM_CALL] Completed: bootstrap-carousel.js:chunk1, Duration: 11036ms, PromptTokens: 3222, CompletionTokens: 396, Cost: $0.00048
2026-03-04 18:38:48,385 - Knowledge - INFO - [kw12] Queue=313, InProgress=0, PendingWorkers=20/20, Completed=776/1167 (66.5%)
2026-03-04 18:38:48,568 - Knowledge - INFO - Worker kw4 processing /app/data/T0015/329083/b8924gk/shopizer-329083/sm-shop/src/main/webapp/resources/js/ckeditor/lang/ru.js
2026-03-04 18:38:48,957 - Knowledge - INFO - done ingest for /app/data/T0015/329083/b8924gk/shopizer-329083/sm-shop/src/main/webapp/resources/js/bootstrap/bootstrap-carousel.js
2026-03-04 18:38:48,969 - Knowledge - INFO - Async storing batch of 6 embeddings
2026-03-04 18:38:49,148 - Knowledge - INFO - Batch sizing: calculated=6, max_allowed=10, queue=313, active_workers=20/20
2026-03-04 18:38:49,335 - Knowledge - INFO - process ingested knowledge for /app/data/T0015/329083/b8924gk/shopizer-329083/sm-shop/src/main/java/com/salesmanager/web/tags/ShopProductPriceFormatTag.java
2026-03-04 18:38:49,349 - Knowledge - INFO - [LLM_CALL] Completed: jquery-cookie.js:chunk1, Duration: 13779ms, PromptTokens: 2442, CompletionTokens: 252, Cost: $0.00034
2026-03-04 18:38:49,434 - Knowledge - INFO - Worker kw4 processing /app/data/T0015/329083/b8924gk/shopizer-329083/sm-shop/src/main/webapp/resources/js/ckeditor/lang/fa.js
2026-03-04 18:38:49,613 - Knowledge - INFO - Worker kw10 processing /app/data/T0015/329083/b8924gk/shopizer-329083/sm-shop/src/main/webapp/resources/js/ckeditor/lang/vi.js
2026-03-04 18:38:49,941 - Knowledge - INFO - done ingest for /app/data/T0015/329083/b8924gk/shopizer-329083/sm-shop/src/main/webapp/resources/js/jquery-cookie.js
2026-03-04 18:38:49,942 - Knowledge - INFO - [LLM_CALL] Completed: hogan.js:chunk1, Duration: 21898ms, PromptTokens: 9102, CompletionTokens: 525, Cost: $0.00112
2026-03-04 18:38:50,073 - Knowledge - INFO - Worker kw4 processing /app/data/T0015/329083/b8924gk/shopizer-329083/sm-shop/src/main/webapp/resources/js/ckeditor/lang/af.js
2026-03-04 18:38:50,213 - Knowledge - INFO - Worker kw10 processing /app/data/T0015/329083/b8924gk/shopizer-329083/sm-shop/src/main/webapp/resources/js/ckeditor/lang/mn.js
2026-03-04 18:38:50,392 - Knowledge - INFO - done ingest for /app/data/T0015/329083/b8924gk/shopizer-329083/sm-shop/src/main/webapp/resources/js/hogan.js
2026-03-04 18:38:50,405 - Knowledge - INFO - Async storing batch of 6 embeddings
2026-03-04 18:38:50,524 - Knowledge - INFO - Async storing batch of 6 embeddings
2026-03-04 18:38:50,624 - Knowledge - INFO - Worker kw4 processing /app/data/T0015/329083/b8924gk/shopizer-329083/sm-shop/src/main/webapp/resources/js/ckeditor/lang/sl.js
2026-03-04 18:38:50,761 - Knowledge - INFO - Worker kw10 processing /app/data/T0015/329083/b8924gk/shopizer-329083/sm-shop/src/main/webapp/resources/js/ckeditor/lang/ja.js
2026-03-04 18:38:51,041 - Knowledge - INFO - Worker kw18 processing /app/data/T0015/329083/b8924gk/shopizer-329083/sm-shop/src/main/webapp/resources/js/ckeditor/lang/cs.js
2026-03-04 18:38:51,213 - Knowledge - INFO - Worker kw12 processing /app/data/T0015/329083/b8924gk/shopizer-329083/sm-shop/src/main/webapp/resources/js/ckeditor/lang/hr.js
2026-03-04 18:38:51,327 - Knowledge - INFO - Worker kw4 processing /app/data/T0015/329083/b8924gk/shopizer-329083/sm-shop/src/main/webapp/resources/js/ckeditor/lang/fi.js
2026-03-04 18:38:51,433 - Knowledge - INFO - [LLM_CALL] Completed: jquery.easing.1.3.js:chunk1, Duration: 25413ms, PromptTokens: 6612, CompletionTokens: 574, Cost: $0.00089
2026-03-04 18:38:51,461 - Knowledge - INFO - Worker kw10 processing /app/data/T0015/329083/b8924gk/shopizer-329083/sm-shop/src/main/webapp/resources/js/ckeditor/lang/en.js
2026-03-04 18:38:51,612 - Knowledge - INFO - Worker kw18 processing /app/data/T0015/329083/b8924gk/shopizer-329083/sm-shop/src/main/webapp/resources/js/ckeditor/lang/_languages.js
2026-03-04 18:38:51,828 - Knowledge - INFO - Worker kw12 processing /app/data/T0015/329083/b8924gk/shopizer-329083/sm-shop/src/main/webapp/resources/js/ckeditor/lang/ko.js
2026-03-04 18:38:52,007 - Knowledge - INFO - done ingest for /app/data/T0015/329083/b8924gk/shopizer-329083/sm-shop/src/main/webapp/resources/js/jquery.easing.1.3.js
2026-03-04 18:38:52,181 - Knowledge - INFO - [LLM_CALL] Completed: jquery.quicksand.js:chunk1, Duration: 18384ms, PromptTokens: 8500, CompletionTokens: 318, Cost: $0.00098
2026-03-04 18:38:52,205 - Knowledge - INFO - Worker kw10 processing /app/data/T0015/329083/b8924gk/shopizer-329083/sm-shop/src/main/webapp/resources/js/ckeditor/lang/ar.js
2026-03-04 18:38:52,277 - Knowledge - INFO - Fast-tracked /app/data/T0015/329083/b8924gk/shopizer-329083/sm-shop/src/main/webapp/resources/js/ckeditor/lang/_languages.js (ext=.js, size=1247)
2026-03-04 18:38:52,370 - Knowledge - INFO - Worker kw12 processing /app/data/T0015/329083/b8924gk/shopizer-329083/sm-shop/src/main/webapp/resources/js/ckeditor/lang/eu.js
2026-03-04 18:38:52,518 - Knowledge - INFO - done ingest for /app/data/T0015/329083/b8924gk/shopizer-329083/sm-shop/src/main/webapp/resources/js/jquery.quicksand.js
2026-03-04 18:38:52,519 - Knowledge - INFO - [LLM_CALL] Completed: bootstrap-modal.js:chunk1, Duration: 13677ms, PromptTokens: 3456, CompletionTokens: 319, Cost: $0.00047
2026-03-04 18:38:52,587 - Knowledge - INFO - Worker kw10 processing /app/data/T0015/329083/b8924gk/shopizer-329083/sm-shop/src/main/webapp/resources/js/ckeditor/lang/gl.js
2026-03-04 18:38:52,729 - Knowledge - INFO - Worker kw18 processing /app/data/T0015/329083/b8924gk/shopizer-329083/sm-shop/src/main/webapp/resources/js/ckeditor/lang/tr.js
2026-03-04 18:38:52,813 - Knowledge - INFO - Worker kw12 processing /app/data/T0015/329083/b8924gk/shopizer-329083/sm-shop/src/main/webapp/resources/js/ckeditor/lang/zh.js
2026-03-04 18:38:53,028 - Knowledge - INFO - done ingest for /app/data/T0015/329083/b8924gk/shopizer-329083/sm-shop/src/main/webapp/resources/js/bootstrap/bootstrap-modal.js
2026-03-04 18:38:53,276 - Knowledge - INFO - Worker kw18 processing /app/data/T0015/329083/b8924gk/shopizer-329083/sm-shop/src/main/webapp/resources/js/ckeditor/lang/en-au.js
2026-03-04 18:38:53,460 - Knowledge - INFO - Worker kw12 processing /app/data/T0015/329083/b8924gk/shopizer-329083/sm-shop/src/main/webapp/resources/js/ckeditor/lang/lv.js
2026-03-04 18:38:53,718 - Knowledge - INFO - Worker kw18 processing /app/data/T0015/329083/b8924gk/shopizer-329083/sm-shop/src/main/webapp/resources/js/ckeditor/lang/sk.js
2026-03-04 18:38:53,744 - Knowledge - INFO - [kw7] Queue=301, InProgress=0, PendingWorkers=20/20, Completed=781/1167 (66.9%)
2026-03-04 18:38:53,750 - Knowledge - INFO - [kw5] Queue=301, InProgress=0, PendingWorkers=20/20, Completed=781/1167 (66.9%)
2026-03-04 18:38:53,751 - Knowledge - INFO - [kw16] Queue=301, InProgress=0, PendingWorkers=20/20, Completed=781/1167 (66.9%)
2026-03-04 18:38:53,751 - Knowledge - INFO - [kw1] Queue=301, InProgress=0, PendingWorkers=20/20, Completed=781/1167 (66.9%)
2026-03-04 18:38:53,811 - Knowledge - INFO - Worker kw12 processing /app/data/T0015/329083/b8924gk/shopizer-329083/sm-shop/src/main/webapp/resources/js/ckeditor/lang/fr.js
2026-03-04 18:38:53,957 - Knowledge - INFO - Worker kw18 processing /app/data/T0015/329083/b8924gk/shopizer-329083/sm-shop/src/main/webapp/resources/js/ckeditor/lang/nl.js
2026-03-04 18:38:54,042 - Knowledge - INFO - Batch sizing: calculated=6, max_allowed=10, queue=301, active_workers=20/20
2026-03-04 18:38:54,157 - Knowledge - INFO - Batch sizing: calculated=6, max_allowed=10, queue=301, active_workers=20/20
2026-03-04 18:38:54,211 - Knowledge - INFO - [LLM_CALL] Completed: bootstrap-collapse.js:chunk1, Duration: 20414ms, PromptTokens: 2842, CompletionTokens: 469, Cost: $0.00047
2026-03-04 18:38:54,336 - Knowledge - INFO - Batch sizing: calculated=6, max_allowed=10, queue=301, active_workers=20/20
2026-03-04 18:38:54,443 - Knowledge - INFO - Batch sizing: calculated=6, max_allowed=10, queue=301, active_workers=20/20
2026-03-04 18:38:54,904 - Knowledge - INFO - done ingest for /app/data/T0015/329083/b8924gk/shopizer-329083/sm-shop/src/main/webapp/resources/js/bootstrap/bootstrap-collapse.js
2026-03-04 18:38:54,906 - Knowledge - INFO - Async storing batch of 6 embeddings
2026-03-04 18:38:54,907 - Knowledge - INFO - Async storing batch of 6 embeddings
2026-03-04 18:38:54,907 - Knowledge - INFO - [kw13] Queue=289, InProgress=0, PendingWorkers=20/20, Completed=787/1167 (67.4%)
2026-03-04 18:38:54,938 - Knowledge - INFO - Processing batch of 6 files
2026-03-04 18:38:54,970 - Knowledge - INFO - Processing batch of 6 files
2026-03-04 18:38:55,025 - Knowledge - INFO - Async storage completed for 8 embeddings
2026-03-04 18:38:55,036 - Knowledge - INFO - Async storing batch of 6 embeddings
2026-03-04 18:38:55,137 - Knowledge - INFO - Async storing batch of 6 embeddings
2026-03-04 18:38:55,147 - Knowledge - INFO - Async storage completed for 8 embeddings
2026-03-04 18:38:55,405 - Knowledge - INFO - Worker kw5 processing /app/data/T0015/329083/b8924gk/shopizer-329083/sm-shop/src/main/webapp/resources/js/ckeditor/lang/zh-cn.js
2026-03-04 18:38:55,555 - Knowledge - INFO - Worker kw7 processing /app/data/T0015/329083/b8924gk/shopizer-329083/sm-shop/src/main/webapp/resources/js/ckeditor/lang/es.js
2026-03-04 18:38:55,578 - Knowledge - INFO - [LLM_CALL] Completed: bootstrap-tab.js:chunk1, Duration: 20207ms, PromptTokens: 2354, CompletionTokens: 323, Cost: $0.00036
2026-03-04 18:38:55,606 - Knowledge - INFO - Batch sizing: calculated=6, max_allowed=10, queue=289, active_workers=20/20
2026-03-04 18:38:55,703 - Knowledge - INFO - process ingested knowledge for /app/data/T0015/329083/b8924gk/shopizer-329083/sm-shop/src/main/webapp/resources/js/jquery.elevateZoom-3.0.8.min.js
2026-03-04 18:38:55,772 - Knowledge - INFO - process ingested knowledge for /app/data/T0015/329083/b8924gk/shopizer-329083/sm-shop/src/main/webapp/resources/js/jquery.maskedinput.min.js
2026-03-04 18:38:55,999 - Knowledge - INFO - Worker kw16 processing /app/data/T0015/329083/b8924gk/shopizer-329083/sm-shop/src/main/webapp/resources/js/ckeditor/lang/is.js
2026-03-04 18:38:56,093 - Knowledge - INFO - Worker kw1 processing /app/data/T0015/329083/b8924gk/shopizer-329083/sm-shop/src/main/webapp/resources/js/ckeditor/lang/ca.js
2026-03-04 18:38:56,261 - Knowledge - INFO - Worker kw5 processing /app/data/T0015/329083/b8924gk/shopizer-329083/sm-shop/src/main/webapp/resources/js/ckeditor/lang/uk.js
2026-03-04 18:38:56,347 - Knowledge - INFO - Worker kw7 processing /app/data/T0015/329083/b8924gk/shopizer-329083/sm-shop/src/main/webapp/resources/js/ckeditor/lang/mk.js
2026-03-04 18:38:56,424 - Knowledge - INFO - done ingest for /app/data/T0015/329083/b8924gk/shopizer-329083/sm-shop/src/main/webapp/resources/js/bootstrap/bootstrap-tab.js
2026-03-04 18:38:56,536 - Knowledge - INFO - Async storing batch of 6 embeddings
2026-03-04 18:38:56,609 - Knowledge - INFO - process ingested knowledge for /app/data/T0015/329083/b8924gk/shopizer-329083/sm-shop/src/main/webapp/resources/js/jquery.showLoading.min.js
2026-03-04 18:38:56,723 - Knowledge - INFO - process ingested knowledge for /app/data/T0015/329083/b8924gk/shopizer-329083/sm-shop/src/main/webapp/resources/js/jquery.easing.1.3.js
2026-03-04 18:38:56,818 - Knowledge - INFO - Worker kw16 processing /app/data/T0015/329083/b8924gk/shopizer-329083/sm-shop/src/main/webapp/resources/js/ckeditor/lang/ug.js
2026-03-04 18:38:56,932 - Knowledge - INFO - Worker kw1 processing /app/data/T0015/329083/b8924gk/shopizer-329083/sm-shop/src/main/webapp/resources/js/ckeditor/lang/en-ca.js
2026-03-04 18:38:57,006 - Knowledge - INFO - Worker kw5 processing /app/data/T0015/329083/b8924gk/shopizer-329083/sm-shop/src/main/webapp/resources/js/ckeditor/lang/bn.js
2026-03-04 18:38:57,107 - Knowledge - INFO - Worker kw7 processing /app/data/T0015/329083/b8924gk/shopizer-329083/sm-shop/src/main/webapp/resources/js/ckeditor/lang/km.js
2026-03-04 18:38:57,637 - Knowledge - INFO - Worker kw13 processing /app/data/T0015/329083/b8924gk/shopizer-329083/sm-shop/src/main/webapp/resources/js/ckeditor/plugins/devtools/lang/it.js
2026-03-04 18:38:57,754 - Knowledge - INFO - process ingested knowledge for /app/data/T0015/329083/b8924gk/shopizer-329083/sm-shop/src/main/webapp/resources/js/jquery-1.10.2.min.js
2026-03-04 18:38:57,870 - Knowledge - INFO - [LLM_CALL] Completed: bootstrap-scrollspy.js:chunk1, Duration: 28598ms, PromptTokens: 2846, CompletionTokens: 379, Cost: $0.00044
2026-03-04 18:38:57,901 - Knowledge - INFO - process ingested knowledge for /app/data/T0015/329083/b8924gk/shopizer-329083/sm-shop/src/main/webapp/resources/js/hogan.js
2026-03-04 18:38:58,045 - Knowledge - INFO - Worker kw16 processing /app/data/T0015/329083/b8924gk/shopizer-329083/sm-shop/src/main/webapp/resources/js/ckeditor/lang/cy.js
2026-03-04 18:38:58,134 - Knowledge - INFO - Worker kw1 processing /app/data/T0015/329083/b8924gk/shopizer-329083/sm-shop/src/main/webapp/resources/js/ckeditor/plugins/clipboard/dialogs/paste.js
2026-03-04 18:38:58,237 - Knowledge - INFO - Worker kw5 processing /app/data/T0015/329083/b8924gk/shopizer-329083/sm-shop/src/main/webapp/resources/js/ckeditor/lang/pl.js
2026-03-04 18:38:58,343 - Knowledge - INFO - Worker kw7 processing /app/data/T0015/329083/b8924gk/shopizer-329083/sm-shop/src/main/webapp/resources/js/ckeditor/lang/lt.js
2026-03-04 18:38:58,437 - Knowledge - INFO - Fast-tracked /app/data/T0015/329083/b8924gk/shopizer-329083/sm-shop/src/main/webapp/resources/js/ckeditor/plugins/devtools/lang/it.js (ext=.js, size=350)
2026-03-04 18:38:58,519 - Knowledge - INFO - process ingested knowledge for /app/data/T0015/329083/b8924gk/shopizer-329083/sm-shop/src/main/webapp/resources/js/registration.js
2026-03-04 18:38:58,625 - Knowledge - INFO - done ingest for /app/data/T0015/329083/b8924gk/shopizer-329083/sm-shop/src/main/webapp/resources/js/bootstrap/bootstrap-scrollspy.js
2026-03-04 18:38:58,626 - Knowledge - INFO - [LLM_CALL] Completed: bootstrap-tooltip.js:chunk1, Duration: 21336ms, PromptTokens: 4562, CompletionTokens: 788, Cost: $0.00077
2026-03-04 18:38:58,748 - Knowledge - INFO - process ingested knowledge for /app/data/T0015/329083/b8924gk/shopizer-329083/sm-shop/src/main/webapp/resources/js/jquery.creditCardValidator.js
2026-03-04 18:38:58,833 - Knowledge - INFO - Worker kw16 processing /app/data/T0015/329083/b8924gk/shopizer-329083/sm-shop/src/main/webapp/resources/js/ckeditor/lang/gu.js
2026-03-04 18:38:58,945 - Knowledge - INFO - Worker kw1 processing /app/data/T0015/329083/b8924gk/shopizer-329083/sm-shop/src/main/webapp/resources/js/ckeditor/plugins/devtools/lang/pt-br.js
2026-03-04 18:38:59,033 - Knowledge - INFO - Worker kw5 processing /app/data/T0015/329083/b8924gk/shopizer-329083/sm-shop/src/main/webapp/resources/js/ckeditor/lang/th.js
2026-03-04 18:38:59,127 - Knowledge - INFO - Worker kw7 processing /app/data/T0015/329083/b8924gk/shopizer-329083/sm-shop/src/main/webapp/resources/js/ckeditor/lang/ms.js
2026-03-04 18:38:59,236 - Knowledge - INFO - Worker kw13 processing /app/data/T0015/329083/b8924gk/shopizer-329083/sm-shop/src/main/webapp/resources/js/ckeditor/plugins/devtools/lang/he.js
2026-03-04 18:38:59,322 - Knowledge - INFO - process ingested knowledge for /app/data/T0015/329083/b8924gk/shopizer-329083/sm-shop/src/main/webapp/resources/js/jquery.friendurl.min.js
2026-03-04 18:38:59,486 - Knowledge - INFO - done ingest for /app/data/T0015/329083/b8924gk/shopizer-329083/sm-shop/src/main/webapp/resources/js/bootstrap/bootstrap-tooltip.js
2026-03-04 18:38:59,534 - Knowledge - INFO - Processing batch of 6 files
2026-03-04 18:38:59,570 - Knowledge - INFO - process ingested knowledge for /app/data/T0015/329083/b8924gk/shopizer-329083/sm-shop/src/main/webapp/resources/js/login.js
2026-03-04 18:38:59,690 - Knowledge - INFO - Worker kw16 processing /app/data/T0015/329083/b8924gk/shopizer-329083/sm-shop/src/main/webapp/resources/js/ckeditor/lang/pt.js
2026-03-04 18:38:59,758 - Knowledge - INFO - Fast-tracked /app/data/T0015/329083/b8924gk/shopizer-329083/sm-shop/src/main/webapp/resources/js/ckeditor/plugins/devtools/lang/pt-br.js (ext=.js, size=367)
2026-03-04 18:38:59,841 - Knowledge - INFO - Worker kw5 processing /app/data/T0015/329083/b8924gk/shopizer-329083/sm-shop/src/main/webapp/resources/js/ckeditor/lang/ka.js
2026-03-04 18:38:59,936 - Knowledge - INFO - Worker kw7 processing /app/data/T0015/329083/b8924gk/shopizer-329083/sm-shop/src/main/webapp/resources/js/ckeditor/lang/nb.js
2026-03-04 18:39:00,049 - Knowledge - INFO - Fast-tracked /app/data/T0015/329083/b8924gk/shopizer-329083/sm-shop/src/main/webapp/resources/js/ckeditor/plugins/devtools/lang/he.js (ext=.js, size=370)
2026-03-04 18:39:00,120 - Knowledge - INFO - process ingested knowledge for /app/data/T0015/329083/b8924gk/shopizer-329083/sm-shop/src/main/webapp/resources/js/bootstrap/bootstrap-carousel.js
2026-03-04 18:39:00,387 - Knowledge - INFO - process ingested knowledge for /app/data/T0015/329083/b8924gk/shopizer-329083/sm-shop/src/main/webapp/resources/js/bootstrap/bootstrap-scrollspy.js
2026-03-04 18:39:00,491 - Knowledge - INFO - process ingested knowledge for /app/data/T0015/329083/b8924gk/shopizer-329083/sm-shop/src/main/webapp/resources/js/shop-customer.js
2026-03-04 18:39:00,625 - Knowledge - INFO - Worker kw16 processing /app/data/T0015/329083/b8924gk/shopizer-329083/sm-shop/src/main/webapp/resources/js/ckeditor/lang/eo.js
2026-03-04 18:39:00,715 - Knowledge - INFO - Worker kw1 processing /app/data/T0015/329083/b8924gk/shopizer-329083/sm-shop/src/main/webapp/resources/js/ckeditor/plugins/devtools/lang/da.js
2026-03-04 18:39:00,986 - Knowledge - INFO - Worker kw13 processing /app/data/T0015/329083/b8924gk/shopizer-329083/sm-shop/src/main/webapp/resources/js/ckeditor/plugins/devtools/lang/no.js
2026-03-04 18:39:01,227 - Knowledge - INFO - process ingested knowledge for /app/data/T0015/329083/b8924gk/shopizer-329083/sm-shop/src/main/webapp/resources/js/bootstrap/bootstrap-collapse.js
2026-03-04 18:39:01,482 - Knowledge - INFO - Fast-tracked /app/data/T0015/329083/b8924gk/shopizer-329083/sm-shop/src/main/webapp/resources/js/ckeditor/plugins/devtools/lang/da.js (ext=.js, size=352)
2026-03-04 18:39:01,583 - Knowledge - INFO - Fast-tracked /app/data/T0015/329083/b8924gk/shopizer-329083/sm-shop/src/main/webapp/resources/js/ckeditor/plugins/devtools/lang/no.js (ext=.js, size=345)
2026-03-04 18:39:01,746 - Knowledge - INFO - Worker kw1 processing /app/data/T0015/329083/b8924gk/shopizer-329083/sm-shop/src/main/webapp/resources/js/ckeditor/plugins/devtools/lang/_translationstatus.txt
2026-03-04 18:39:01,770 - Knowledge - INFO - process ingested knowledge for /app/data/T0015/329083/b8924gk/shopizer-329083/sm-shop/src/main/webapp/resources/js/bootstrap/bootstrap-tab.js
2026-03-04 18:39:01,854 - Knowledge - INFO - Worker kw13 processing /app/data/T0015/329083/b8924gk/shopizer-329083/sm-shop/src/main/webapp/resources/js/ckeditor/plugins/devtools/lang/bg.js
2026-03-04 18:39:01,992 - Knowledge - INFO - Fast-tracked /app/data/T0015/329083/b8924gk/shopizer-329083/sm-shop/src/main/webapp/resources/js/ckeditor/plugins/devtools/lang/_translationstatus.txt (ext=.txt, size=943)
2026-03-04 18:39:02,187 - Knowledge - INFO - Fast-tracked /app/data/T0015/329083/b8924gk/shopizer-329083/sm-shop/src/main/webapp/resources/js/ckeditor/plugins/devtools/lang/bg.js (ext=.js, size=434)
2026-03-04 18:39:02,234 - Knowledge - INFO - process ingested knowledge for /app/data/T0015/329083/b8924gk/shopizer-329083/sm-shop/src/main/webapp/resources/js/bootstrap/bootstrap-dropdown.js
2026-03-04 18:39:02,360 - Knowledge - INFO - Worker kw13 processing /app/data/T0015/329083/b8924gk/shopizer-329083/sm-shop/src/main/webapp/resources/js/ckeditor/plugins/devtools/lang/et.js
2026-03-04 18:39:02,441 - Knowledge - INFO - [kw11] Queue=271, InProgress=0, PendingWorkers=20/20, Completed=794/1167 (68.0%)
2026-03-04 18:39:02,444 - Knowledge - INFO - process ingested knowledge for /app/data/T0015/329083/b8924gk/shopizer-329083/sm-shop/src/main/webapp/resources/js/bootstrap/bootstrap-modal.js
2026-03-04 18:39:02,569 - Knowledge - INFO - Fast-tracked /app/data/T0015/329083/b8924gk/shopizer-329083/sm-shop/src/main/webapp/resources/js/ckeditor/plugins/devtools/lang/et.js (ext=.js, size=338)
2026-03-04 18:39:02,654 - Knowledge - INFO - Batch sizing: calculated=6, max_allowed=10, queue=271, active_workers=20/20
2026-03-04 18:39:02,662 - Knowledge - INFO - [kw3] Queue=271, InProgress=0, PendingWorkers=20/20, Completed=794/1167 (68.0%)
2026-03-04 18:39:02,757 - Knowledge - INFO - process ingested knowledge for /app/data/T0015/329083/b8924gk/shopizer-329083/sm-shop/src/main/webapp/resources/js/bootstrap/bootstrap.min.js
2026-03-04 18:39:02,833 - Knowledge - INFO - Worker kw13 processing /app/data/T0015/329083/b8924gk/shopizer-329083/sm-shop/src/main/webapp/resources/js/ckeditor/plugins/devtools/lang/de.js
2026-03-04 18:39:02,948 - Knowledge - INFO - Async storing batch of 6 embeddings
2026-03-04 18:39:03,023 - Knowledge - INFO - Batch sizing: calculated=6, max_allowed=10, queue=271, active_workers=20/20
2026-03-04 18:39:03,229 - Knowledge - INFO - Fast-tracked /app/data/T0015/329083/b8924gk/shopizer-329083/sm-shop/src/main/webapp/resources/js/ckeditor/plugins/devtools/lang/de.js (ext=.js, size=338)
2026-03-04 18:39:03,335 - Knowledge - INFO - Worker kw11 processing /app/data/T0015/329083/b8924gk/shopizer-329083/sm-shop/src/main/webapp/resources/js/ckeditor/plugins/devtools/lang/el.js
2026-03-04 18:39:03,474 - Knowledge - INFO - Async storing batch of 6 embeddings
2026-03-04 18:39:03,597 - Knowledge - INFO - Async storage completed for 6 embeddings
2026-03-04 18:39:03,674 - Knowledge - INFO - Fast-tracked /app/data/T0015/329083/b8924gk/shopizer-329083/sm-shop/src/main/webapp/resources/js/ckeditor/plugins/devtools/lang/el.js (ext=.js, size=437)
2026-03-04 18:39:03,752 - Knowledge - INFO - Worker kw3 processing /app/data/T0015/329083/b8924gk/shopizer-329083/sm-shop/src/main/webapp/resources/js/ckeditor/plugins/devtools/lang/tr.js
2026-03-04 18:39:03,979 - Knowledge - INFO - Worker kw11 processing /app/data/T0015/329083/b8924gk/shopizer-329083/sm-shop/src/main/webapp/resources/js/ckeditor/plugins/devtools/lang/fa.js
2026-03-04 18:39:03,997 - Knowledge - INFO - [kw6] Queue=259, InProgress=0, PendingWorkers=20/20, Completed=799/1167 (68.5%)
2026-03-04 18:39:04,029 - Knowledge - INFO - Processing batch of 6 files
2026-03-04 18:39:04,056 - Knowledge - INFO - Fast-tracked /app/data/T0015/329083/b8924gk/shopizer-329083/sm-shop/src/main/webapp/resources/js/ckeditor/plugins/devtools/lang/tr.js (ext=.js, size=342)
2026-03-04 18:39:04,226 - Knowledge - INFO - Fast-tracked /app/data/T0015/329083/b8924gk/shopizer-329083/sm-shop/src/main/webapp/resources/js/ckeditor/plugins/devtools/lang/fa.js (ext=.js, size=371)
2026-03-04 18:39:04,323 - Knowledge - INFO - Batch sizing: calculated=6, max_allowed=10, queue=259, active_workers=20/20
2026-03-04 18:39:04,349 - Knowledge - INFO - [LLM_CALL] Completed: da.js:chunk1, Duration: 15142ms, PromptTokens: 11778, CompletionTokens: 141, Cost: $0.00123
2026-03-04 18:39:04,444 - Knowledge - INFO - process ingested knowledge for /app/data/T0015/329083/b8924gk/shopizer-329083/sm-shop/src/main/webapp/resources/js/ckeditor/plugins/devtools/lang/it.js
2026-03-04 18:39:04,549 - Knowledge - INFO - Worker kw3 processing /app/data/T0015/329083/b8924gk/shopizer-329083/sm-shop/src/main/webapp/resources/js/ckeditor/plugins/devtools/lang/nl.js
2026-03-04 18:39:04,674 - Knowledge - INFO - Worker kw11 processing /app/data/T0015/329083/b8924gk/shopizer-329083/sm-shop/src/main/webapp/resources/js/ckeditor/plugins/devtools/lang/fi.js
2026-03-04 18:39:04,852 - Knowledge - INFO - done ingest for /app/data/T0015/329083/b8924gk/shopizer-329083/sm-shop/src/main/webapp/resources/js/ckeditor/lang/da.js
2026-03-04 18:39:04,853 - Knowledge - INFO - Async storing batch of 6 embeddings
2026-03-04 18:39:04,945 - Knowledge - INFO - process ingested knowledge for /app/data/T0015/329083/b8924gk/shopizer-329083/sm-shop/src/main/webapp/resources/js/ckeditor/plugins/devtools/lang/he.js
2026-03-04 18:39:05,029 - Knowledge - INFO - Fast-tracked /app/data/T0015/329083/b8924gk/shopizer-329083/sm-shop/src/main/webapp/resources/js/ckeditor/plugins/devtools/lang/nl.js (ext=.js, size=337)
2026-03-04 18:39:05,129 - Knowledge - INFO - Fast-tracked /app/data/T0015/329083/b8924gk/shopizer-329083/sm-shop/src/main/webapp/resources/js/ckeditor/plugins/devtools/lang/fi.js (ext=.js, size=353)
2026-03-04 18:39:05,325 - Knowledge - INFO - [LLM_CALL] Completed: pt-br.js:chunk1, Duration: 17785ms, PromptTokens: 11476, CompletionTokens: 148, Cost: $0.00121
2026-03-04 18:39:05,367 - Knowledge - INFO - Worker kw6 processing /app/data/T0015/329083/b8924gk/shopizer-329083/sm-shop/src/main/webapp/resources/js/ckeditor/plugins/devtools/lang/uk.js
2026-03-04 18:39:05,482 - Knowledge - INFO - process ingested knowledge for /app/data/T0015/329083/b8924gk/shopizer-329083/sm-shop/src/main/webapp/resources/js/ckeditor/plugins/devtools/lang/no.js
2026-03-04 18:39:05,576 - Knowledge - INFO - Worker kw3 processing /app/data/T0015/329083/b8924gk/shopizer-329083/sm-shop/src/main/webapp/resources/js/ckeditor/plugins/devtools/lang/hr.js
2026-03-04 18:39:05,669 - Knowledge - INFO - Worker kw11 processing /app/data/T0015/329083/b8924gk/shopizer-329083/sm-shop/src/main/webapp/resources/js/ckeditor/plugins/devtools/lang/vi.js
2026-03-04 18:39:05,774 - Knowledge - INFO - done ingest for /app/data/T0015/329083/b8924gk/shopizer-329083/sm-shop/src/main/webapp/resources/js/ckeditor/lang/pt-br.js
2026-03-04 18:39:05,846 - Knowledge - INFO - Fast-tracked /app/data/T0015/329083/b8924gk/shopizer-329083/sm-shop/src/main/webapp/resources/js/ckeditor/plugins/devtools/lang/uk.js (ext=.js, size=456)
2026-03-04 18:39:05,997 - Knowledge - INFO - process ingested knowledge for /app/data/T0015/329083/b8924gk/shopizer-329083/sm-shop/src/main/webapp/resources/js/ckeditor/plugins/devtools/lang/bg.js
2026-03-04 18:39:06,132 - Knowledge - INFO - [LLM_CALL] Completed: shopping-cart.js:chunk1, Duration: 28183ms, PromptTokens: 5664, CompletionTokens: 873, Cost: $0.00092
2026-03-04 18:39:06,133 - Knowledge - INFO - Fast-tracked /app/data/T0015/329083/b8924gk/shopizer-329083/sm-shop/src/main/webapp/resources/js/ckeditor/plugins/devtools/lang/hr.js (ext=.js, size=356)
2026-03-04 18:39:06,298 - Knowledge - INFO - Fast-tracked /app/data/T0015/329083/b8924gk/shopizer-329083/sm-shop/src/main/webapp/resources/js/ckeditor/plugins/devtools/lang/vi.js (ext=.js, size=343)
2026-03-04 18:39:06,531 - Knowledge - INFO - Worker kw6 processing /app/data/T0015/329083/b8924gk/shopizer-329083/sm-shop/src/main/webapp/resources/js/ckeditor/plugins/devtools/lang/pl.js
2026-03-04 18:39:06,630 - Knowledge - INFO - process ingested knowledge for /app/data/T0015/329083/b8924gk/shopizer-329083/sm-shop/src/main/webapp/resources/js/ckeditor/plugins/devtools/lang/et.js
2026-03-04 18:39:06,709 - Knowledge - INFO - done ingest for /app/data/T0015/329083/b8924gk/shopizer-329083/sm-shop/src/main/webapp/resources/js/shopping-cart.js
2026-03-04 18:39:06,710 - Knowledge - INFO - [LLM_CALL] Completed: skin.js:chunk1, Duration: 17617ms, PromptTokens: 2976, CompletionTokens: 269, Cost: $0.00041
2026-03-04 18:39:06,777 - Knowledge - INFO - Worker kw3 processing /app/data/T0015/329083/b8924gk/shopizer-329083/sm-shop/src/main/webapp/resources/js/ckeditor/plugins/devtools/lang/fr.js
2026-03-04 18:39:06,845 - Knowledge - INFO - Worker kw11 processing /app/data/T0015/329083/b8924gk/shopizer-329083/sm-shop/src/main/webapp/resources/js/ckeditor/plugins/devtools/lang/en.js
2026-03-04 18:39:06,971 - Knowledge - INFO - Fast-tracked /app/data/T0015/329083/b8924gk/shopizer-329083/sm-shop/src/main/webapp/resources/js/ckeditor/plugins/devtools/lang/pl.js (ext=.js, size=355)
2026-03-04 18:39:07,058 - Knowledge - INFO - process ingested knowledge for /app/data/T0015/329083/b8924gk/shopizer-329083/sm-shop/src/main/webapp/resources/js/ckeditor/plugins/devtools/lang/de.js
2026-03-04 18:39:07,260 - Knowledge - INFO - done ingest for /app/data/T0015/329083/b8924gk/shopizer-329083/sm-shop/src/main/webapp/resources/js/ckeditor/skins/kama/skin.js
2026-03-04 18:39:07,365 - Knowledge - INFO - [LLM_CALL] Completed: bootstrap-datepicker.js:chunk1, Duration: 38224ms, PromptTokens: 6252, CompletionTokens: 856, Cost: $0.00097
2026-03-04 18:39:07,380 - Knowledge - INFO - Fast-tracked /app/data/T0015/329083/b8924gk/shopizer-329083/sm-shop/src/main/webapp/resources/js/ckeditor/plugins/devtools/lang/fr.js (ext=.js, size=381)
2026-03-04 18:39:07,492 - Knowledge - INFO - Fast-tracked /app/data/T0015/329083/b8924gk/shopizer-329083/sm-shop/src/main/webapp/resources/js/ckeditor/plugins/devtools/lang/en.js (ext=.js, size=340)
2026-03-04 18:39:07,596 - Knowledge - INFO - Worker kw6 processing /app/data/T0015/329083/b8924gk/shopizer-329083/sm-shop/src/main/webapp/resources/js/ckeditor/plugins/devtools/lang/ug.js
2026-03-04 18:39:07,877 - Knowledge - INFO - done ingest for /app/data/T0015/329083/b8924gk/shopizer-329083/sm-shop/src/main/webapp/resources/js/bootstrap/bootstrap-datepicker.js
2026-03-04 18:39:07,899 - Knowledge - INFO - Processing batch of 6 files
2026-03-04 18:39:07,922 - Knowledge - INFO - Processing batch of 6 files
2026-03-04 18:39:07,946 - Knowledge - INFO - Processing batch of 6 files
2026-03-04 18:39:07,964 - Knowledge - INFO - Worker kw3 processing /app/data/T0015/329083/b8924gk/shopizer-329083/sm-shop/src/main/webapp/resources/js/ckeditor/plugins/devtools/lang/nb.js
2026-03-04 18:39:08,058 - Knowledge - INFO - Worker kw11 processing /app/data/T0015/329083/b8924gk/shopizer-329083/sm-shop/src/main/webapp/resources/js/ckeditor/plugins/devtools/lang/cs.js
2026-03-04 18:39:08,183 - Knowledge - INFO - Fast-tracked /app/data/T0015/329083/b8924gk/shopizer-329083/sm-shop/src/main/webapp/resources/js/ckeditor/plugins/devtools/lang/ug.js (ext=.js, size=408)
2026-03-04 18:39:08,318 - Knowledge - INFO - Processing batch of 6 files
2026-03-04 18:39:08,337 - Knowledge - INFO - process ingested knowledge for /app/data/T0015/329083/b8924gk/shopizer-329083/sm-shop/src/main/webapp/resources/js/ckeditor/skins/v2/editor.css
2026-03-04 18:39:08,449 - Knowledge - INFO - [WEBSOCKET] Sent: Type=progress_update, Size: 293, Duration: 0ms
2026-03-04 18:39:08,454 - Knowledge - INFO - process ingested knowledge for /app/data/T0015/329083/b8924gk/shopizer-329083/sm-shop/src/main/webapp/resources/js/ckeditor/skins/office2003/skin.js
2026-03-04 18:39:08,548 - Knowledge - INFO - process ingested knowledge for /app/data/T0015/329083/b8924gk/shopizer-329083/sm-shop/src/main/webapp/resources/js/product.js
2026-03-04 18:39:08,659 - Knowledge - INFO - Fast-tracked /app/data/T0015/329083/b8924gk/shopizer-329083/sm-shop/src/main/webapp/resources/js/ckeditor/plugins/devtools/lang/nb.js (ext=.js, size=345)
2026-03-04 18:39:08,738 - Knowledge - INFO - Fast-tracked /app/data/T0015/329083/b8924gk/shopizer-329083/sm-shop/src/main/webapp/resources/js/ckeditor/plugins/devtools/lang/cs.js (ext=.js, size=343)
2026-03-04 18:39:08,827 - Knowledge - INFO - Worker kw6 processing /app/data/T0015/329083/b8924gk/shopizer-329083/sm-shop/src/main/webapp/resources/js/ckeditor/plugins/devtools/lang/cy.js
2026-03-04 18:39:08,900 - Knowledge - INFO - process ingested knowledge for /app/data/T0015/329083/b8924gk/shopizer-329083/sm-shop/src/main/webapp/resources/js/bootstrap/bootstrap-datepicker.js
2026-03-04 18:39:08,975 - Knowledge - INFO - process ingested knowledge for /app/data/T0015/329083/b8924gk/shopizer-329083/sm-shop/src/main/webapp/resources/js/ckeditor/skins/v2/dialog.css
2026-03-04 18:39:09,081 - Knowledge - INFO - [WEBSOCKET] Sent: Type=unknown, Size: ?, Duration: 632ms
2026-03-04 18:39:09,177 - Knowledge - INFO - process ingested knowledge for /app/data/T0015/329083/b8924gk/shopizer-329083/sm-shop/src/main/webapp/resources/js/ckeditor/skins/office2003/templates.css
2026-03-04 18:39:09,289 - Knowledge - INFO - process ingested knowledge for /app/data/T0015/329083/b8924gk/shopizer-329083/sm-shop/src/main/webapp/resources/js/jquery.quicksand.js
2026-03-04 18:39:09,389 - Knowledge - INFO - Worker kw3 processing /app/data/T0015/329083/b8924gk/shopizer-329083/sm-shop/src/main/webapp/resources/js/ckeditor/plugins/devtools/lang/zh-cn.js
2026-03-04 18:39:09,525 - Knowledge - INFO - Async storage completed for 6 embeddings
2026-03-04 18:39:09,610 - Knowledge - INFO - Fast-tracked /app/data/T0015/329083/b8924gk/shopizer-329083/sm-shop/src/main/webapp/resources/js/ckeditor/plugins/devtools/lang/cy.js (ext=.js, size=350)
2026-03-04 18:39:09,682 - Knowledge - INFO - process ingested knowledge for /app/data/T0015/329083/b8924gk/shopizer-329083/sm-shop/src/main/webapp/resources/js/bootstrap/bootstrap-button.js
2026-03-04 18:39:09,804 - Knowledge - INFO - process ingested knowledge for /app/data/T0015/329083/b8924gk/shopizer-329083/sm-shop/src/main/webapp/resources/js/ckeditor/skins/kama/skin.js
2026-03-04 18:39:09,878 - Knowledge - INFO - Progress: 70.6% | Files: 824/1167 | Rate: 1.62 files/sec | Queue: 253
2026-03-04 18:39:09,999 - Knowledge - INFO - process ingested knowledge for /app/data/T0015/329083/b8924gk/shopizer-329083/sm-shop/src/main/webapp/resources/js/ckeditor/skins/office2003/editor.css
2026-03-04 18:39:10,082 - Knowledge - INFO - process ingested knowledge for /app/data/T0015/329083/b8924gk/shopizer-329083/sm-shop/src/main/webapp/resources/js/jquery-cookie.js
2026-03-04 18:39:10,183 - Knowledge - INFO - Fast-tracked /app/data/T0015/329083/b8924gk/shopizer-329083/sm-shop/src/main/webapp/resources/js/ckeditor/plugins/devtools/lang/zh-cn.js (ext=.js, size=340)
2026-03-04 18:39:10,377 - Knowledge - INFO - Processing batch of 6 files
2026-03-04 18:39:10,394 - Knowledge - INFO - Worker kw6 processing /app/data/T0015/329083/b8924gk/shopizer-329083/sm-shop/src/main/webapp/resources/js/ckeditor/plugins/devtools/lang/gu.js
2026-03-04 18:39:10,525 - Knowledge - INFO - process ingested knowledge for /app/data/T0015/329083/b8924gk/shopizer-329083/sm-shop/src/main/webapp/resources/js/bootstrap/bootstrap-alert.js
2026-03-04 18:39:10,608 - Knowledge - INFO - process ingested knowledge for /app/data/T0015/329083/b8924gk/shopizer-329083/sm-shop/src/main/webapp/resources/js/ckeditor/skins/kama/templates.css
2026-03-04 18:39:10,730 - Knowledge - INFO - [kw13] Queue=253, InProgress=0, PendingWorkers=20/20, Completed=830/1167 (71.1%)
2026-03-04 18:39:10,820 - Knowledge - INFO - process ingested knowledge for /app/data/T0015/329083/b8924gk/shopizer-329083/sm-shop/src/main/webapp/resources/js/ckeditor/skins/office2003/dialog.css
2026-03-04 18:39:10,892 - Knowledge - INFO - process ingested knowledge for /app/data/T0015/329083/b8924gk/shopizer-329083/sm-shop/src/main/webapp/resources/js/typeahead.min.js
2026-03-04 18:39:11,001 - Knowledge - INFO - Async storage completed for 6 embeddings
2026-03-04 18:39:11,131 - Knowledge - INFO - process ingested knowledge for /app/data/T0015/329083/b8924gk/shopizer-329083/sm-shop/src/main/webapp/resources/js/ckeditor/plugins/devtools/lang/el.js
2026-03-04 18:39:11,247 - Knowledge - INFO - Fast-tracked /app/data/T0015/329083/b8924gk/shopizer-329083/sm-shop/src/main/webapp/resources/js/ckeditor/plugins/devtools/lang/gu.js (ext=.js, size=461)
2026-03-04 18:39:11,318 - Knowledge - INFO - process ingested knowledge for /app/data/T0015/329083/b8924gk/shopizer-329083/sm-shop/src/main/webapp/resources/js/bootstrap/bootstrap-popover.js
2026-03-04 18:39:11,438 - Knowledge - INFO - process ingested knowledge for /app/data/T0015/329083/b8924gk/shopizer-329083/sm-shop/src/main/webapp/resources/js/ckeditor/skins/kama/editor.css
2026-03-04 18:39:11,528 - Knowledge - INFO - Batch sizing: calculated=6, max_allowed=10, queue=253, active_workers=20/20
2026-03-04 18:39:11,631 - Knowledge - INFO - process ingested knowledge for /app/data/T0015/329083/b8924gk/shopizer-329083/sm-shop/src/main/webapp/resources/js/ckeditor/lang/pt-br.js
2026-03-04 18:39:11,711 - Knowledge - INFO - process ingested knowledge for /app/data/T0015/329083/b8924gk/shopizer-329083/sm-shop/src/main/webapp/resources/js/jquery.printElement.min.js
2026-03-04 18:39:11,896 - Knowledge - INFO - Processing batch of 6 files
2026-03-04 18:39:11,917 - Knowledge - INFO - process ingested knowledge for /app/data/T0015/329083/b8924gk/shopizer-329083/sm-shop/src/main/webapp/resources/js/ckeditor/plugins/devtools/lang/fa.js
2026-03-04 18:39:12,015 - Knowledge - INFO - Worker kw6 processing /app/data/T0015/329083/b8924gk/shopizer-329083/sm-shop/src/main/webapp/resources/js/ckeditor/plugins/devtools/lang/eo.js
2026-03-04 18:39:12,124 - Knowledge - INFO - process ingested knowledge for /app/data/T0015/329083/b8924gk/shopizer-329083/sm-shop/src/main/webapp/resources/js/bootstrap/bootstrap-tooltip.js
2026-03-04 18:39:12,204 - Knowledge - INFO - process ingested knowledge for /app/data/T0015/329083/b8924gk/shopizer-329083/sm-shop/src/main/webapp/resources/js/ckeditor/skins/kama/dialog.css
2026-03-04 18:39:12,307 - Knowledge - INFO - Async storing batch of 6 embeddings
2026-03-04 18:39:12,398 - Knowledge - INFO - process ingested knowledge for /app/data/T0015/329083/b8924gk/shopizer-329083/sm-shop/src/main/webapp/resources/js/ckeditor/lang/da.js
2026-03-04 18:39:12,489 - Knowledge - INFO - process ingested knowledge for /app/data/T0015/329083/b8924gk/shopizer-329083/sm-shop/src/main/webapp/resources/js/shopping-cart.js
2026-03-04 18:39:12,579 - Knowledge - INFO - process ingested knowledge for /app/data/T0015/329083/b8924gk/shopizer-329083/sm-shop/src/main/webapp/resources/js/ckeditor/plugins/devtools/lang/tr.js
2026-03-04 18:39:12,662 - Knowledge - INFO - process ingested knowledge for /app/data/T0015/329083/b8924gk/shopizer-329083/sm-shop/src/main/webapp/resources/js/ckeditor/plugins/devtools/lang/fi.js
2026-03-04 18:39:12,742 - Knowledge - INFO - Fast-tracked /app/data/T0015/329083/b8924gk/shopizer-329083/sm-shop/src/main/webapp/resources/js/ckeditor/plugins/devtools/lang/eo.js (ext=.js, size=367)
2026-03-04 18:39:12,859 - Knowledge - INFO - process ingested knowledge for /app/data/T0015/329083/b8924gk/shopizer-329083/sm-shop/src/main/webapp/resources/js/bootstrap/bootstrap-transition.js
2026-03-04 18:39:13,016 - Knowledge - INFO - Worker kw13 processing /app/data/T0015/329083/b8924gk/shopizer-329083/sm-shop/src/main/webapp/resources/js/ckeditor/plugins/devtools/plugin.js
2026-03-04 18:39:13,406 - Knowledge - INFO - process ingested knowledge for /app/data/T0015/329083/b8924gk/shopizer-329083/sm-shop/src/main/webapp/resources/js/ckeditor/plugins/devtools/lang/nl.js
2026-03-04 18:39:13,511 - Knowledge - INFO - Async storage completed for 6 embeddings
2026-03-04 18:39:13,654 - Knowledge - INFO - process ingested knowledge for /app/data/T0015/329083/b8924gk/shopizer-329083/sm-shop/src/main/webapp/resources/js/ckeditor/plugins/devtools/lang/vi.js
2026-03-04 18:39:13,690 - Knowledge - INFO - Worker kw13 processing /app/data/T0015/329083/b8924gk/shopizer-329083/sm-shop/src/main/webapp/resources/js/ckeditor/plugins/dialog/dialogDefinition.js
2026-03-04 18:39:13,988 - Knowledge - INFO - process ingested knowledge for /app/data/T0015/329083/b8924gk/shopizer-329083/sm-shop/src/main/webapp/resources/js/ckeditor/plugins/devtools/lang/hr.js
2026-03-04 18:39:14,069 - Knowledge - INFO - Fast-tracked /app/data/T0015/329083/b8924gk/shopizer-329083/sm-shop/src/main/webapp/resources/js/ckeditor/plugins/dialog/dialogDefinition.js (ext=.js, size=152)
2026-03-04 18:39:14,244 - Knowledge - INFO - process ingested knowledge for /app/data/T0015/329083/b8924gk/shopizer-329083/sm-shop/src/main/webapp/resources/js/ckeditor/plugins/devtools/lang/en.js
2026-03-04 18:39:14,304 - Knowledge - INFO - Worker kw13 processing /app/data/T0015/329083/b8924gk/shopizer-329083/sm-shop/src/main/webapp/resources/js/ckeditor/plugins/autogrow/plugin.js
2026-03-04 18:39:14,343 - Knowledge - INFO - process ingested knowledge for /app/data/T0015/329083/b8924gk/shopizer-329083/sm-shop/src/main/webapp/resources/js/ckeditor/plugins/devtools/lang/fr.js
2026-03-04 18:39:14,507 - Knowledge - INFO - [kw14] Queue=247, InProgress=0, PendingWorkers=20/20, Completed=837/1167 (71.7%)
2026-03-04 18:39:14,529 - Knowledge - INFO - Fast-tracked /app/data/T0015/329083/b8924gk/shopizer-329083/sm-shop/src/main/webapp/resources/js/ckeditor/plugins/autogrow/plugin.js (ext=.js, size=1669)
2026-03-04 18:39:14,592 - Knowledge - INFO - process ingested knowledge for /app/data/T0015/329083/b8924gk/shopizer-329083/sm-shop/src/main/webapp/resources/js/ckeditor/plugins/devtools/lang/cs.js
2026-03-04 18:39:14,683 - Knowledge - INFO - Batch sizing: calculated=6, max_allowed=10, queue=247, active_workers=20/20
2026-03-04 18:39:14,761 - Knowledge - INFO - Worker kw13 processing /app/data/T0015/329083/b8924gk/shopizer-329083/sm-shop/src/main/webapp/resources/js/ckeditor/plugins/table/dialogs/table.js
2026-03-04 18:39:14,768 - Knowledge - INFO - [kw19] Queue=247, InProgress=0, PendingWorkers=20/20, Completed=838/1167 (71.8%)
2026-03-04 18:39:14,769 - Knowledge - INFO - process ingested knowledge for /app/data/T0015/329083/b8924gk/shopizer-329083/sm-shop/src/main/webapp/resources/js/ckeditor/plugins/devtools/lang/nb.js
2026-03-04 18:39:14,977 - Knowledge - INFO - [kw2] Queue=247, InProgress=0, PendingWorkers=20/20, Completed=841/1167 (72.1%)
2026-03-04 18:39:15,077 - Knowledge - INFO - Worker kw13 processing /app/data/T0015/329083/b8924gk/shopizer-329083/sm-shop/src/main/webapp/resources/js/ckeditor/plugins/ajax/plugin.js
2026-03-04 18:39:15,103 - Knowledge - INFO - Async storing batch of 6 embeddings
2026-03-04 18:39:15,131 - Knowledge - INFO - Processing batch of 6 files
2026-03-04 18:39:15,147 - Knowledge - INFO - Batch sizing: calculated=6, max_allowed=10, queue=247, active_workers=20/20
2026-03-04 18:39:15,325 - Knowledge - INFO - [kw9] Queue=241, InProgress=0, PendingWorkers=20/20, Completed=842/1167 (72.2%)
2026-03-04 18:39:15,326 - Knowledge - INFO - process ingested knowledge for /app/data/T0015/329083/b8924gk/shopizer-329083/sm-shop/src/main/webapp/resources/js/ckeditor/plugins/devtools/lang/zh-cn.js
2026-03-04 18:39:15,380 - Knowledge - INFO - Batch sizing: calculated=6, max_allowed=10, queue=247, active_workers=20/20
2026-03-04 18:39:15,485 - Knowledge - INFO - Fast-tracked /app/data/T0015/329083/b8924gk/shopizer-329083/sm-shop/src/main/webapp/resources/js/ckeditor/plugins/ajax/plugin.js (ext=.js, size=1044)
2026-03-04 18:39:15,553 - Knowledge - INFO - Worker kw14 processing /app/data/T0015/329083/b8924gk/shopizer-329083/sm-shop/src/main/webapp/resources/js/ckeditor/plugins/scayt/dialogs/options.js
2026-03-04 18:39:15,666 - Knowledge - INFO - process ingested knowledge for /app/data/T0015/329083/b8924gk/shopizer-329083/sm-shop/src/main/webapp/resources/js/ckeditor/plugins/devtools/lang/uk.js
2026-03-04 18:39:15,763 - Knowledge - INFO - Async storing batch of 6 embeddings
2026-03-04 18:39:15,842 - Knowledge - INFO - Batch sizing: calculated=6, max_allowed=10, queue=241, active_workers=20/20
2026-03-04 18:39:15,918 - Knowledge - INFO - [kw11] Queue=235, InProgress=0, PendingWorkers=20/20, Completed=842/1167 (72.2%)
2026-03-04 18:39:16,044 - Knowledge - INFO - Async storing batch of 6 embeddings
2026-03-04 18:39:16,111 - Knowledge - INFO - Worker kw13 processing /app/data/T0015/329083/b8924gk/shopizer-329083/sm-shop/src/main/webapp/resources/js/ckeditor/plugins/scayt/dialogs/toolbar.css
2026-03-04 18:39:16,222 - Knowledge - INFO - Worker kw14 processing /app/data/T0015/329083/b8924gk/shopizer-329083/sm-shop/src/main/webapp/resources/js/ckeditor/plugins/iframedialog/plugin.js
2026-03-04 18:39:16,289 - Knowledge - INFO - process ingested knowledge for /app/data/T0015/329083/b8924gk/shopizer-329083/sm-shop/src/main/webapp/resources/js/ckeditor/plugins/devtools/lang/pl.js
2026-03-04 18:39:16,381 - Knowledge - INFO - Worker kw19 processing /app/data/T0015/329083/b8924gk/shopizer-329083/sm-shop/src/main/webapp/resources/js/ckeditor/plugins/docprops/plugin.js
2026-03-04 18:39:16,530 - Knowledge - INFO - Async storing batch of 6 embeddings
2026-03-04 18:39:16,536 - Knowledge - INFO - Batch sizing: calculated=6, max_allowed=10, queue=235, active_workers=20/20
2026-03-04 18:39:16,659 - Knowledge - INFO - [kw3] Queue=223, InProgress=0, PendingWorkers=20/20, Completed=842/1167 (72.2%)
2026-03-04 18:39:16,680 - Knowledge - INFO - Worker kw2 processing /app/data/T0015/329083/b8924gk/shopizer-329083/sm-shop/src/main/webapp/resources/js/ckeditor/plugins/find/dialogs/find.js
2026-03-04 18:39:16,754 - Knowledge - INFO - Fast-tracked /app/data/T0015/329083/b8924gk/shopizer-329083/sm-shop/src/main/webapp/resources/js/ckeditor/plugins/scayt/dialogs/toolbar.css (ext=.css, size=1230)
2026-03-04 18:39:16,844 - Knowledge - INFO - Fast-tracked /app/data/T0015/329083/b8924gk/shopizer-329083/sm-shop/src/main/webapp/resources/js/ckeditor/plugins/iframedialog/plugin.js (ext=.js, size=1986)
2026-03-04 18:39:16,938 - Knowledge - INFO - process ingested knowledge for /app/data/T0015/329083/b8924gk/shopizer-329083/sm-shop/src/main/webapp/resources/js/ckeditor/plugins/devtools/lang/ug.js
2026-03-04 18:39:17,035 - Knowledge - INFO - Fast-tracked /app/data/T0015/329083/b8924gk/shopizer-329083/sm-shop/src/main/webapp/resources/js/ckeditor/plugins/docprops/plugin.js (ext=.js, size=458)
2026-03-04 18:39:17,135 - Knowledge - INFO - Worker kw9 processing /app/data/T0015/329083/b8924gk/shopizer-329083/sm-shop/src/main/webapp/resources/js/ckeditor/plugins/a11yhelp/lang/it.js
2026-03-04 18:39:17,225 - Knowledge - INFO - Async storing batch of 6 embeddings
2026-03-04 18:39:17,336 - Knowledge - INFO - Batch sizing: calculated=6, max_allowed=10, queue=223, active_workers=20/20
2026-03-04 18:39:17,418 - Knowledge - INFO - Worker kw2 processing /app/data/T0015/329083/b8924gk/shopizer-329083/sm-shop/src/main/webapp/resources/js/ckeditor/plugins/xml/plugin.js
2026-03-04 18:39:17,519 - Knowledge - INFO - Fast-tracked /app/data/T0015/329083/b8924gk/shopizer-329083/sm-shop/src/main/webapp/resources/js/ckeditor/plugins/devtools/plugin.js (small file (2486 bytes))
2026-03-04 18:39:17,618 - Knowledge - INFO - Worker kw14 processing /app/data/T0015/329083/b8924gk/shopizer-329083/sm-shop/src/main/webapp/resources/js/ckeditor/plugins/iframe/dialogs/iframe.js
2026-03-04 18:39:17,724 - Knowledge - INFO - process ingested knowledge for /app/data/T0015/329083/b8924gk/shopizer-329083/sm-shop/src/main/webapp/resources/js/ckeditor/plugins/devtools/lang/cy.js
2026-03-04 18:39:17,808 - Knowledge - INFO - Worker kw19 processing /app/data/T0015/329083/b8924gk/shopizer-329083/sm-shop/src/main/webapp/resources/js/ckeditor/plugins/docprops/dialogs/docprops.js
2026-03-04 18:39:17,924 - Knowledge - INFO - Worker kw9 processing /app/data/T0015/329083/b8924gk/shopizer-329083/sm-shop/src/main/webapp/resources/js/ckeditor/plugins/a11yhelp/lang/he.js
2026-03-04 18:39:18,042 - Knowledge - INFO - Worker kw11 processing /app/data/T0015/329083/b8924gk/shopizer-329083/sm-shop/src/main/webapp/resources/js/ckeditor/plugins/a11yhelp/lang/fa.js
2026-03-04 18:39:18,113 - Knowledge - INFO - Async storing batch of 6 embeddings
2026-03-04 18:39:18,210 - Knowledge - INFO - Fast-tracked /app/data/T0015/329083/b8924gk/shopizer-329083/sm-shop/src/main/webapp/resources/js/ckeditor/plugins/xml/plugin.js (ext=.js, size=1361)
2026-03-04 18:39:18,420 - Knowledge - INFO - Worker kw14 processing /app/data/T0015/329083/b8924gk/shopizer-329083/sm-shop/src/main/webapp/resources/js/ckeditor/plugins/styles/styles/default.js
2026-03-04 18:39:18,510 - Knowledge - INFO - process ingested knowledge for /app/data/T0015/329083/b8924gk/shopizer-329083/sm-shop/src/main/webapp/resources/js/ckeditor/plugins/devtools/lang/gu.js
2026-03-04 18:39:18,591 - Knowledge - INFO - Worker kw19 processing /app/data/T0015/329083/b8924gk/shopizer-329083/sm-shop/src/main/webapp/resources/js/ckeditor/plugins/tableresize/plugin.js
2026-03-04 18:39:18,662 - Knowledge - INFO - Worker kw9 processing /app/data/T0015/329083/b8924gk/shopizer-329083/sm-shop/src/main/webapp/resources/js/ckeditor/plugins/a11yhelp/lang/no.js
2026-03-04 18:39:18,740 - Knowledge - INFO - Worker kw11 processing /app/data/T0015/329083/b8924gk/shopizer-329083/sm-shop/src/main/webapp/resources/js/ckeditor/plugins/a11yhelp/lang/fi.js
2026-03-04 18:39:18,847 - Knowledge - INFO - Worker kw3 processing /app/data/T0015/329083/b8924gk/shopizer-329083/sm-shop/src/main/webapp/resources/js/ckeditor/plugins/a11yhelp/lang/nl.js
2026-03-04 18:39:18,947 - Knowledge - INFO - Worker kw2 processing /app/data/T0015/329083/b8924gk/shopizer-329083/sm-shop/src/main/webapp/resources/js/ckeditor/plugins/tabletools/dialogs/tableCell.js
2026-03-04 18:39:19,023 - Knowledge - INFO - Fast-tracked /app/data/T0015/329083/b8924gk/shopizer-329083/sm-shop/src/main/webapp/resources/js/ckeditor/plugins/styles/styles/default.js (ext=.js, size=1365)
2026-03-04 18:39:19,108 - Knowledge - INFO - process ingested knowledge for /app/data/T0015/329083/b8924gk/shopizer-329083/sm-shop/src/main/webapp/resources/js/ckeditor/plugins/devtools/lang/eo.js
2026-03-04 18:39:19,203 - Knowledge - INFO - Worker kw19 processing /app/data/T0015/329083/b8924gk/shopizer-329083/sm-shop/src/main/webapp/resources/js/ckeditor/plugins/link/dialogs/anchor.js
2026-03-04 18:39:19,324 - Knowledge - INFO - Worker kw9 processing /app/data/T0015/329083/b8924gk/shopizer-329083/sm-shop/src/main/webapp/resources/js/ckeditor/plugins/a11yhelp/lang/de.js
2026-03-04 18:39:19,401 - Knowledge - INFO - Worker kw11 processing /app/data/T0015/329083/b8924gk/shopizer-329083/sm-shop/src/main/webapp/resources/js/ckeditor/plugins/a11yhelp/lang/vi.js
2026-03-04 18:39:19,471 - Knowledge - INFO - Worker kw3 processing /app/data/T0015/329083/b8924gk/shopizer-329083/sm-shop/src/main/webapp/resources/js/ckeditor/plugins/a11yhelp/lang/fr.js
2026-03-04 18:39:19,610 - Knowledge - INFO - Worker kw2 processing /app/data/T0015/329083/b8924gk/shopizer-329083/sm-shop/src/main/webapp/resources/js/ckeditor/plugins/a11yhelp/lang/pt-br.js
2026-03-04 18:39:19,716 - Knowledge - INFO - Worker kw14 processing /app/data/T0015/329083/b8924gk/shopizer-329083/sm-shop/src/main/webapp/resources/js/ckeditor/plugins/pastetext/dialogs/pastetext.js
2026-03-04 18:39:19,889 - Knowledge - INFO - Fast-tracked /app/data/T0015/329083/b8924gk/shopizer-329083/sm-shop/src/main/webapp/resources/js/ckeditor/plugins/link/dialogs/anchor.js (ext=.js, size=1986)
2026-03-04 18:39:19,969 - Knowledge - INFO - Worker kw9 processing /app/data/T0015/329083/b8924gk/shopizer-329083/sm-shop/src/main/webapp/resources/js/ckeditor/plugins/a11yhelp/lang/ro.js
2026-03-04 18:39:20,119 - Knowledge - INFO - Worker kw11 processing /app/data/T0015/329083/b8924gk/shopizer-329083/sm-shop/src/main/webapp/resources/js/ckeditor/plugins/a11yhelp/lang/en.js
2026-03-04 18:39:20,199 - Knowledge - INFO - Worker kw3 processing /app/data/T0015/329083/b8924gk/shopizer-329083/sm-shop/src/main/webapp/resources/js/ckeditor/plugins/a11yhelp/lang/mk.js
2026-03-04 18:39:20,301 - Knowledge - INFO - Worker kw2 processing /app/data/T0015/329083/b8924gk/shopizer-329083/sm-shop/src/main/webapp/resources/js/ckeditor/plugins/a11yhelp/lang/da.js
2026-03-04 18:39:20,407 - Knowledge - INFO - Fast-tracked /app/data/T0015/329083/b8924gk/shopizer-329083/sm-shop/src/main/webapp/resources/js/ckeditor/plugins/pastetext/dialogs/pastetext.js (ext=.js, size=1073)
2026-03-04 18:39:20,503 - Knowledge - INFO - Worker kw19 processing /app/data/T0015/329083/b8924gk/shopizer-329083/sm-shop/src/main/webapp/resources/js/ckeditor/plugins/link/dialogs/link.js
2026-03-04 18:39:20,650 - Knowledge - INFO - Worker kw9 processing /app/data/T0015/329083/b8924gk/shopizer-329083/sm-shop/src/main/webapp/resources/js/ckeditor/plugins/a11yhelp/lang/el.js
2026-03-04 18:39:20,730 - Knowledge - INFO - [kw6] Queue=211, InProgress=0, PendingWorkers=20/20, Completed=842/1167 (72.2%)
2026-03-04 18:39:20,735 - Knowledge - INFO - Worker kw11 processing /app/data/T0015/329083/b8924gk/shopizer-329083/sm-shop/src/main/webapp/resources/js/ckeditor/plugins/a11yhelp/lang/cs.js
2026-03-04 18:39:20,828 - Knowledge - INFO - Worker kw3 processing /app/data/T0015/329083/b8924gk/shopizer-329083/sm-shop/src/main/webapp/resources/js/ckeditor/plugins/a11yhelp/lang/nb.js
2026-03-04 18:39:20,982 - Knowledge - INFO - Worker kw2 processing /app/data/T0015/329083/b8924gk/shopizer-329083/sm-shop/src/main/webapp/resources/js/ckeditor/plugins/a11yhelp/lang/_translationstatus.txt
2026-03-04 18:39:21,094 - Knowledge - INFO - Worker kw14 processing /app/data/T0015/329083/b8924gk/shopizer-329083/sm-shop/src/main/webapp/resources/js/ckeditor/plugins/preview/preview.html
2026-03-04 18:39:21,212 - Knowledge - INFO - Worker kw19 processing /app/data/T0015/329083/b8924gk/shopizer-329083/sm-shop/src/main/webapp/resources/js/ckeditor/plugins/flash/dialogs/flash.js
2026-03-04 18:39:21,324 - Knowledge - INFO - Fast-tracked /app/data/T0015/329083/b8924gk/shopizer-329083/sm-shop/src/main/webapp/resources/js/ckeditor/plugins/a11yhelp/lang/it.js (small file (2979 bytes))
2026-03-04 18:39:21,434 - Knowledge - INFO - Batch sizing: calculated=6, max_allowed=10, queue=211, active_workers=20/20
2026-03-04 18:39:21,516 - Knowledge - INFO - Worker kw11 processing /app/data/T0015/329083/b8924gk/shopizer-329083/sm-shop/src/main/webapp/resources/js/ckeditor/plugins/a11yhelp/lang/tr.js
2026-03-04 18:39:21,598 - Knowledge - INFO - Worker kw3 processing /app/data/T0015/329083/b8924gk/shopizer-329083/sm-shop/src/main/webapp/resources/js/ckeditor/plugins/a11yhelp/lang/zh-cn.js
2026-03-04 18:39:21,674 - Knowledge - INFO - Fast-tracked /app/data/T0015/329083/b8924gk/shopizer-329083/sm-shop/src/main/webapp/resources/js/ckeditor/plugins/a11yhelp/lang/_translationstatus.txt (ext=.txt, size=871)
2026-03-04 18:39:21,751 - Knowledge - INFO - Fast-tracked /app/data/T0015/329083/b8924gk/shopizer-329083/sm-shop/src/main/webapp/resources/js/ckeditor/plugins/preview/preview.html (ext=.html, size=159)
2026-03-04 18:39:21,890 - Knowledge - INFO - Fast-tracked /app/data/T0015/329083/b8924gk/shopizer-329083/sm-shop/src/main/webapp/resources/js/ckeditor/plugins/a11yhelp/lang/he.js (small file (2289 bytes))
2026-03-04 18:39:22,012 - Knowledge - INFO - Async storing batch of 6 embeddings
2026-03-04 18:39:22,188 - Knowledge - INFO - Fast-tracked /app/data/T0015/329083/b8924gk/shopizer-329083/sm-shop/src/main/webapp/resources/js/ckeditor/plugins/a11yhelp/lang/fa.js (small file (2536 bytes))
2026-03-04 18:39:22,304 - Knowledge - INFO - Worker kw3 processing /app/data/T0015/329083/b8924gk/shopizer-329083/sm-shop/src/main/webapp/resources/js/ckeditor/plugins/a11yhelp/lang/ug.js
2026-03-04 18:39:22,581 - Knowledge - INFO - Fast-tracked /app/data/T0015/329083/b8924gk/shopizer-329083/sm-shop/src/main/webapp/resources/js/ckeditor/plugins/a11yhelp/lang/no.js (small file (2598 bytes))
2026-03-04 18:39:22,678 - Knowledge - INFO - Worker kw6 processing /app/data/T0015/329083/b8924gk/shopizer-329083/sm-shop/src/main/webapp/resources/js/ckeditor/plugins/a11yhelp/lang/cy.js
2026-03-04 18:39:22,760 - Knowledge - INFO - Fast-tracked /app/data/T0015/329083/b8924gk/shopizer-329083/sm-shop/src/main/webapp/resources/js/ckeditor/plugins/a11yhelp/lang/fi.js (small file (2811 bytes))
2026-03-04 18:39:22,828 - Knowledge - INFO - Fast-tracked /app/data/T0015/329083/b8924gk/shopizer-329083/sm-shop/src/main/webapp/resources/js/ckeditor/plugins/a11yhelp/lang/nl.js (small file (2786 bytes))
2026-03-04 18:39:22,904 - Knowledge - INFO - Fast-tracked /app/data/T0015/329083/b8924gk/shopizer-329083/sm-shop/src/main/webapp/resources/js/ckeditor/plugins/a11yhelp/lang/de.js (small file (2750 bytes))
2026-03-04 18:39:22,980 - Knowledge - INFO - Worker kw6 processing /app/data/T0015/329083/b8924gk/shopizer-329083/sm-shop/src/main/webapp/resources/js/ckeditor/plugins/a11yhelp/lang/gu.js
2026-03-04 18:39:23,063 - Knowledge - INFO - Fast-tracked /app/data/T0015/329083/b8924gk/shopizer-329083/sm-shop/src/main/webapp/resources/js/ckeditor/plugins/a11yhelp/lang/vi.js (small file (2423 bytes))
2026-03-04 18:39:23,294 - Knowledge - INFO - Fast-tracked /app/data/T0015/329083/b8924gk/shopizer-329083/sm-shop/src/main/webapp/resources/js/ckeditor/plugins/a11yhelp/lang/ro.js (small file (2415 bytes))
2026-03-04 18:39:23,382 - Knowledge - INFO - Worker kw6 processing /app/data/T0015/329083/b8924gk/shopizer-329083/sm-shop/src/main/webapp/resources/js/ckeditor/plugins/a11yhelp/lang/eo.js
2026-03-04 18:39:23,480 - Knowledge - INFO - Fast-tracked /app/data/T0015/329083/b8924gk/shopizer-329083/sm-shop/src/main/webapp/resources/js/ckeditor/plugins/a11yhelp/lang/en.js (small file (2395 bytes))
2026-03-04 18:39:23,551 - Knowledge - INFO - Fast-tracked /app/data/T0015/329083/b8924gk/shopizer-329083/sm-shop/src/main/webapp/resources/js/ckeditor/plugins/a11yhelp/lang/el.js (small file (2707 bytes))
2026-03-04 18:39:23,624 - Knowledge - INFO - Worker kw6 processing /app/data/T0015/329083/b8924gk/shopizer-329083/sm-shop/src/main/webapp/resources/js/ckeditor/plugins/a11yhelp/dialogs/a11yhelp.js
2026-03-04 18:39:23,741 - Knowledge - INFO - Fast-tracked /app/data/T0015/329083/b8924gk/shopizer-329083/sm-shop/src/main/webapp/resources/js/ckeditor/plugins/a11yhelp/lang/cs.js (small file (2682 bytes))
2026-03-04 18:39:23,800 - Knowledge - INFO - Async storage completed for 6 embeddings
2026-03-04 18:39:23,924 - Knowledge - INFO - Worker kw6 processing /app/data/T0015/329083/b8924gk/shopizer-329083/sm-shop/src/main/webapp/resources/js/ckeditor/plugins/uicolor/lang/pt-br.js
2026-03-04 18:39:24,034 - Knowledge - INFO - Fast-tracked /app/data/T0015/329083/b8924gk/shopizer-329083/sm-shop/src/main/webapp/resources/js/ckeditor/plugins/a11yhelp/lang/tr.js (small file (2681 bytes))
2026-03-04 18:39:24,229 - Knowledge - INFO - Processing batch of 6 files
2026-03-04 18:39:24,259 - Knowledge - INFO - Fast-tracked /app/data/T0015/329083/b8924gk/shopizer-329083/sm-shop/src/main/webapp/resources/js/ckeditor/plugins/uicolor/lang/pt-br.js (ext=.js, size=361)
2026-03-04 18:39:24,358 - Knowledge - INFO - Async storage completed for 6 embeddings
2026-03-04 18:39:24,453 - Knowledge - INFO - process ingested knowledge for /app/data/T0015/329083/b8924gk/shopizer-329083/sm-shop/src/main/webapp/resources/js/ckeditor/plugins/a11yhelp/lang/it.js
2026-03-04 18:39:24,558 - Knowledge - INFO - Worker kw6 processing /app/data/T0015/329083/b8924gk/shopizer-329083/sm-shop/src/main/webapp/resources/js/ckeditor/plugins/uicolor/lang/da.js
2026-03-04 18:39:24,779 - Knowledge - INFO - Processing batch of 6 files
2026-03-04 18:39:24,839 - Knowledge - INFO - process ingested knowledge for /app/data/T0015/329083/b8924gk/shopizer-329083/sm-shop/src/main/webapp/resources/js/ckeditor/plugins/a11yhelp/lang/he.js
2026-03-04 18:39:24,915 - Knowledge - INFO - Fast-tracked /app/data/T0015/329083/b8924gk/shopizer-329083/sm-shop/src/main/webapp/resources/js/ckeditor/plugins/uicolor/lang/da.js (ext=.js, size=364)
2026-03-04 18:39:25,037 - Knowledge - INFO - process ingested knowledge for /app/data/T0015/329083/b8924gk/shopizer-329083/sm-shop/src/main/webapp/resources/js/ckeditor/plugins/a11yhelp/lang/fa.js
2026-03-04 18:39:25,112 - Knowledge - INFO - process ingested knowledge for /app/data/T0015/329083/b8924gk/shopizer-329083/sm-shop/src/main/webapp/resources/js/ckeditor/plugins/a11yhelp/lang/no.js
2026-03-04 18:39:25,198 - Knowledge - INFO - Fast-tracked /app/data/T0015/329083/b8924gk/shopizer-329083/sm-shop/src/main/webapp/resources/js/ckeditor/plugins/a11yhelp/lang/cy.js (small file (2650 bytes))
2026-03-04 18:39:25,299 - Knowledge - INFO - process ingested knowledge for /app/data/T0015/329083/b8924gk/shopizer-329083/sm-shop/src/main/webapp/resources/js/ckeditor/plugins/a11yhelp/lang/fi.js
2026-03-04 18:39:25,404 - Knowledge - INFO - process ingested knowledge for /app/data/T0015/329083/b8924gk/shopizer-329083/sm-shop/src/main/webapp/resources/js/ckeditor/plugins/a11yhelp/lang/de.js
2026-03-04 18:39:25,522 - Knowledge - INFO - Fast-tracked /app/data/T0015/329083/b8924gk/shopizer-329083/sm-shop/src/main/webapp/resources/js/ckeditor/plugins/a11yhelp/lang/gu.js (small file (2367 bytes))
2026-03-04 18:39:25,604 - Knowledge - INFO - process ingested knowledge for /app/data/T0015/329083/b8924gk/shopizer-329083/sm-shop/src/main/webapp/resources/js/ckeditor/plugins/a11yhelp/lang/vi.js
2026-03-04 18:39:25,696 - Knowledge - INFO - process ingested knowledge for /app/data/T0015/329083/b8924gk/shopizer-329083/sm-shop/src/main/webapp/resources/js/ckeditor/plugins/a11yhelp/lang/ro.js
2026-03-04 18:39:25,813 - Knowledge - INFO - Fast-tracked /app/data/T0015/329083/b8924gk/shopizer-329083/sm-shop/src/main/webapp/resources/js/ckeditor/plugins/a11yhelp/lang/eo.js (small file (3039 bytes))
2026-03-04 18:39:25,881 - Knowledge - INFO - process ingested knowledge for /app/data/T0015/329083/b8924gk/shopizer-329083/sm-shop/src/main/webapp/resources/js/ckeditor/plugins/a11yhelp/lang/en.js
2026-03-04 18:39:25,990 - Knowledge - INFO - process ingested knowledge for /app/data/T0015/329083/b8924gk/shopizer-329083/sm-shop/src/main/webapp/resources/js/ckeditor/plugins/a11yhelp/lang/el.js
2026-03-04 18:39:26,112 - Knowledge - INFO - Fast-tracked /app/data/T0015/329083/b8924gk/shopizer-329083/sm-shop/src/main/webapp/resources/js/ckeditor/plugins/a11yhelp/dialogs/a11yhelp.js (small file (2970 bytes))
2026-03-04 18:39:26,181 - Knowledge - INFO - process ingested knowledge for /app/data/T0015/329083/b8924gk/shopizer-329083/sm-shop/src/main/webapp/resources/js/ckeditor/plugins/a11yhelp/lang/cs.js
2026-03-04 18:39:26,329 - Knowledge - INFO - Async storage completed for 6 embeddings
2026-03-04 18:39:26,479 - Knowledge - INFO - process ingested knowledge for /app/data/T0015/329083/b8924gk/shopizer-329083/sm-shop/src/main/webapp/resources/js/ckeditor/plugins/a11yhelp/lang/tr.js
2026-03-04 18:39:26,627 - Knowledge - INFO - Processing batch of 6 files
2026-03-04 18:39:26,796 - Knowledge - INFO - process ingested knowledge for /app/data/T0015/329083/b8924gk/shopizer-329083/sm-shop/src/main/webapp/resources/js/ckeditor/plugins/a11yhelp/lang/cy.js
2026-03-04 18:39:27,079 - Knowledge - INFO - process ingested knowledge for /app/data/T0015/329083/b8924gk/shopizer-329083/sm-shop/src/main/webapp/resources/js/ckeditor/plugins/a11yhelp/lang/gu.js
2026-03-04 18:39:27,162 - Knowledge - INFO - [WEBSOCKET] Sent: Type=progress_update, Size: 292, Duration: 0ms
2026-03-04 18:39:27,282 - Knowledge - INFO - process ingested knowledge for /app/data/T0015/329083/b8924gk/shopizer-329083/sm-shop/src/main/webapp/resources/js/ckeditor/plugins/a11yhelp/lang/eo.js
2026-03-04 18:39:27,360 - Knowledge - INFO - [WEBSOCKET] Sent: Type=unknown, Size: ?, Duration: 198ms
2026-03-04 18:39:27,542 - Knowledge - INFO - process ingested knowledge for /app/data/T0015/329083/b8924gk/shopizer-329083/sm-shop/src/main/webapp/resources/js/ckeditor/plugins/a11yhelp/dialogs/a11yhelp.js
2026-03-04 18:39:27,631 - Knowledge - INFO - Progress: 73.7% | Files: 860/1167 | Rate: 1.63 files/sec | Queue: 205
2026-03-04 18:39:27,631 - Knowledge - INFO - [kw11] Queue=205, InProgress=0, PendingWorkers=20/20, Completed=860/1167 (73.7%)
2026-03-04 18:39:27,725 - Knowledge - INFO - process ingested knowledge for /app/data/T0015/329083/b8924gk/shopizer-329083/sm-shop/src/main/webapp/resources/js/ckeditor/plugins/uicolor/lang/pt-br.js
2026-03-04 18:39:27,819 - Knowledge - INFO - [kw9] Queue=205, InProgress=0, PendingWorkers=20/20, Completed=860/1167 (73.7%)
2026-03-04 18:39:27,935 - Knowledge - INFO - Batch sizing: calculated=6, max_allowed=10, queue=205, active_workers=20/20
2026-03-04 18:39:28,002 - Knowledge - INFO - process ingested knowledge for /app/data/T0015/329083/b8924gk/shopizer-329083/sm-shop/src/main/webapp/resources/js/ckeditor/plugins/uicolor/lang/da.js
2026-03-04 18:39:28,098 - Knowledge - INFO - Batch sizing: calculated=6, max_allowed=10, queue=205, active_workers=20/20
2026-03-04 18:39:28,182 - Knowledge - INFO - Async storing batch of 6 embeddings
2026-03-04 18:39:28,415 - Knowledge - INFO - Async storing batch of 6 embeddings
2026-03-04 18:39:28,532 - Knowledge - INFO - Worker kw11 processing /app/data/T0015/329083/b8924gk/shopizer-329083/sm-shop/src/main/webapp/resources/js/ckeditor/plugins/uicolor/lang/_translationstatus.txt
2026-03-04 18:39:28,622 - Knowledge - INFO - Worker kw9 processing /app/data/T0015/329083/b8924gk/shopizer-329083/sm-shop/src/main/webapp/resources/js/ckeditor/plugins/uicolor/lang/de.js
2026-03-04 18:39:28,651 - Knowledge - INFO - Async storage completed for 6 embeddings
2026-03-04 18:39:28,765 - Knowledge - INFO - Fast-tracked /app/data/T0015/329083/b8924gk/shopizer-329083/sm-shop/src/main/webapp/resources/js/ckeditor/plugins/uicolor/lang/_translationstatus.txt (ext=.txt, size=943)
2026-03-04 18:39:28,916 - Knowledge - INFO - Fast-tracked /app/data/T0015/329083/b8924gk/shopizer-329083/sm-shop/src/main/webapp/resources/js/ckeditor/plugins/uicolor/lang/de.js (ext=.js, size=355)
2026-03-04 18:39:29,121 - Knowledge - INFO - Worker kw11 processing /app/data/T0015/329083/b8924gk/shopizer-329083/sm-shop/src/main/webapp/resources/js/ckeditor/plugins/uicolor/lang/it.js
2026-03-04 18:39:29,198 - Knowledge - INFO - Worker kw9 processing /app/data/T0015/329083/b8924gk/shopizer-329083/sm-shop/src/main/webapp/resources/js/ckeditor/plugins/uicolor/lang/el.js
2026-03-04 18:39:29,281 - Knowledge - INFO - [kw6] Queue=193, InProgress=0, PendingWorkers=20/20, Completed=860/1167 (73.7%)
2026-03-04 18:39:29,314 - Knowledge - INFO - Fast-tracked /app/data/T0015/329083/b8924gk/shopizer-329083/sm-shop/src/main/webapp/resources/js/ckeditor/plugins/uicolor/lang/it.js (ext=.js, size=356)
2026-03-04 18:39:29,394 - Knowledge - INFO - Fast-tracked /app/data/T0015/329083/b8924gk/shopizer-329083/sm-shop/src/main/webapp/resources/js/ckeditor/plugins/uicolor/lang/el.js (ext=.js, size=481)
2026-03-04 18:39:29,462 - Knowledge - INFO - Batch sizing: calculated=5, max_allowed=10, queue=193, active_workers=20/20
2026-03-04 18:39:29,565 - Knowledge - INFO - Worker kw11 processing /app/data/T0015/329083/b8924gk/shopizer-329083/sm-shop/src/main/webapp/resources/js/ckeditor/plugins/uicolor/lang/he.js
2026-03-04 18:39:29,635 - Knowledge - INFO - Worker kw9 processing /app/data/T0015/329083/b8924gk/shopizer-329083/sm-shop/src/main/webapp/resources/js/ckeditor/plugins/uicolor/lang/fa.js
2026-03-04 18:39:29,746 - Knowledge - INFO - Async storing batch of 6 embeddings
2026-03-04 18:39:29,837 - Knowledge - INFO - Fast-tracked /app/data/T0015/329083/b8924gk/shopizer-329083/sm-shop/src/main/webapp/resources/js/ckeditor/plugins/uicolor/lang/he.js (ext=.js, size=421)
2026-03-04 18:39:29,920 - Knowledge - INFO - Fast-tracked /app/data/T0015/329083/b8924gk/shopizer-329083/sm-shop/src/main/webapp/resources/js/ckeditor/plugins/uicolor/lang/fa.js (ext=.js, size=418)
2026-03-04 18:39:30,002 - Knowledge - INFO - Worker kw6 processing /app/data/T0015/329083/b8924gk/shopizer-329083/sm-shop/src/main/webapp/resources/js/ckeditor/plugins/uicolor/lang/cs.js
2026-03-04 18:39:30,125 - Knowledge - INFO - Worker kw11 processing /app/data/T0015/329083/b8924gk/shopizer-329083/sm-shop/src/main/webapp/resources/js/ckeditor/plugins/uicolor/lang/no.js
2026-03-04 18:39:30,238 - Knowledge - INFO - Worker kw9 processing /app/data/T0015/329083/b8924gk/shopizer-329083/sm-shop/src/main/webapp/resources/js/ckeditor/plugins/uicolor/lang/fi.js
2026-03-04 18:39:30,369 - Knowledge - INFO - Fast-tracked /app/data/T0015/329083/b8924gk/shopizer-329083/sm-shop/src/main/webapp/resources/js/ckeditor/plugins/uicolor/lang/cs.js (ext=.js, size=368)
2026-03-04 18:39:30,469 - Knowledge - INFO - Fast-tracked /app/data/T0015/329083/b8924gk/shopizer-329083/sm-shop/src/main/webapp/resources/js/ckeditor/plugins/uicolor/lang/no.js (ext=.js, size=383)
2026-03-04 18:39:30,586 - Knowledge - INFO - Fast-tracked /app/data/T0015/329083/b8924gk/shopizer-329083/sm-shop/src/main/webapp/resources/js/ckeditor/plugins/uicolor/lang/fi.js (ext=.js, size=369)
2026-03-04 18:39:30,710 - Knowledge - INFO - Worker kw6 processing /app/data/T0015/329083/b8924gk/shopizer-329083/sm-shop/src/main/webapp/resources/js/ckeditor/plugins/uicolor/lang/tr.js
2026-03-04 18:39:30,828 - Knowledge - INFO - Worker kw11 processing /app/data/T0015/329083/b8924gk/shopizer-329083/sm-shop/src/main/webapp/resources/js/ckeditor/plugins/uicolor/lang/bg.js
2026-03-04 18:39:31,024 - Knowledge - INFO - Worker kw9 processing /app/data/T0015/329083/b8924gk/shopizer-329083/sm-shop/src/main/webapp/resources/js/ckeditor/plugins/uicolor/lang/vi.js
2026-03-04 18:39:31,122 - Knowledge - INFO - Fast-tracked /app/data/T0015/329083/b8924gk/shopizer-329083/sm-shop/src/main/webapp/resources/js/ckeditor/plugins/uicolor/lang/tr.js (ext=.js, size=378)
2026-03-04 18:39:31,179 - Knowledge - INFO - Async storage completed for 6 embeddings
2026-03-04 18:39:31,218 - Knowledge - INFO - Fast-tracked /app/data/T0015/329083/b8924gk/shopizer-329083/sm-shop/src/main/webapp/resources/js/ckeditor/plugins/uicolor/lang/bg.js (ext=.js, size=417)
2026-03-04 18:39:31,328 - Knowledge - INFO - Fast-tracked /app/data/T0015/329083/b8924gk/shopizer-329083/sm-shop/src/main/webapp/resources/js/ckeditor/plugins/uicolor/lang/vi.js (ext=.js, size=403)
2026-03-04 18:39:31,407 - Knowledge - INFO - Worker kw6 processing /app/data/T0015/329083/b8924gk/shopizer-329083/sm-shop/src/main/webapp/resources/js/ckeditor/plugins/uicolor/lang/nl.js
2026-03-04 18:39:31,563 - Knowledge - INFO - Worker kw11 processing /app/data/T0015/329083/b8924gk/shopizer-329083/sm-shop/src/main/webapp/resources/js/ckeditor/plugins/uicolor/lang/et.js
2026-03-04 18:39:31,652 - Knowledge - INFO - Worker kw9 processing /app/data/T0015/329083/b8924gk/shopizer-329083/sm-shop/src/main/webapp/resources/js/ckeditor/plugins/uicolor/lang/en.js
2026-03-04 18:39:31,722 - Knowledge - INFO - Fast-tracked /app/data/T0015/329083/b8924gk/shopizer-329083/sm-shop/src/main/webapp/resources/js/ckeditor/plugins/uicolor/lang/nl.js (ext=.js, size=353)
2026-03-04 18:39:31,791 - Knowledge - INFO - Fast-tracked /app/data/T0015/329083/b8924gk/shopizer-329083/sm-shop/src/main/webapp/resources/js/ckeditor/plugins/uicolor/lang/et.js (ext=.js, size=365)
2026-03-04 18:39:31,917 - Knowledge - INFO - Fast-tracked /app/data/T0015/329083/b8924gk/shopizer-329083/sm-shop/src/main/webapp/resources/js/ckeditor/plugins/uicolor/lang/en.js (ext=.js, size=343)
2026-03-04 18:39:32,000 - Knowledge - INFO - Worker kw6 processing /app/data/T0015/329083/b8924gk/shopizer-329083/sm-shop/src/main/webapp/resources/js/ckeditor/plugins/uicolor/lang/hr.js
2026-03-04 18:39:32,128 - Knowledge - INFO - Async storage completed for 6 embeddings
2026-03-04 18:39:32,209 - Knowledge - INFO - Async storage completed for 6 embeddings
2026-03-04 18:39:32,319 - Knowledge - INFO - Fast-tracked /app/data/T0015/329083/b8924gk/shopizer-329083/sm-shop/src/main/webapp/resources/js/ckeditor/plugins/uicolor/lang/hr.js (ext=.js, size=358)
2026-03-04 18:39:32,438 - Knowledge - INFO - Processing batch of 6 files
2026-03-04 18:39:32,557 - Knowledge - INFO - Processing batch of 6 files
2026-03-04 18:39:32,582 - Knowledge - INFO - Worker kw6 processing /app/data/T0015/329083/b8924gk/shopizer-329083/sm-shop/src/main/webapp/resources/js/ckeditor/plugins/uicolor/lang/fr.js
2026-03-04 18:39:32,679 - Knowledge - INFO - process ingested knowledge for /app/data/T0015/329083/b8924gk/shopizer-329083/sm-shop/src/main/webapp/resources/js/ckeditor/plugins/uicolor/lang/_translationstatus.txt
2026-03-04 18:39:32,781 - Knowledge - INFO - Async storage completed for 8 embeddings
2026-03-04 18:39:32,811 - Knowledge - INFO - process ingested knowledge for /app/data/T0015/329083/b8924gk/shopizer-329083/sm-shop/src/main/webapp/resources/js/ckeditor/plugins/uicolor/lang/de.js
2026-03-04 18:39:32,922 - Knowledge - INFO - Fast-tracked /app/data/T0015/329083/b8924gk/shopizer-329083/sm-shop/src/main/webapp/resources/js/ckeditor/plugins/uicolor/lang/fr.js (ext=.js, size=382)
2026-03-04 18:39:33,032 - Knowledge - INFO - process ingested knowledge for /app/data/T0015/329083/b8924gk/shopizer-329083/sm-shop/src/main/webapp/resources/js/ckeditor/plugins/uicolor/lang/it.js
2026-03-04 18:39:33,259 - Knowledge - INFO - process ingested knowledge for /app/data/T0015/329083/b8924gk/shopizer-329083/sm-shop/src/main/webapp/resources/js/ckeditor/plugins/uicolor/lang/el.js
2026-03-04 18:39:33,340 - Knowledge - INFO - Async storage completed for 6 embeddings
2026-03-04 18:39:33,447 - Knowledge - INFO - process ingested knowledge for /app/data/T0015/329083/b8924gk/shopizer-329083/sm-shop/src/main/webapp/resources/js/ckeditor/plugins/uicolor/lang/he.js
2026-03-04 18:39:33,576 - Knowledge - INFO - process ingested knowledge for /app/data/T0015/329083/b8924gk/shopizer-329083/sm-shop/src/main/webapp/resources/js/ckeditor/plugins/uicolor/lang/fa.js
2026-03-04 18:39:33,703 - Knowledge - INFO - Processing batch of 5 files
2026-03-04 18:39:33,737 - Knowledge - INFO - process ingested knowledge for /app/data/T0015/329083/b8924gk/shopizer-329083/sm-shop/src/main/webapp/resources/js/ckeditor/plugins/uicolor/lang/no.js
2026-03-04 18:39:33,818 - Knowledge - INFO - process ingested knowledge for /app/data/T0015/329083/b8924gk/shopizer-329083/sm-shop/src/main/webapp/resources/js/ckeditor/plugins/uicolor/lang/fi.js
2026-03-04 18:39:33,904 - Knowledge - INFO - process ingested knowledge for /app/data/T0015/329083/b8924gk/shopizer-329083/sm-shop/src/main/webapp/resources/js/ckeditor/plugins/uicolor/lang/cs.js
2026-03-04 18:39:34,028 - Knowledge - INFO - process ingested knowledge for /app/data/T0015/329083/b8924gk/shopizer-329083/sm-shop/src/main/webapp/resources/js/ckeditor/plugins/uicolor/lang/bg.js
2026-03-04 18:39:34,140 - Knowledge - INFO - process ingested knowledge for /app/data/T0015/329083/b8924gk/shopizer-329083/sm-shop/src/main/webapp/resources/js/ckeditor/plugins/uicolor/lang/vi.js
2026-03-04 18:39:34,186 - Knowledge - INFO - Fast-tracked /app/data/T0015/329083/b8924gk/shopizer-329083/sm-shop/src/main/webapp/resources/js/ckeditor/plugins/iframe/dialogs/iframe.js (small file (2928 bytes))
2026-03-04 18:39:34,219 - Knowledge - INFO - process ingested knowledge for /app/data/T0015/329083/b8924gk/shopizer-329083/sm-shop/src/main/webapp/resources/js/ckeditor/plugins/uicolor/lang/tr.js
2026-03-04 18:39:34,316 - Knowledge - INFO - process ingested knowledge for /app/data/T0015/329083/b8924gk/shopizer-329083/sm-shop/src/main/webapp/resources/js/ckeditor/plugins/uicolor/lang/et.js
2026-03-04 18:39:34,402 - Knowledge - INFO - process ingested knowledge for /app/data/T0015/329083/b8924gk/shopizer-329083/sm-shop/src/main/webapp/resources/js/ckeditor/plugins/uicolor/lang/en.js
2026-03-04 18:39:34,486 - Knowledge - INFO - Async storage completed for 6 embeddings
2026-03-04 18:39:34,611 - Knowledge - INFO - process ingested knowledge for /app/data/T0015/329083/b8924gk/shopizer-329083/sm-shop/src/main/webapp/resources/js/ckeditor/plugins/uicolor/lang/nl.js
2026-03-04 18:39:35,068 - Knowledge - INFO - process ingested knowledge for /app/data/T0015/329083/b8924gk/shopizer-329083/sm-shop/src/main/webapp/resources/js/ckeditor/plugins/uicolor/lang/hr.js
2026-03-04 18:39:35,314 - Knowledge - INFO - process ingested knowledge for /app/data/T0015/329083/b8924gk/shopizer-329083/sm-shop/src/main/webapp/resources/js/ckeditor/plugins/uicolor/lang/fr.js
2026-03-04 18:39:35,963 - Knowledge - INFO - Fast-tracked /app/data/T0015/329083/b8924gk/shopizer-329083/sm-shop/src/main/webapp/resources/js/ckeditor/plugins/a11yhelp/lang/mk.js (small file (2429 bytes))
2026-03-04 18:39:36,189 - Knowledge - INFO - Fast-tracked /app/data/T0015/329083/b8924gk/shopizer-329083/sm-shop/src/main/webapp/resources/js/ckeditor/plugins/a11yhelp/lang/nb.js (small file (2598 bytes))
2026-03-04 18:39:36,487 - Knowledge - INFO - Fast-tracked /app/data/T0015/329083/b8924gk/shopizer-329083/sm-shop/src/main/webapp/resources/js/ckeditor/plugins/a11yhelp/lang/zh-cn.js (small file (1327 bytes))
2026-03-04 18:39:36,645 - Knowledge - INFO - [LLM_CALL] Completed: en-ca.js:chunk1, Duration: 24862ms, PromptTokens: 9486, CompletionTokens: 115, Cost: $0.00099
2026-03-04 18:39:36,676 - Knowledge - INFO - Fast-tracked /app/data/T0015/329083/b8924gk/shopizer-329083/sm-shop/src/main/webapp/resources/js/ckeditor/plugins/a11yhelp/lang/ug.js (small file (2455 bytes))
2026-03-04 18:39:36,714 - Knowledge - INFO - [kw11] Queue=188, InProgress=0, PendingWorkers=20/20, Completed=877/1167 (75.1%)
2026-03-04 18:39:36,800 - Knowledge - INFO - done ingest for /app/data/T0015/329083/b8924gk/shopizer-329083/sm-shop/src/main/webapp/resources/js/ckeditor/lang/en-ca.js
2026-03-04 18:39:36,827 - Knowledge - INFO - [kw9] Queue=188, InProgress=0, PendingWorkers=20/20, Completed=877/1167 (75.1%)
2026-03-04 18:39:36,991 - Knowledge - INFO - Async storage completed for 6 embeddings
2026-03-04 18:39:37,088 - Knowledge - INFO - Batch sizing: calculated=5, max_allowed=10, queue=188, active_workers=20/20
2026-03-04 18:39:37,129 - Knowledge - INFO - [kw6] Queue=188, InProgress=0, PendingWorkers=20/20, Completed=877/1167 (75.1%)
2026-03-04 18:39:37,332 - Knowledge - INFO - Batch sizing: calculated=5, max_allowed=10, queue=188, active_workers=20/20
2026-03-04 18:39:37,392 - Knowledge - INFO - [LLM_CALL] Completed: ca.js:chunk1, Duration: 35123ms, PromptTokens: 12200, CompletionTokens: 140, Cost: $0.00128
2026-03-04 18:39:37,708 - Knowledge - INFO - Batch sizing: calculated=5, max_allowed=10, queue=188, active_workers=20/20
2026-03-04 18:39:37,919 - Knowledge - INFO - done ingest for /app/data/T0015/329083/b8924gk/shopizer-329083/sm-shop/src/main/webapp/resources/js/ckeditor/lang/ca.js
2026-03-04 18:39:37,921 - Knowledge - INFO - Async storing batch of 6 embeddings
2026-03-04 18:39:37,921 - Knowledge - INFO - Async storing batch of 6 embeddings
2026-03-04 18:39:38,000 - Knowledge - INFO - [LLM_CALL] Completed: table.js:chunk1, Duration: 19684ms, PromptTokens: 5804, CompletionTokens: 411, Cost: $0.00074
2026-03-04 18:39:38,295 - Knowledge - INFO - Worker kw11 processing /app/data/T0015/329083/b8924gk/shopizer-329083/sm-shop/src/main/webapp/resources/js/ckeditor/plugins/uicolor/lang/mk.js
2026-03-04 18:39:38,404 - Knowledge - INFO - Worker kw9 processing /app/data/T0015/329083/b8924gk/shopizer-329083/sm-shop/src/main/webapp/resources/js/ckeditor/plugins/uicolor/lang/ug.js
2026-03-04 18:39:38,507 - Knowledge - INFO - done ingest for /app/data/T0015/329083/b8924gk/shopizer-329083/sm-shop/src/main/webapp/resources/js/ckeditor/plugins/table/dialogs/table.js
2026-03-04 18:39:38,507 - Knowledge - INFO - Async storing batch of 5 embeddings
2026-03-04 18:39:38,659 - Knowledge - INFO - Fast-tracked /app/data/T0015/329083/b8924gk/shopizer-329083/sm-shop/src/main/webapp/resources/js/ckeditor/plugins/uicolor/lang/mk.js (ext=.js, size=421)
2026-03-04 18:39:38,752 - Knowledge - INFO - Fast-tracked /app/data/T0015/329083/b8924gk/shopizer-329083/sm-shop/src/main/webapp/resources/js/ckeditor/plugins/uicolor/lang/ug.js (ext=.js, size=474)
2026-03-04 18:39:38,892 - Knowledge - INFO - Processing batch of 6 files
2026-03-04 18:39:38,935 - Knowledge - INFO - Worker kw6 processing /app/data/T0015/329083/b8924gk/shopizer-329083/sm-shop/src/main/webapp/resources/js/ckeditor/plugins/uicolor/yui/yui.js
2026-03-04 18:39:39,050 - Knowledge - INFO - Worker kw11 processing /app/data/T0015/329083/b8924gk/shopizer-329083/sm-shop/src/main/webapp/resources/js/ckeditor/plugins/uicolor/lang/nb.js
2026-03-04 18:39:39,121 - Knowledge - INFO - Worker kw9 processing /app/data/T0015/329083/b8924gk/shopizer-329083/sm-shop/src/main/webapp/resources/js/ckeditor/plugins/uicolor/lang/cy.js
2026-03-04 18:39:39,209 - Knowledge - INFO - process ingested knowledge for /app/data/T0015/329083/b8924gk/shopizer-329083/sm-shop/src/main/webapp/resources/js/ckeditor/plugins/devtools/plugin.js
2026-03-04 18:39:39,354 - Knowledge - INFO - Fast-tracked /app/data/T0015/329083/b8924gk/shopizer-329083/sm-shop/src/main/webapp/resources/js/ckeditor/plugins/uicolor/yui/yui.js (ext=.js, size=117813)
2026-03-04 18:39:39,475 - Knowledge - INFO - Fast-tracked /app/data/T0015/329083/b8924gk/shopizer-329083/sm-shop/src/main/webapp/resources/js/ckeditor/plugins/uicolor/lang/nb.js (ext=.js, size=383)
2026-03-04 18:39:39,569 - Knowledge - INFO - Fast-tracked /app/data/T0015/329083/b8924gk/shopizer-329083/sm-shop/src/main/webapp/resources/js/ckeditor/plugins/uicolor/lang/cy.js (ext=.js, size=359)
2026-03-04 18:39:39,682 - Knowledge - INFO - process ingested knowledge for /app/data/T0015/329083/b8924gk/shopizer-329083/sm-shop/src/main/webapp/resources/js/ckeditor/plugins/dialog/dialogDefinition.js
2026-03-04 18:39:39,797 - Knowledge - INFO - Worker kw6 processing /app/data/T0015/329083/b8924gk/shopizer-329083/sm-shop/src/main/webapp/resources/js/ckeditor/plugins/uicolor/yui/assets/yui.css
2026-03-04 18:39:39,910 - Knowledge - INFO - Worker kw11 processing /app/data/T0015/329083/b8924gk/shopizer-329083/sm-shop/src/main/webapp/resources/js/ckeditor/plugins/uicolor/lang/zh-cn.js
2026-03-04 18:39:39,990 - Knowledge - INFO - Worker kw9 processing /app/data/T0015/329083/b8924gk/shopizer-329083/sm-shop/src/main/webapp/resources/js/ckeditor/plugins/uicolor/lang/eo.js
2026-03-04 18:39:40,108 - Knowledge - INFO - process ingested knowledge for /app/data/T0015/329083/b8924gk/shopizer-329083/sm-shop/src/main/webapp/resources/js/ckeditor/plugins/autogrow/plugin.js
2026-03-04 18:39:40,239 - Knowledge - INFO - Fast-tracked /app/data/T0015/329083/b8924gk/shopizer-329083/sm-shop/src/main/webapp/resources/js/ckeditor/plugins/uicolor/yui/assets/yui.css (ext=.css, size=2921)
2026-03-04 18:39:40,351 - Knowledge - INFO - Fast-tracked /app/data/T0015/329083/b8924gk/shopizer-329083/sm-shop/src/main/webapp/resources/js/ckeditor/plugins/uicolor/lang/zh-cn.js (ext=.js, size=357)
2026-03-04 18:39:40,483 - Knowledge - INFO - Fast-tracked /app/data/T0015/329083/b8924gk/shopizer-329083/sm-shop/src/main/webapp/resources/js/ckeditor/plugins/uicolor/lang/eo.js (ext=.js, size=359)
2026-03-04 18:39:40,557 - Knowledge - INFO - process ingested knowledge for /app/data/T0015/329083/b8924gk/shopizer-329083/sm-shop/src/main/webapp/resources/js/ckeditor/plugins/table/dialogs/table.js
2026-03-04 18:39:40,629 - Knowledge - INFO - [LLM_CALL] Completed: fr.js:chunk1, Duration: 17447ms, PromptTokens: 2632, CompletionTokens: 156, Cost: $0.00033
2026-03-04 18:39:40,717 - Knowledge - INFO - Worker kw6 processing /app/data/T0015/329083/b8924gk/shopizer-329083/sm-shop/src/main/webapp/resources/js/ckeditor/plugins/liststyle/dialogs/liststyle.js
2026-03-04 18:39:40,793 - Knowledge - INFO - Worker kw11 processing /app/data/T0015/329083/b8924gk/shopizer-329083/sm-shop/src/main/webapp/resources/js/ckeditor/plugins/uicolor/lang/uk.js
2026-03-04 18:39:40,922 - Knowledge - INFO - Worker kw9 processing /app/data/T0015/329083/b8924gk/shopizer-329083/sm-shop/src/main/webapp/resources/js/ckeditor/plugins/uicolor/plugin.js
2026-03-04 18:39:41,097 - Knowledge - INFO - process ingested knowledge for /app/data/T0015/329083/b8924gk/shopizer-329083/sm-shop/src/main/webapp/resources/js/ckeditor/plugins/ajax/plugin.js
2026-03-04 18:39:41,202 - Knowledge - INFO - Async storage completed for 6 embeddings
2026-03-04 18:39:41,208 - Knowledge - INFO - done ingest for /app/data/T0015/329083/b8924gk/shopizer-329083/sm-shop/src/main/webapp/resources/js/ckeditor/plugins/a11yhelp/lang/fr.js
2026-03-04 18:39:41,208 - Knowledge - INFO - [LLM_CALL] Completed: sr.js:chunk1, Duration: 39717ms, PromptTokens: 11372, CompletionTokens: 146, Cost: $0.00120
2026-03-04 18:39:41,327 - Knowledge - INFO - Worker kw6 processing /app/data/T0015/329083/b8924gk/shopizer-329083/sm-shop/src/main/webapp/resources/js/ckeditor/plugins/wsc/dialogs/wsc.js
2026-03-04 18:39:41,394 - Knowledge - INFO - Fast-tracked /app/data/T0015/329083/b8924gk/shopizer-329083/sm-shop/src/main/webapp/resources/js/ckeditor/plugins/uicolor/lang/uk.js (ext=.js, size=417)
2026-03-04 18:39:41,477 - Knowledge - INFO - Fast-tracked /app/data/T0015/329083/b8924gk/shopizer-329083/sm-shop/src/main/webapp/resources/js/ckeditor/plugins/uicolor/plugin.js (ext=.js, size=801)
2026-03-04 18:39:41,592 - Knowledge - INFO - process ingested knowledge for /app/data/T0015/329083/b8924gk/shopizer-329083/sm-shop/src/main/webapp/resources/js/ckeditor/plugins/scayt/dialogs/toolbar.css
2026-03-04 18:39:41,940 - Knowledge - INFO - done ingest for /app/data/T0015/329083/b8924gk/shopizer-329083/sm-shop/src/main/webapp/resources/js/ckeditor/lang/sr.js
2026-03-04 18:39:42,015 - Knowledge - INFO - Processing batch of 6 files
2026-03-04 18:39:42,036 - Knowledge - INFO - Worker kw6 processing /app/data/T0015/329083/b8924gk/shopizer-329083/sm-shop/src/main/webapp/resources/js/ckeditor/plugins/wsc/dialogs/wsc.css
2026-03-04 18:39:42,100 - Knowledge - INFO - Worker kw11 processing /app/data/T0015/329083/b8924gk/shopizer-329083/sm-shop/src/main/webapp/resources/js/ckeditor/plugins/uicolor/lang/pl.js
2026-03-04 18:39:42,218 - Knowledge - INFO - Worker kw9 processing /app/data/T0015/329083/b8924gk/shopizer-329083/sm-shop/src/main/webapp/resources/js/ckeditor/plugins/uicolor/dialogs/uicolor.js
2026-03-04 18:39:42,284 - Knowledge - INFO - [LLM_CALL] Completed: options.js:chunk1, Duration: 19797ms, PromptTokens: 6502, CompletionTokens: 363, Cost: $0.00080
2026-03-04 18:39:42,501 - Knowledge - INFO - process ingested knowledge for /app/data/T0015/329083/b8924gk/shopizer-329083/sm-shop/src/main/webapp/resources/js/ckeditor/plugins/a11yhelp/lang/nl.js
2026-03-04 18:39:42,638 - Knowledge - INFO - Fast-tracked /app/data/T0015/329083/b8924gk/shopizer-329083/sm-shop/src/main/webapp/resources/js/ckeditor/plugins/wsc/dialogs/wsc.css (ext=.css, size=1004)
2026-03-04 18:39:42,730 - Knowledge - INFO - Fast-tracked /app/data/T0015/329083/b8924gk/shopizer-329083/sm-shop/src/main/webapp/resources/js/ckeditor/plugins/uicolor/lang/pl.js (ext=.js, size=378)
2026-03-04 18:39:42,832 - Knowledge - INFO - Fast-tracked /app/data/T0015/329083/b8924gk/shopizer-329083/sm-shop/src/main/webapp/resources/js/ckeditor/plugins/uicolor/dialogs/uicolor.js (small file (2938 bytes))
2026-03-04 18:39:42,879 - Knowledge - INFO - done ingest for /app/data/T0015/329083/b8924gk/shopizer-329083/sm-shop/src/main/webapp/resources/js/ckeditor/plugins/scayt/dialogs/options.js
2026-03-04 18:39:42,880 - Knowledge - INFO - [LLM_CALL] Completed: fo.js:chunk1, Duration: 53892ms, PromptTokens: 12578, CompletionTokens: 147, Cost: $0.00132
2026-03-04 18:39:43,072 - Knowledge - INFO - process ingested knowledge for /app/data/T0015/329083/b8924gk/shopizer-329083/sm-shop/src/main/webapp/resources/js/ckeditor/plugins/a11yhelp/lang/fr.js
2026-03-04 18:39:43,084 - Knowledge - INFO - Fast-tracked /app/data/T0015/329083/b8924gk/shopizer-329083/sm-shop/src/main/webapp/resources/js/ckeditor/plugins/liststyle/dialogs/liststyle.js (small file (3004 bytes))
2026-03-04 18:39:43,165 - Knowledge - INFO - Async storage completed for 6 embeddings
2026-03-04 18:39:43,250 - Knowledge - INFO - Async storage completed for 6 embeddings
2026-03-04 18:39:43,446 - Knowledge - INFO - done ingest for /app/data/T0015/329083/b8924gk/shopizer-329083/sm-shop/src/main/webapp/resources/js/ckeditor/lang/fo.js
2026-03-04 18:39:43,474 - Knowledge - INFO - [WEBSOCKET] Sent: Type=progress_update, Size: 293, Duration: 0ms
2026-03-04 18:39:43,578 - Knowledge - INFO - process ingested knowledge for /app/data/T0015/329083/b8924gk/shopizer-329083/sm-shop/src/main/webapp/resources/js/ckeditor/plugins/a11yhelp/lang/mk.js
2026-03-04 18:39:43,621 - Knowledge - INFO - Async storage completed for 8 embeddings
2026-03-04 18:39:43,906 - Knowledge - INFO - Async storage completed for 6 embeddings
2026-03-04 18:39:44,143 - Knowledge - INFO - [WEBSOCKET] Sent: Type=unknown, Size: ?, Duration: 669ms
2026-03-04 18:39:44,205 - Knowledge - INFO - process ingested knowledge for /app/data/T0015/329083/b8924gk/shopizer-329083/sm-shop/src/main/webapp/resources/js/ckeditor/plugins/a11yhelp/lang/nb.js
2026-03-04 18:39:44,526 - Knowledge - INFO - Progress: 76.3% | Files: 893/1167 | Rate: 1.64 files/sec | Queue: 173
2026-03-04 18:39:44,528 - Knowledge - INFO - [LLM_CALL] Completed: it.js:chunk1, Duration: 33527ms, PromptTokens: 11850, CompletionTokens: 135, Cost: $0.00124
2026-03-04 18:39:44,623 - Knowledge - INFO - process ingested knowledge for /app/data/T0015/329083/b8924gk/shopizer-329083/sm-shop/src/main/webapp/resources/js/ckeditor/plugins/a11yhelp/lang/zh-cn.js
2026-03-04 18:39:44,718 - Knowledge - INFO - [kw13] Queue=173, InProgress=0, PendingWorkers=20/20, Completed=893/1167 (76.5%)
2026-03-04 18:39:44,827 - Knowledge - INFO - done ingest for /app/data/T0015/329083/b8924gk/shopizer-329083/sm-shop/src/main/webapp/resources/js/ckeditor/lang/it.js
2026-03-04 18:39:44,892 - Knowledge - INFO - Processing batch of 6 files
2026-03-04 18:39:44,898 - Knowledge - INFO - Processing batch of 5 files
2026-03-04 18:39:44,898 - Knowledge - INFO - Processing batch of 5 files
2026-03-04 18:39:44,909 - Knowledge - INFO - process ingested knowledge for /app/data/T0015/329083/b8924gk/shopizer-329083/sm-shop/src/main/webapp/resources/js/ckeditor/plugins/a11yhelp/lang/ug.js
2026-03-04 18:39:44,981 - Knowledge - INFO - Batch sizing: calculated=5, max_allowed=10, queue=173, active_workers=20/20
2026-03-04 18:39:45,260 - Knowledge - INFO - process ingested knowledge for /app/data/T0015/329083/b8924gk/shopizer-329083/sm-shop/src/main/webapp/resources/js/ckeditor/plugins/scayt/dialogs/options.js
2026-03-04 18:39:45,317 - Knowledge - INFO - [LLM_CALL] Completed: bs.js:chunk1, Duration: 50367ms, PromptTokens: 10152, CompletionTokens: 144, Cost: $0.00107
2026-03-04 18:39:45,382 - Knowledge - INFO - process ingested knowledge for /app/data/T0015/329083/b8924gk/shopizer-329083/sm-shop/src/main/webapp/resources/js/ckeditor/plugins/uicolor/lang/ug.js
2026-03-04 18:39:45,528 - Knowledge - INFO - process ingested knowledge for /app/data/T0015/329083/b8924gk/shopizer-329083/sm-shop/src/main/webapp/resources/js/ckeditor/plugins/uicolor/lang/mk.js
2026-03-04 18:39:45,827 - Knowledge - INFO - process ingested knowledge for /app/data/T0015/329083/b8924gk/shopizer-329083/sm-shop/src/main/webapp/resources/js/ckeditor/plugins/iframedialog/plugin.js
2026-03-04 18:39:45,924 - Knowledge - INFO - done ingest for /app/data/T0015/329083/b8924gk/shopizer-329083/sm-shop/src/main/webapp/resources/js/ckeditor/lang/bs.js
2026-03-04 18:39:45,925 - Knowledge - INFO - Async storing batch of 6 embeddings
2026-03-04 18:39:46,008 - Knowledge - INFO - process ingested knowledge for /app/data/T0015/329083/b8924gk/shopizer-329083/sm-shop/src/main/webapp/resources/js/ckeditor/plugins/uicolor/lang/cy.js
2026-03-04 18:39:46,073 - Knowledge - INFO - process ingested knowledge for /app/data/T0015/329083/b8924gk/shopizer-329083/sm-shop/src/main/webapp/resources/js/ckeditor/plugins/uicolor/lang/nb.js
2026-03-04 18:39:46,378 - Knowledge - INFO - Worker kw13 processing /app/data/T0015/329083/b8924gk/shopizer-329083/sm-shop/src/main/webapp/resources/js/ckeditor/plugins/wsc/dialogs/ciframe.html
2026-03-04 18:39:46,457 - Knowledge - INFO - [LLM_CALL] Completed: he.js:chunk1, Duration: 26182ms, PromptTokens: 12590, CompletionTokens: 137, Cost: $0.00131
2026-03-04 18:39:46,596 - Knowledge - INFO - process ingested knowledge for /app/data/T0015/329083/b8924gk/shopizer-329083/sm-shop/src/main/webapp/resources/js/ckeditor/plugins/iframe/dialogs/iframe.js
2026-03-04 18:39:46,625 - Knowledge - INFO - process ingested knowledge for /app/data/T0015/329083/b8924gk/shopizer-329083/sm-shop/src/main/webapp/resources/js/ckeditor/plugins/uicolor/lang/eo.js
2026-03-04 18:39:46,838 - Knowledge - INFO - Fast-tracked /app/data/T0015/329083/b8924gk/shopizer-329083/sm-shop/src/main/webapp/resources/js/ckeditor/plugins/wsc/dialogs/ciframe.html (ext=.html, size=1120)
2026-03-04 18:39:46,935 - Knowledge - INFO - process ingested knowledge for /app/data/T0015/329083/b8924gk/shopizer-329083/sm-shop/src/main/webapp/resources/js/ckeditor/plugins/uicolor/lang/zh-cn.js
2026-03-04 18:39:46,965 - Knowledge - INFO - done ingest for /app/data/T0015/329083/b8924gk/shopizer-329083/sm-shop/src/main/webapp/resources/js/ckeditor/lang/he.js
2026-03-04 18:39:47,268 - Knowledge - INFO - process ingested knowledge for /app/data/T0015/329083/b8924gk/shopizer-329083/sm-shop/src/main/webapp/resources/js/ckeditor/plugins/styles/styles/default.js
2026-03-04 18:39:47,268 - Knowledge - INFO - process ingested knowledge for /app/data/T0015/329083/b8924gk/shopizer-329083/sm-shop/src/main/webapp/resources/js/ckeditor/plugins/uicolor/plugin.js
2026-03-04 18:39:47,282 - Knowledge - INFO - Worker kw13 processing /app/data/T0015/329083/b8924gk/shopizer-329083/sm-shop/src/main/webapp/resources/js/ckeditor/plugins/wsc/dialogs/tmpFrameset.html
2026-03-04 18:39:47,379 - Knowledge - INFO - process ingested knowledge for /app/data/T0015/329083/b8924gk/shopizer-329083/sm-shop/src/main/webapp/resources/js/ckeditor/plugins/uicolor/lang/uk.js
2026-03-04 18:39:47,601 - Knowledge - INFO - process ingested knowledge for /app/data/T0015/329083/b8924gk/shopizer-329083/sm-shop/src/main/webapp/resources/js/ckeditor/plugins/pastetext/dialogs/pastetext.js
2026-03-04 18:39:47,667 - Knowledge - INFO - Processing batch of 6 files
2026-03-04 18:39:47,677 - Knowledge - INFO - [kw3] Queue=168, InProgress=0, PendingWorkers=20/20, Completed=911/1167 (78.1%)
2026-03-04 18:39:47,680 - Knowledge - INFO - process ingested knowledge for /app/data/T0015/329083/b8924gk/shopizer-329083/sm-shop/src/main/webapp/resources/js/ckeditor/plugins/uicolor/dialogs/uicolor.js
2026-03-04 18:39:47,932 - Knowledge - INFO - Fast-tracked /app/data/T0015/329083/b8924gk/shopizer-329083/sm-shop/src/main/webapp/resources/js/ckeditor/plugins/wsc/dialogs/tmpFrameset.html (ext=.html, size=1935)
2026-03-04 18:39:47,998 - Knowledge - INFO - process ingested knowledge for /app/data/T0015/329083/b8924gk/shopizer-329083/sm-shop/src/main/webapp/resources/js/ckeditor/plugins/uicolor/lang/pl.js
2026-03-04 18:39:48,163 - Knowledge - INFO - process ingested knowledge for /app/data/T0015/329083/b8924gk/shopizer-329083/sm-shop/src/main/webapp/resources/js/ckeditor/plugins/preview/preview.html
2026-03-04 18:39:48,180 - Knowledge - INFO - [LLM_CALL] Completed: nl.js:chunk1, Duration: 14578ms, PromptTokens: 11168, CompletionTokens: 123, Cost: $0.00117
2026-03-04 18:39:48,254 - Knowledge - INFO - process ingested knowledge for /app/data/T0015/329083/b8924gk/shopizer-329083/sm-shop/src/main/webapp/resources/js/ckeditor/lang/_translationstatus.txt
2026-03-04 18:39:48,369 - Knowledge - INFO - Batch sizing: calculated=5, max_allowed=10, queue=168, active_workers=20/20
2026-03-04 18:39:48,531 - Knowledge - INFO - Worker kw13 processing /app/data/T0015/329083/b8924gk/shopizer-329083/sm-shop/src/main/webapp/resources/js/ckeditor/plugins/pastefromword/filter/default.js
2026-03-04 18:39:48,810 - Knowledge - INFO - done ingest for /app/data/T0015/329083/b8924gk/shopizer-329083/sm-shop/src/main/webapp/resources/js/ckeditor/lang/nl.js
2026-03-04 18:39:48,847 - Knowledge - INFO - Fast-tracked /app/data/T0015/329083/b8924gk/shopizer-329083/sm-shop/src/main/webapp/resources/js/ckeditor/plugins/a11yhelp/lang/pt-br.js (small file (2720 bytes))
2026-03-04 18:39:49,115 - Knowledge - INFO - process ingested knowledge for /app/data/T0015/329083/b8924gk/shopizer-329083/sm-shop/src/main/webapp/resources/js/ckeditor/lang/fo.js
2026-03-04 18:39:49,115 - Knowledge - INFO - Async storing batch of 6 embeddings
2026-03-04 18:39:49,123 - Knowledge - INFO - Worker kw13 processing /app/data/T0015/329083/b8924gk/shopizer-329083/sm-shop/src/main/webapp/resources/js/ckeditor/plugins/placeholder/lang/pt-br.js
2026-03-04 18:39:49,307 - Knowledge - INFO - Fast-tracked /app/data/T0015/329083/b8924gk/shopizer-329083/sm-shop/src/main/webapp/resources/js/ckeditor/plugins/a11yhelp/lang/da.js (small file (2405 bytes))
2026-03-04 18:39:49,501 - Knowledge - INFO - Worker kw3 processing /app/data/T0015/329083/b8924gk/shopizer-329083/sm-shop/src/main/webapp/resources/js/ckeditor/plugins/placeholder/lang/_translationstatus.txt
2026-03-04 18:39:49,589 - Knowledge - INFO - process ingested knowledge for /app/data/T0015/329083/b8924gk/shopizer-329083/sm-shop/src/main/webapp/resources/js/ckeditor/lang/bs.js
2026-03-04 18:39:49,590 - Knowledge - INFO - Fast-tracked /app/data/T0015/329083/b8924gk/shopizer-329083/sm-shop/src/main/webapp/resources/js/ckeditor/plugins/placeholder/lang/pt-br.js (ext=.js, size=415)
2026-03-04 18:39:49,686 - Knowledge - INFO - Async storage completed for 6 embeddings
2026-03-04 18:39:49,779 - Knowledge - INFO - Fast-tracked /app/data/T0015/329083/b8924gk/shopizer-329083/sm-shop/src/main/webapp/resources/js/ckeditor/plugins/placeholder/lang/_translationstatus.txt (ext=.txt, size=911)
2026-03-04 18:39:49,857 - Knowledge - WARNING - Timeout processing /app/data/T0015/329083/b8924gk/shopizer-329083/sm-shop/src/main/webapp/resources/js/bootstrap/bootstrap-typeahead.js after 90s - using fallback metadata
2026-03-04 18:39:50,040 - Knowledge - INFO - Worker kw13 processing /app/data/T0015/329083/b8924gk/shopizer-329083/sm-shop/src/main/webapp/resources/js/ckeditor/plugins/placeholder/lang/da.js
2026-03-04 18:39:50,231 - Knowledge - INFO - [LLM_CALL] Completed: id.js:chunk1, Duration: 49138ms, PromptTokens: 9482, CompletionTokens: 142, Cost: $0.00101
2026-03-04 18:39:50,339 - Knowledge - INFO - Worker kw3 processing /app/data/T0015/329083/b8924gk/shopizer-329083/sm-shop/src/main/webapp/resources/js/ckeditor/plugins/placeholder/lang/it.js
2026-03-04 18:39:50,505 - Knowledge - INFO - process ingested knowledge for /app/data/T0015/329083/b8924gk/shopizer-329083/sm-shop/src/main/webapp/resources/js/ckeditor/lang/sr.js
2026-03-04 18:39:50,570 - Knowledge - INFO - Fast-tracked /app/data/T0015/329083/b8924gk/shopizer-329083/sm-shop/src/main/webapp/resources/js/ckeditor/plugins/placeholder/lang/da.js (ext=.js, size=384)
2026-03-04 18:39:50,680 - Knowledge - INFO - done ingest for /app/data/T0015/329083/b8924gk/shopizer-329083/sm-shop/src/main/webapp/resources/js/ckeditor/lang/id.js
2026-03-04 18:39:50,828 - Knowledge - INFO - Fast-tracked /app/data/T0015/329083/b8924gk/shopizer-329083/sm-shop/src/main/webapp/resources/js/ckeditor/plugins/placeholder/lang/it.js (ext=.js, size=378)
2026-03-04 18:39:51,136 - Knowledge - INFO - [LLM_CALL] Completed: paste.js:chunk1, Duration: 31047ms, PromptTokens: 2724, CompletionTokens: 744, Cost: $0.00057
2026-03-04 18:39:51,232 - Knowledge - INFO - Worker kw3 processing /app/data/T0015/329083/b8924gk/shopizer-329083/sm-shop/src/main/webapp/resources/js/ckeditor/plugins/placeholder/lang/he.js
2026-03-04 18:39:51,464 - Knowledge - INFO - process ingested knowledge for /app/data/T0015/329083/b8924gk/shopizer-329083/sm-shop/src/main/webapp/resources/js/ckeditor/lang/it.js
2026-03-04 18:39:51,464 - Knowledge - INFO - [kw9] Queue=163, InProgress=0, PendingWorkers=20/20, Completed=913/1167 (78.2%)
2026-03-04 18:39:51,479 - Knowledge - INFO - done ingest for /app/data/T0015/329083/b8924gk/shopizer-329083/sm-shop/src/main/webapp/resources/js/ckeditor/plugins/clipboard/dialogs/paste.js
2026-03-04 18:39:51,479 - Knowledge - INFO - [LLM_CALL] Completed: de.js:chunk1, Duration: 22988ms, PromptTokens: 11316, CompletionTokens: 142, Cost: $0.00119
2026-03-04 18:39:51,608 - Knowledge - INFO - Fast-tracked /app/data/T0015/329083/b8924gk/shopizer-329083/sm-shop/src/main/webapp/resources/js/ckeditor/plugins/placeholder/lang/he.js (ext=.js, size=427)
2026-03-04 18:39:51,763 - Knowledge - INFO - process ingested knowledge for /app/data/T0015/329083/b8924gk/shopizer-329083/sm-shop/src/main/webapp/resources/js/ckeditor/lang/he.js
2026-03-04 18:39:51,798 - Knowledge - INFO - Batch sizing: calculated=5, max_allowed=10, queue=163, active_workers=20/20
2026-03-04 18:39:52,109 - Knowledge - INFO - done ingest for /app/data/T0015/329083/b8924gk/shopizer-329083/sm-shop/src/main/webapp/resources/js/ckeditor/lang/de.js
2026-03-04 18:39:52,110 - Knowledge - INFO - [LLM_CALL] Completed: el.js:chunk1, Duration: 17749ms, PromptTokens: 13624, CompletionTokens: 131, Cost: $0.00141
2026-03-04 18:39:52,153 - Knowledge - INFO - Async storage completed for 5 embeddings
2026-03-04 18:39:52,217 - Knowledge - INFO - Worker kw3 processing /app/data/T0015/329083/b8924gk/shopizer-329083/sm-shop/src/main/webapp/resources/js/ckeditor/plugins/placeholder/lang/no.js
2026-03-04 18:39:52,540 - Knowledge - INFO - Async storage completed for 6 embeddings
2026-03-04 18:39:52,671 - Knowledge - INFO - done ingest for /app/data/T0015/329083/b8924gk/shopizer-329083/sm-shop/src/main/webapp/resources/js/ckeditor/lang/el.js
2026-03-04 18:39:52,982 - Knowledge - INFO - Async storing batch of 5 embeddings
2026-03-04 18:39:52,985 - Knowledge - INFO - [kw14] Queue=158, InProgress=0, PendingWorkers=20/20, Completed=915/1167 (78.4%)
2026-03-04 18:39:52,994 - Knowledge - INFO - [LLM_CALL] Completed: tr.js:chunk1, Duration: 49976ms, PromptTokens: 12532, CompletionTokens: 138, Cost: $0.00131
2026-03-04 18:39:53,087 - Knowledge - INFO - Fast-tracked /app/data/T0015/329083/b8924gk/shopizer-329083/sm-shop/src/main/webapp/resources/js/ckeditor/plugins/placeholder/lang/no.js (ext=.js, size=387)
2026-03-04 18:39:53,531 - Knowledge - INFO - Worker kw9 processing /app/data/T0015/329083/b8924gk/shopizer-329083/sm-shop/src/main/webapp/resources/js/ckeditor/plugins/placeholder/lang/et.js
2026-03-04 18:39:53,618 - Knowledge - INFO - Batch sizing: calculated=5, max_allowed=10, queue=158, active_workers=20/20
2026-03-04 18:39:53,699 - Knowledge - INFO - done ingest for /app/data/T0015/329083/b8924gk/shopizer-329083/sm-shop/src/main/webapp/resources/js/ckeditor/lang/tr.js
2026-03-04 18:39:53,700 - Knowledge - INFO - [WEBSOCKET] Sent: Type=progress_update, Size: 291, Duration: 726ms
2026-03-04 18:39:53,780 - Knowledge - INFO - Worker kw3 processing /app/data/T0015/329083/b8924gk/shopizer-329083/sm-shop/src/main/webapp/resources/js/ckeditor/plugins/placeholder/lang/bg.js
2026-03-04 18:39:53,879 - Knowledge - INFO - Fast-tracked /app/data/T0015/329083/b8924gk/shopizer-329083/sm-shop/src/main/webapp/resources/js/ckeditor/plugins/placeholder/lang/et.js (ext=.js, size=373)
2026-03-04 18:39:54,210 - Knowledge - INFO - Async storage completed for 6 embeddings
2026-03-04 18:39:54,222 - Knowledge - INFO - [LLM_CALL] Completed: bg.js:chunk1, Duration: 45141ms, PromptTokens: 11860, CompletionTokens: 133, Cost: $0.00124
2026-03-04 18:39:54,305 - Knowledge - INFO - Fast-tracked /app/data/T0015/329083/b8924gk/shopizer-329083/sm-shop/src/main/webapp/resources/js/ckeditor/plugins/placeholder/lang/bg.js (ext=.js, size=476)
2026-03-04 18:39:54,400 - Knowledge - INFO - Worker kw9 processing /app/data/T0015/329083/b8924gk/shopizer-329083/sm-shop/src/main/webapp/resources/js/ckeditor/plugins/placeholder/lang/de.js
2026-03-04 18:39:54,569 - Knowledge - INFO - done ingest for /app/data/T0015/329083/b8924gk/shopizer-329083/sm-shop/src/main/webapp/resources/js/ckeditor/lang/bg.js
2026-03-04 18:39:54,569 - Knowledge - INFO - Async storing batch of 6 embeddings
2026-03-04 18:39:54,570 - Knowledge - INFO - [kw17] Queue=153, InProgress=0, PendingWorkers=20/20, Completed=917/1167 (78.6%)
2026-03-04 18:39:54,571 - Knowledge - INFO - [LLM_CALL] Completed: cs.js:chunk1, Duration: 59666ms, PromptTokens: 13276, CompletionTokens: 134, Cost: $0.00138
2026-03-04 18:39:54,663 - Knowledge - INFO - Async storage completed for 6 embeddings
2026-03-04 18:39:54,740 - Knowledge - INFO - Fast-tracked /app/data/T0015/329083/b8924gk/shopizer-329083/sm-shop/src/main/webapp/resources/js/ckeditor/plugins/placeholder/lang/de.js (ext=.js, size=395)
2026-03-04 18:39:54,985 - Knowledge - INFO - Worker kw14 processing /app/data/T0015/329083/b8924gk/shopizer-329083/sm-shop/src/main/webapp/resources/js/ckeditor/plugins/placeholder/lang/vi.js
2026-03-04 18:39:55,099 - Knowledge - INFO - Batch sizing: calculated=5, max_allowed=10, queue=153, active_workers=20/20
2026-03-04 18:39:55,225 - Knowledge - INFO - done ingest for /app/data/T0015/329083/b8924gk/shopizer-329083/sm-shop/src/main/webapp/resources/js/ckeditor/lang/cs.js
2026-03-04 18:39:55,226 - Knowledge - INFO - [LLM_CALL] Completed: fr-ca.js:chunk1, Duration: 66174ms, PromptTokens: 10502, CompletionTokens: 147, Cost: $0.00111
2026-03-04 18:39:55,385 - Knowledge - INFO - Worker kw9 processing /app/data/T0015/329083/b8924gk/shopizer-329083/sm-shop/src/main/webapp/resources/js/ckeditor/plugins/placeholder/lang/el.js
2026-03-04 18:39:55,510 - Knowledge - INFO - Fast-tracked /app/data/T0015/329083/b8924gk/shopizer-329083/sm-shop/src/main/webapp/resources/js/ckeditor/plugins/placeholder/lang/vi.js (ext=.js, size=383)
2026-03-04 18:39:55,574 - Knowledge - INFO - Async storage completed for 6 embeddings
2026-03-04 18:39:55,832 - Knowledge - INFO - done ingest for /app/data/T0015/329083/b8924gk/shopizer-329083/sm-shop/src/main/webapp/resources/js/ckeditor/lang/fr-ca.js
2026-03-04 18:39:55,851 - Knowledge - INFO - [WEBSOCKET] Sent: Type=unknown, Size: ?, Duration: 2877ms
2026-03-04 18:39:55,906 - Knowledge - INFO - Fast-tracked /app/data/T0015/329083/b8924gk/shopizer-329083/sm-shop/src/main/webapp/resources/js/ckeditor/plugins/placeholder/lang/el.js (ext=.js, size=584)
2026-03-04 18:39:56,015 - Knowledge - INFO - Worker kw14 processing /app/data/T0015/329083/b8924gk/shopizer-329083/sm-shop/src/main/webapp/resources/js/ckeditor/plugins/placeholder/lang/en.js
2026-03-04 18:39:56,440 - Knowledge - INFO - Progress: 78.4% | Files: 920/1167 | Rate: 1.67 files/sec | Queue: 148
2026-03-04 18:39:56,452 - Knowledge - INFO - [LLM_CALL] Completed: hu.js:chunk1, Duration: 61546ms, PromptTokens: 13788, CompletionTokens: 140, Cost: $0.00143
2026-03-04 18:39:56,588 - Knowledge - INFO - Worker kw9 processing /app/data/T0015/329083/b8924gk/shopizer-329083/sm-shop/src/main/webapp/resources/js/ckeditor/plugins/placeholder/lang/fa.js
2026-03-04 18:39:56,718 - Knowledge - INFO - Fast-tracked /app/data/T0015/329083/b8924gk/shopizer-329083/sm-shop/src/main/webapp/resources/js/ckeditor/plugins/placeholder/lang/en.js (ext=.js, size=374)
2026-03-04 18:39:56,785 - Knowledge - INFO - [kw11] Queue=148, InProgress=0, PendingWorkers=20/20, Completed=920/1167 (78.8%)
2026-03-04 18:39:57,016 - Knowledge - INFO - done ingest for /app/data/T0015/329083/b8924gk/shopizer-329083/sm-shop/src/main/webapp/resources/js/ckeditor/lang/hu.js
2026-03-04 18:39:57,036 - Knowledge - INFO - [LLM_CALL] Completed: sk.js:chunk1, Duration: 37127ms, PromptTokens: 11918, CompletionTokens: 148, Cost: $0.00125
2026-03-04 18:39:57,064 - Knowledge - INFO - Async storing batch of 6 embeddings
2026-03-04 18:39:57,150 - Knowledge - INFO - Fast-tracked /app/data/T0015/329083/b8924gk/shopizer-329083/sm-shop/src/main/webapp/resources/js/ckeditor/plugins/placeholder/lang/fa.js (ext=.js, size=463)
2026-03-04 18:39:57,268 - Knowledge - INFO - Worker kw14 processing /app/data/T0015/329083/b8924gk/shopizer-329083/sm-shop/src/main/webapp/resources/js/ckeditor/plugins/placeholder/lang/cs.js
2026-03-04 18:39:57,354 - Knowledge - INFO - Batch sizing: calculated=5, max_allowed=10, queue=148, active_workers=20/20
2026-03-04 18:39:57,621 - Knowledge - INFO - done ingest for /app/data/T0015/329083/b8924gk/shopizer-329083/sm-shop/src/main/webapp/resources/js/ckeditor/lang/sk.js
2026-03-04 18:39:57,641 - Knowledge - INFO - [LLM_CALL] Completed: ro.js:chunk1, Duration: 35987ms, PromptTokens: 12280, CompletionTokens: 155, Cost: $0.00129
2026-03-04 18:39:57,710 - Knowledge - INFO - Worker kw17 processing /app/data/T0015/329083/b8924gk/shopizer-329083/sm-shop/src/main/webapp/resources/js/ckeditor/plugins/placeholder/lang/hr.js
2026-03-04 18:39:57,819 - Knowledge - INFO - Worker kw9 processing /app/data/T0015/329083/b8924gk/shopizer-329083/sm-shop/src/main/webapp/resources/js/ckeditor/plugins/placeholder/lang/fi.js
2026-03-04 18:39:57,895 - Knowledge - INFO - Async storage completed for 6 embeddings
2026-03-04 18:39:57,904 - Knowledge - INFO - Fast-tracked /app/data/T0015/329083/b8924gk/shopizer-329083/sm-shop/src/main/webapp/resources/js/ckeditor/plugins/placeholder/lang/cs.js (ext=.js, size=409)
2026-03-04 18:39:58,220 - Knowledge - INFO - done ingest for /app/data/T0015/329083/b8924gk/shopizer-329083/sm-shop/src/main/webapp/resources/js/ckeditor/lang/ro.js
2026-03-04 18:39:58,246 - Knowledge - INFO - [LLM_CALL] Completed: gl.js:chunk1, Duration: 14786ms, PromptTokens: 10596, CompletionTokens: 139, Cost: $0.00112
2026-03-04 18:39:58,303 - Knowledge - INFO - Fast-tracked /app/data/T0015/329083/b8924gk/shopizer-329083/sm-shop/src/main/webapp/resources/js/ckeditor/plugins/placeholder/lang/hr.js (ext=.js, size=413)
2026-03-04 18:39:58,387 - Knowledge - INFO - Fast-tracked /app/data/T0015/329083/b8924gk/shopizer-329083/sm-shop/src/main/webapp/resources/js/ckeditor/plugins/placeholder/lang/fi.js (ext=.js, size=391)
2026-03-04 18:39:58,619 - Knowledge - INFO - Worker kw14 processing /app/data/T0015/329083/b8924gk/shopizer-329083/sm-shop/src/main/webapp/resources/js/ckeditor/plugins/placeholder/lang/tr.js
2026-03-04 18:39:58,824 - Knowledge - INFO - done ingest for /app/data/T0015/329083/b8924gk/shopizer-329083/sm-shop/src/main/webapp/resources/js/ckeditor/lang/gl.js
2026-03-04 18:39:58,826 - Knowledge - INFO - [LLM_CALL] Completed: et.js:chunk1, Duration: 41551ms, PromptTokens: 12474, CompletionTokens: 133, Cost: $0.00130
2026-03-04 18:39:58,901 - Knowledge - INFO - Worker kw17 processing /app/data/T0015/329083/b8924gk/shopizer-329083/sm-shop/src/main/webapp/resources/js/ckeditor/plugins/placeholder/lang/fr.js
2026-03-04 18:39:58,997 - Knowledge - INFO - Async storage completed for 5 embeddings
2026-03-04 18:39:59,115 - Knowledge - INFO - Fast-tracked /app/data/T0015/329083/b8924gk/shopizer-329083/sm-shop/src/main/webapp/resources/js/ckeditor/plugins/placeholder/lang/tr.js (ext=.js, size=380)
2026-03-04 18:39:59,343 - Knowledge - INFO - done ingest for /app/data/T0015/329083/b8924gk/shopizer-329083/sm-shop/src/main/webapp/resources/js/ckeditor/lang/et.js
2026-03-04 18:39:59,345 - Knowledge - INFO - Async storing batch of 5 embeddings
2026-03-04 18:39:59,357 - Knowledge - INFO - [LLM_CALL] Completed: en-au.js:chunk1, Duration: 47776ms, PromptTokens: 9486, CompletionTokens: 136, Cost: $0.00100
2026-03-04 18:39:59,452 - Knowledge - INFO - Fast-tracked /app/data/T0015/329083/b8924gk/shopizer-329083/sm-shop/src/main/webapp/resources/js/ckeditor/plugins/placeholder/lang/fr.js (ext=.js, size=423)
2026-03-04 18:39:59,753 - Knowledge - INFO - Worker kw14 processing /app/data/T0015/329083/b8924gk/shopizer-329083/sm-shop/src/main/webapp/resources/js/ckeditor/plugins/placeholder/lang/nl.js
2026-03-04 18:39:59,949 - Knowledge - INFO - Worker kw11 processing /app/data/T0015/329083/b8924gk/shopizer-329083/sm-shop/src/main/webapp/resources/js/ckeditor/plugins/placeholder/lang/pl.js
2026-03-04 18:40:00,048 - Knowledge - INFO - done ingest for /app/data/T0015/329083/b8924gk/shopizer-329083/sm-shop/src/main/webapp/resources/js/ckeditor/lang/en-au.js
2026-03-04 18:40:00,067 - Knowledge - INFO - [LLM_CALL] Completed: ko.js:chunk1, Duration: 57831ms, PromptTokens: 10716, CompletionTokens: 137, Cost: $0.00113
2026-03-04 18:40:00,184 - Knowledge - INFO - Worker kw17 processing /app/data/T0015/329083/b8924gk/shopizer-329083/sm-shop/src/main/webapp/resources/js/ckeditor/plugins/placeholder/lang/nb.js
2026-03-04 18:40:00,308 - Knowledge - INFO - Fast-tracked /app/data/T0015/329083/b8924gk/shopizer-329083/sm-shop/src/main/webapp/resources/js/ckeditor/plugins/placeholder/lang/nl.js (ext=.js, size=385)
2026-03-04 18:40:00,413 - Knowledge - INFO - Fast-tracked /app/data/T0015/329083/b8924gk/shopizer-329083/sm-shop/src/main/webapp/resources/js/ckeditor/plugins/placeholder/lang/pl.js (ext=.js, size=392)
2026-03-04 18:40:00,669 - Knowledge - INFO - done ingest for /app/data/T0015/329083/b8924gk/shopizer-329083/sm-shop/src/main/webapp/resources/js/ckeditor/lang/ko.js
2026-03-04 18:40:00,737 - Knowledge - INFO - [LLM_CALL] Completed: no.js:chunk1, Duration: 71722ms, PromptTokens: 11702, CompletionTokens: 129, Cost: $0.00122
2026-03-04 18:40:00,775 - Knowledge - INFO - Fast-tracked /app/data/T0015/329083/b8924gk/shopizer-329083/sm-shop/src/main/webapp/resources/js/ckeditor/plugins/placeholder/lang/nb.js (ext=.js, size=387)
2026-03-04 18:40:00,861 - Knowledge - INFO - Async storage completed for 6 embeddings
2026-03-04 18:40:01,013 - Knowledge - INFO - Worker kw11 processing /app/data/T0015/329083/b8924gk/shopizer-329083/sm-shop/src/main/webapp/resources/js/ckeditor/plugins/placeholder/lang/ug.js
2026-03-04 18:40:01,141 - Knowledge - INFO - Async storage completed for 6 embeddings
2026-03-04 18:40:01,264 - Knowledge - INFO - done ingest for /app/data/T0015/329083/b8924gk/shopizer-329083/sm-shop/src/main/webapp/resources/js/ckeditor/lang/no.js
2026-03-04 18:40:01,289 - Knowledge - INFO - [LLM_CALL] Completed: tableCell.js:chunk1, Duration: 22782ms, PromptTokens: 4896, CompletionTokens: 235, Cost: $0.00058
2026-03-04 18:40:01,402 - Knowledge - INFO - Worker kw17 processing /app/data/T0015/329083/b8924gk/shopizer-329083/sm-shop/src/main/webapp/resources/js/ckeditor/plugins/placeholder/lang/zh-cn.js
2026-03-04 18:40:01,678 - Knowledge - INFO - Fast-tracked /app/data/T0015/329083/b8924gk/shopizer-329083/sm-shop/src/main/webapp/resources/js/ckeditor/plugins/placeholder/lang/ug.js (ext=.js, size=479)
2026-03-04 18:40:01,898 - Knowledge - INFO - Async storage completed for 6 embeddings
2026-03-04 18:40:01,982 - Knowledge - INFO - Async storage completed for 6 embeddings
2026-03-04 18:40:02,055 - Knowledge - INFO - done ingest for /app/data/T0015/329083/b8924gk/shopizer-329083/sm-shop/src/main/webapp/resources/js/ckeditor/plugins/tabletools/dialogs/tableCell.js
2026-03-04 18:40:02,071 - Knowledge - INFO - [LLM_CALL] Completed: sv.js:chunk1, Duration: 60364ms, PromptTokens: 11514, CompletionTokens: 143, Cost: $0.00121
2026-03-04 18:40:02,187 - Knowledge - INFO - Fast-tracked /app/data/T0015/329083/b8924gk/shopizer-329083/sm-shop/src/main/webapp/resources/js/ckeditor/plugins/placeholder/lang/zh-cn.js (ext=.js, size=361)
2026-03-04 18:40:02,298 - Knowledge - INFO - Worker kw11 processing /app/data/T0015/329083/b8924gk/shopizer-329083/sm-shop/src/main/webapp/resources/js/ckeditor/plugins/placeholder/lang/cy.js
2026-03-04 18:40:02,373 - Knowledge - INFO - Async storage completed for 6 embeddings
2026-03-04 18:40:02,754 - Knowledge - INFO - done ingest for /app/data/T0015/329083/b8924gk/shopizer-329083/sm-shop/src/main/webapp/resources/js/ckeditor/lang/sv.js
2026-03-04 18:40:02,755 - Knowledge - INFO - Processing batch of 6 files
2026-03-04 18:40:02,772 - Knowledge - INFO - [LLM_CALL] Completed: fa.js:chunk1, Duration: 52320ms, PromptTokens: 12888, CompletionTokens: 116, Cost: $0.00134
2026-03-04 18:40:02,876 - Knowledge - INFO - Worker kw17 processing /app/data/T0015/329083/b8924gk/shopizer-329083/sm-shop/src/main/webapp/resources/js/ckeditor/plugins/placeholder/lang/uk.js
2026-03-04 18:40:02,981 - Knowledge - INFO - Fast-tracked /app/data/T0015/329083/b8924gk/shopizer-329083/sm-shop/src/main/webapp/resources/js/ckeditor/plugins/placeholder/lang/cy.js (ext=.js, size=407)
2026-03-04 18:40:03,337 - Knowledge - INFO - process ingested knowledge for /app/data/T0015/329083/b8924gk/shopizer-329083/sm-shop/src/main/webapp/resources/js/bootstrap/bootstrap-typeahead.js
2026-03-04 18:40:03,572 - Knowledge - INFO - done ingest for /app/data/T0015/329083/b8924gk/shopizer-329083/sm-shop/src/main/webapp/resources/js/ckeditor/lang/fa.js
2026-03-04 18:40:03,617 - Knowledge - INFO - [LLM_CALL] Completed: vi.js:chunk1, Duration: 70474ms, PromptTokens: 12424, CompletionTokens: 138, Cost: $0.00130
2026-03-04 18:40:03,707 - Knowledge - INFO - Fast-tracked /app/data/T0015/329083/b8924gk/shopizer-329083/sm-shop/src/main/webapp/resources/js/ckeditor/plugins/placeholder/lang/uk.js (ext=.js, size=488)
2026-03-04 18:40:03,791 - Knowledge - INFO - Worker kw11 processing /app/data/T0015/329083/b8924gk/shopizer-329083/sm-shop/src/main/webapp/resources/js/ckeditor/plugins/placeholder/lang/eo.js
2026-03-04 18:40:03,875 - Knowledge - INFO - process ingested knowledge for /app/data/T0015/329083/b8924gk/shopizer-329083/sm-shop/src/main/webapp/resources/js/bootstrap/jquery.js
2026-03-04 18:40:04,142 - Knowledge - INFO - done ingest for /app/data/T0015/329083/b8924gk/shopizer-329083/sm-shop/src/main/webapp/resources/js/ckeditor/lang/vi.js
2026-03-04 18:40:04,149 - Knowledge - INFO - [LLM_CALL] Completed: zh.js:chunk1, Duration: 40855ms, PromptTokens: 11184, CompletionTokens: 143, Cost: $0.00118
2026-03-04 18:40:04,273 - Knowledge - INFO - Async storage completed for 6 embeddings
2026-03-04 18:40:04,408 - Knowledge - INFO - Fast-tracked /app/data/T0015/329083/b8924gk/shopizer-329083/sm-shop/src/main/webapp/resources/js/ckeditor/plugins/placeholder/lang/eo.js (ext=.js, size=418)
2026-03-04 18:40:04,505 - Knowledge - INFO - process ingested knowledge for /app/data/T0015/329083/b8924gk/shopizer-329083/sm-shop/src/main/webapp/resources/js/address.js
2026-03-04 18:40:04,781 - Knowledge - INFO - done ingest for /app/data/T0015/329083/b8924gk/shopizer-329083/sm-shop/src/main/webapp/resources/js/ckeditor/lang/zh.js
2026-03-04 18:40:04,833 - Knowledge - INFO - Processing batch of 6 files
2026-03-04 18:40:04,866 - Knowledge - INFO - [LLM_CALL] Completed: sl.js:chunk1, Duration: 32726ms, PromptTokens: 11710, CompletionTokens: 124, Cost: $0.00122
2026-03-04 18:40:05,032 - Knowledge - INFO - Worker kw11 processing /app/data/T0015/329083/b8924gk/shopizer-329083/sm-shop/src/main/webapp/resources/js/ckeditor/plugins/placeholder/plugin.js
2026-03-04 18:40:05,197 - Knowledge - INFO - process ingested knowledge for /app/data/T0015/329083/b8924gk/shopizer-329083/sm-shop/src/main/webapp/resources/js/ckeditor/ckeditor.js
2026-03-04 18:40:05,713 - Knowledge - INFO - process ingested knowledge for /app/data/T0015/329083/b8924gk/shopizer-329083/sm-shop/src/main/webapp/resources/js/ckeditor/lang/ca.js
2026-03-04 18:40:05,876 - Knowledge - INFO - done ingest for /app/data/T0015/329083/b8924gk/shopizer-329083/sm-shop/src/main/webapp/resources/js/ckeditor/lang/sl.js
2026-03-04 18:40:05,909 - Knowledge - INFO - [LLM_CALL] Completed: en-gb.js:chunk1, Duration: 71005ms, PromptTokens: 9490, CompletionTokens: 120, Cost: $0.00100
2026-03-04 18:40:06,179 - Knowledge - INFO - Fast-tracked /app/data/T0015/329083/b8924gk/shopizer-329083/sm-shop/src/main/webapp/resources/js/ckeditor/plugins/placeholder/plugin.js (small file (2560 bytes))
2026-03-04 18:40:06,196 - Knowledge - INFO - process ingested knowledge for /app/data/T0015/329083/b8924gk/shopizer-329083/sm-shop/src/main/webapp/resources/js/ckeditor/skins/v2/skin.js
2026-03-04 18:40:06,352 - Knowledge - INFO - process ingested knowledge for /app/data/T0015/329083/b8924gk/shopizer-329083/sm-shop/src/main/webapp/resources/js/ckeditor/lang/en-ca.js
2026-03-04 18:40:06,609 - Knowledge - INFO - done ingest for /app/data/T0015/329083/b8924gk/shopizer-329083/sm-shop/src/main/webapp/resources/js/ckeditor/lang/en-gb.js
2026-03-04 18:40:07,084 - Knowledge - INFO - Async storage completed for 5 embeddings
2026-03-04 18:40:07,205 - Knowledge - INFO - process ingested knowledge for /app/data/T0015/329083/b8924gk/shopizer-329083/sm-shop/src/main/webapp/resources/js/ckeditor/skins/v2/templates.css
2026-03-04 18:40:07,280 - Knowledge - INFO - Processing batch of 5 files
2026-03-04 18:40:07,311 - Knowledge - INFO - [LLM_CALL] Completed: en.js:chunk1, Duration: 47307ms, PromptTokens: 9482, CompletionTokens: 138, Cost: $0.00100
2026-03-04 18:40:07,336 - Knowledge - INFO - process ingested knowledge for /app/data/T0015/329083/b8924gk/shopizer-329083/sm-shop/src/main/webapp/resources/js/ckeditor/plugins/clipboard/dialogs/paste.js
2026-03-04 18:40:07,872 - Knowledge - INFO - process ingested knowledge for /app/data/T0015/329083/b8924gk/shopizer-329083/sm-shop/src/main/webapp/resources/js/ckeditor/plugins/placeholder/lang/_translationstatus.txt
2026-03-04 18:40:08,011 - Knowledge - INFO - done ingest for /app/data/T0015/329083/b8924gk/shopizer-329083/sm-shop/src/main/webapp/resources/js/ckeditor/lang/en.js
2026-03-04 18:40:08,021 - Knowledge - INFO - [LLM_CALL] Completed: default.js:chunk1, Duration: 16923ms, PromptTokens: 10672, CompletionTokens: 689, Cost: $0.00134
2026-03-04 18:40:08,205 - Knowledge - INFO - process ingested knowledge for /app/data/T0015/329083/b8924gk/shopizer-329083/sm-shop/src/main/webapp/resources/js/ckeditor/plugins/devtools/lang/pt-br.js
2026-03-04 18:40:08,774 - Knowledge - INFO - done ingest for /app/data/T0015/329083/b8924gk/shopizer-329083/sm-shop/src/main/webapp/resources/js/ckeditor/plugins/pastefromword/filter/default.js
2026-03-04 18:40:08,795 - Knowledge - INFO - [LLM_CALL] Completed: eu.js:chunk1, Duration: 56119ms, PromptTokens: 12234, CompletionTokens: 137, Cost: $0.00128
2026-03-04 18:40:08,815 - Knowledge - INFO - process ingested knowledge for /app/data/T0015/329083/b8924gk/shopizer-329083/sm-shop/src/main/webapp/resources/js/ckeditor/plugins/placeholder/lang/it.js
2026-03-04 18:40:08,948 - Knowledge - INFO - process ingested knowledge for /app/data/T0015/329083/b8924gk/shopizer-329083/sm-shop/src/main/webapp/resources/js/ckeditor/plugins/devtools/lang/da.js
2026-03-04 18:40:09,214 - Knowledge - INFO - done ingest for /app/data/T0015/329083/b8924gk/shopizer-329083/sm-shop/src/main/webapp/resources/js/ckeditor/lang/eu.js
2026-03-04 18:40:09,227 - Knowledge - INFO - [LLM_CALL] Completed: ru.js:chunk1, Duration: 69741ms, PromptTokens: 12570, CompletionTokens: 132, Cost: $0.00131
2026-03-04 18:40:09,329 - Knowledge - INFO - process ingested knowledge for /app/data/T0015/329083/b8924gk/shopizer-329083/sm-shop/src/main/webapp/resources/js/ckeditor/plugins/placeholder/lang/he.js
2026-03-04 18:40:09,699 - Knowledge - INFO - done ingest for /app/data/T0015/329083/b8924gk/shopizer-329083/sm-shop/src/main/webapp/resources/js/ckeditor/lang/ru.js
2026-03-04 18:40:09,794 - Knowledge - INFO - [LLM_CALL] Completed: wsc.js:chunk1, Duration: 25688ms, PromptTokens: 2750, CompletionTokens: 329, Cost: $0.00041
2026-03-04 18:40:09,844 - Knowledge - INFO - process ingested knowledge for /app/data/T0015/329083/b8924gk/shopizer-329083/sm-shop/src/main/webapp/resources/js/ckeditor/plugins/devtools/lang/_translationstatus.txt
2026-03-04 18:40:09,899 - Knowledge - INFO - process ingested knowledge for /app/data/T0015/329083/b8924gk/shopizer-329083/sm-shop/src/main/webapp/resources/js/ckeditor/plugins/placeholder/lang/no.js
2026-03-04 18:40:10,124 - Knowledge - INFO - done ingest for /app/data/T0015/329083/b8924gk/shopizer-329083/sm-shop/src/main/webapp/resources/js/ckeditor/plugins/wsc/dialogs/wsc.js
2026-03-04 18:40:10,154 - Knowledge - INFO - [LLM_CALL] Completed: ka.js:chunk1, Duration: 13133ms, PromptTokens: 13894, CompletionTokens: 139, Cost: $0.00144
2026-03-04 18:40:10,747 - Knowledge - INFO - done ingest for /app/data/T0015/329083/b8924gk/shopizer-329083/sm-shop/src/main/webapp/resources/js/ckeditor/lang/ka.js
2026-03-04 18:40:10,784 - Knowledge - INFO - [LLM_CALL] Completed: ms.js:chunk1, Duration: 25956ms, PromptTokens: 10536, CompletionTokens: 114, Cost: $0.00110
2026-03-04 18:40:10,862 - Knowledge - INFO - process ingested knowledge for /app/data/T0015/329083/b8924gk/shopizer-329083/sm-shop/src/main/webapp/resources/js/ckeditor/plugins/placeholder/lang/bg.js
2026-03-04 18:40:11,400 - Knowledge - INFO - done ingest for /app/data/T0015/329083/b8924gk/shopizer-329083/sm-shop/src/main/webapp/resources/js/ckeditor/lang/ms.js
2026-03-04 18:40:11,400 - Knowledge - INFO - [LLM_CALL] Completed: hi.js:chunk1, Duration: 60127ms, PromptTokens: 11812, CompletionTokens: 220, Cost: $0.00127
2026-03-04 18:40:11,850 - Knowledge - INFO - done ingest for /app/data/T0015/329083/b8924gk/shopizer-329083/sm-shop/src/main/webapp/resources/js/ckeditor/lang/hi.js
2026-03-04 18:40:11,852 - Knowledge - INFO - [LLM_CALL] Completed: find.js:chunk1, Duration: 49466ms, PromptTokens: 7310, CompletionTokens: 554, Cost: $0.00095
2026-03-04 18:40:12,146 - Knowledge - INFO - done ingest for /app/data/T0015/329083/b8924gk/shopizer-329083/sm-shop/src/main/webapp/resources/js/ckeditor/plugins/find/dialogs/find.js
2026-03-04 18:40:12,148 - Knowledge - INFO - [LLM_CALL] Completed: ar.js:chunk1, Duration: 39731ms, PromptTokens: 11320, CompletionTokens: 134, Cost: $0.00119
2026-03-04 18:40:12,461 - Knowledge - INFO - done ingest for /app/data/T0015/329083/b8924gk/shopizer-329083/sm-shop/src/main/webapp/resources/js/ckeditor/lang/ar.js
2026-03-04 18:40:12,463 - Knowledge - INFO - [LLM_CALL] Completed: af.js:chunk1, Duration: 52741ms, PromptTokens: 11570, CompletionTokens: 143, Cost: $0.00121
2026-03-04 18:40:12,910 - Knowledge - INFO - done ingest for /app/data/T0015/329083/b8924gk/shopizer-329083/sm-shop/src/main/webapp/resources/js/ckeditor/lang/af.js
2026-03-04 18:40:12,911 - Knowledge - INFO - [LLM_CALL] Completed: hr.js:chunk1, Duration: 78006ms, PromptTokens: 11994, CompletionTokens: 134, Cost: $0.00125
2026-03-04 18:40:13,370 - Knowledge - INFO - done ingest for /app/data/T0015/329083/b8924gk/shopizer-329083/sm-shop/src/main/webapp/resources/js/ckeditor/lang/hr.js
2026-03-04 18:40:13,371 - Knowledge - INFO - [LLM_CALL] Completed: plugin.js:chunk1, Duration: 38901ms, PromptTokens: 3908, CompletionTokens: 413, Cost: $0.00056
2026-03-04 18:40:13,708 - Knowledge - INFO - done ingest for /app/data/T0015/329083/b8924gk/shopizer-329083/sm-shop/src/main/webapp/resources/js/ckeditor/plugins/tableresize/plugin.js
2026-03-04 18:40:13,709 - Knowledge - INFO - [LLM_CALL] Completed: th.js:chunk1, Duration: 27697ms, PromptTokens: 12026, CompletionTokens: 132, Cost: $0.00126
2026-03-04 18:40:14,082 - Knowledge - INFO - done ingest for /app/data/T0015/329083/b8924gk/shopizer-329083/sm-shop/src/main/webapp/resources/js/ckeditor/lang/th.js
2026-03-04 18:40:14,096 - Knowledge - INFO - [LLM_CALL] Completed: mk.js:chunk1, Duration: 63745ms, PromptTokens: 9484, CompletionTokens: 143, Cost: $0.00101
2026-03-04 18:40:14,530 - Knowledge - INFO - done ingest for /app/data/T0015/329083/b8924gk/shopizer-329083/sm-shop/src/main/webapp/resources/js/ckeditor/lang/mk.js
2026-03-04 18:40:14,533 - Knowledge - INFO - [LLM_CALL] Completed: gu.js:chunk1, Duration: 41940ms, PromptTokens: 14430, CompletionTokens: 134, Cost: $0.00150
2026-03-04 18:40:14,809 - Knowledge - INFO - done ingest for /app/data/T0015/329083/b8924gk/shopizer-329083/sm-shop/src/main/webapp/resources/js/ckeditor/lang/gu.js
2026-03-04 18:40:14,811 - Knowledge - INFO - [LLM_CALL] Completed: mn.js:chunk1, Duration: 74134ms, PromptTokens: 11780, CompletionTokens: 130, Cost: $0.00123
2026-03-04 18:40:15,066 - Knowledge - INFO - done ingest for /app/data/T0015/329083/b8924gk/shopizer-329083/sm-shop/src/main/webapp/resources/js/ckeditor/lang/mn.js
2026-03-04 18:40:15,074 - Knowledge - INFO - [LLM_CALL] Completed: uk.js:chunk1, Duration: 64003ms, PromptTokens: 13814, CompletionTokens: 123, Cost: $0.00143
2026-03-04 18:40:15,439 - Knowledge - INFO - done ingest for /app/data/T0015/329083/b8924gk/shopizer-329083/sm-shop/src/main/webapp/resources/js/ckeditor/lang/uk.js
2026-03-04 18:40:15,441 - Knowledge - INFO - [kw1] Queue=143, InProgress=0, PendingWorkers=20/20, Completed=959/1167 (82.2%)
2026-03-04 18:40:15,452 - Knowledge - INFO - [LLM_CALL] Completed: lt.js:chunk1, Duration: 43486ms, PromptTokens: 13654, CompletionTokens: 142, Cost: $0.00142
2026-03-04 18:40:15,742 - Knowledge - INFO - Batch sizing: calculated=5, max_allowed=10, queue=143, active_workers=20/20
2026-03-04 18:40:15,849 - Knowledge - INFO - done ingest for /app/data/T0015/329083/b8924gk/shopizer-329083/sm-shop/src/main/webapp/resources/js/ckeditor/lang/lt.js
2026-03-04 18:40:15,851 - Knowledge - INFO - Processing batch of 5 files
2026-03-04 18:40:15,851 - Knowledge - INFO - [LLM_CALL] Completed: cy.js:chunk1, Duration: 55658ms, PromptTokens: 13140, CompletionTokens: 133, Cost: $0.00137
2026-03-04 18:40:16,165 - Knowledge - INFO - process ingested knowledge for /app/data/T0015/329083/b8924gk/shopizer-329083/sm-shop/src/main/webapp/resources/js/ckeditor/plugins/placeholder/lang/et.js
2026-03-04 18:40:16,300 - Knowledge - INFO - done ingest for /app/data/T0015/329083/b8924gk/shopizer-329083/sm-shop/src/main/webapp/resources/js/ckeditor/lang/cy.js
2026-03-04 18:40:16,300 - Knowledge - INFO - [LLM_CALL] Completed: fi.js:chunk1, Duration: 32190ms, PromptTokens: 12606, CompletionTokens: 143, Cost: $0.00132
2026-03-04 18:40:16,428 - Knowledge - INFO - process ingested knowledge for /app/data/T0015/329083/b8924gk/shopizer-329083/sm-shop/src/main/webapp/resources/js/ckeditor/plugins/placeholder/lang/de.js
2026-03-04 18:40:16,676 - Knowledge - INFO - done ingest for /app/data/T0015/329083/b8924gk/shopizer-329083/sm-shop/src/main/webapp/resources/js/ckeditor/lang/fi.js
2026-03-04 18:40:16,677 - Knowledge - INFO - [LLM_CALL] Completed: fr.js:chunk1, Duration: 30752ms, PromptTokens: 11442, CompletionTokens: 136, Cost: $0.00120
2026-03-04 18:40:16,758 - Knowledge - INFO - process ingested knowledge for /app/data/T0015/329083/b8924gk/shopizer-329083/sm-shop/src/main/webapp/resources/js/ckeditor/plugins/placeholder/lang/el.js
2026-03-04 18:40:17,099 - Knowledge - INFO - done ingest for /app/data/T0015/329083/b8924gk/shopizer-329083/sm-shop/src/main/webapp/resources/js/ckeditor/lang/fr.js
2026-03-04 18:40:17,136 - Knowledge - INFO - [LLM_CALL] Completed: link.js:chunk1, Duration: 29452ms, PromptTokens: 11602, CompletionTokens: 273, Cost: $0.00127
2026-03-04 18:40:17,233 - Knowledge - INFO - process ingested knowledge for /app/data/T0015/329083/b8924gk/shopizer-329083/sm-shop/src/main/webapp/resources/js/ckeditor/plugins/placeholder/lang/fa.js
2026-03-04 18:40:17,422 - Knowledge - INFO - done ingest for /app/data/T0015/329083/b8924gk/shopizer-329083/sm-shop/src/main/webapp/resources/js/ckeditor/plugins/link/dialogs/link.js
2026-03-04 18:40:17,443 - Knowledge - INFO - [LLM_CALL] Completed: ja.js:chunk1, Duration: 67564ms, PromptTokens: 12052, CompletionTokens: 145, Cost: $0.00126
2026-03-04 18:40:17,513 - Knowledge - INFO - process ingested knowledge for /app/data/T0015/329083/b8924gk/shopizer-329083/sm-shop/src/main/webapp/resources/js/ckeditor/plugins/placeholder/lang/fi.js
2026-03-04 18:40:17,777 - Knowledge - INFO - done ingest for /app/data/T0015/329083/b8924gk/shopizer-329083/sm-shop/src/main/webapp/resources/js/ckeditor/lang/ja.js
2026-03-04 18:40:17,781 - Knowledge - INFO - [kw3] Queue=138, InProgress=0, PendingWorkers=20/20, Completed=966/1167 (82.8%)
2026-03-04 18:40:17,782 - Knowledge - INFO - [LLM_CALL] Completed: km.js:chunk1, Duration: 58147ms, PromptTokens: 13044, CompletionTokens: 145, Cost: $0.00136
2026-03-04 18:40:17,782 - Knowledge - INFO - Async storing batch of 6 embeddings
2026-03-04 18:40:18,236 - Knowledge - INFO - Batch sizing: calculated=5, max_allowed=10, queue=138, active_workers=20/20
2026-03-04 18:40:18,319 - Knowledge - INFO - done ingest for /app/data/T0015/329083/b8924gk/shopizer-329083/sm-shop/src/main/webapp/resources/js/ckeditor/lang/km.js
2026-03-04 18:40:18,320 - Knowledge - INFO - [LLM_CALL] Completed: ug.js:chunk1, Duration: 67405ms, PromptTokens: 16818, CompletionTokens: 139, Cost: $0.00174
2026-03-04 18:40:18,424 - Knowledge - INFO - Worker kw1 processing /app/data/T0015/329083/b8924gk/shopizer-329083/sm-shop/src/main/webapp/resources/js/ckeditor/plugins/placeholder/dialogs/placeholder.js
2026-03-04 18:40:18,802 - Knowledge - INFO - done ingest for /app/data/T0015/329083/b8924gk/shopizer-329083/sm-shop/src/main/webapp/resources/js/ckeditor/lang/ug.js
2026-03-04 18:40:18,813 - Knowledge - INFO - [WEBSOCKET] Sent: Type=progress_update, Size: 294, Duration: 1683ms
2026-03-04 18:40:18,929 - Knowledge - INFO - Fast-tracked /app/data/T0015/329083/b8924gk/shopizer-329083/sm-shop/src/main/webapp/resources/js/ckeditor/plugins/placeholder/dialogs/placeholder.js (ext=.js, size=988)
2026-03-04 18:40:19,162 - Knowledge - INFO - [LLM_CALL] Completed: sr-latn.js:chunk1, Duration: 87154ms, PromptTokens: 10870, CompletionTokens: 121, Cost: $0.00114
2026-03-04 18:40:19,272 - Knowledge - INFO - Worker kw1 processing /app/data/T0015/329083/b8924gk/shopizer-329083/sm-shop/src/main/webapp/resources/js/ckeditor/plugins/smiley/dialogs/smiley.js
2026-03-04 18:40:19,358 - Knowledge - INFO - done ingest for /app/data/T0015/329083/b8924gk/shopizer-329083/sm-shop/src/main/webapp/resources/js/ckeditor/lang/sr-latn.js
2026-03-04 18:40:19,359 - Knowledge - INFO - [LLM_CALL] Completed: lv.js:chunk1, Duration: 44289ms, PromptTokens: 11720, CompletionTokens: 114, Cost: $0.00122
2026-03-04 18:40:19,471 - Knowledge - INFO - Worker kw1 processing /app/data/T0015/329083/b8924gk/shopizer-329083/sm-shop/src/main/webapp/resources/js/ckeditor/plugins/image/dialogs/image.js
2026-03-04 18:40:19,676 - Knowledge - INFO - done ingest for /app/data/T0015/329083/b8924gk/shopizer-329083/sm-shop/src/main/webapp/resources/js/ckeditor/lang/lv.js
2026-03-04 18:40:19,678 - Knowledge - INFO - [LLM_CALL] Completed: bn.js:chunk1, Duration: 59311ms, PromptTokens: 11688, CompletionTokens: 116, Cost: $0.00122
2026-03-04 18:40:19,788 - Knowledge - INFO - Worker kw1 processing /app/data/T0015/329083/b8924gk/shopizer-329083/sm-shop/src/main/webapp/resources/js/ckeditor/plugins/div/dialogs/div.js
2026-03-04 18:40:19,936 - Knowledge - INFO - done ingest for /app/data/T0015/329083/b8924gk/shopizer-329083/sm-shop/src/main/webapp/resources/js/ckeditor/lang/bn.js
2026-03-04 18:40:19,937 - Knowledge - INFO - Async storing batch of 5 embeddings
2026-03-04 18:40:19,937 - Knowledge - INFO - [LLM_CALL] Completed: eo.js:chunk1, Duration: 24094ms, PromptTokens: 12944, CompletionTokens: 143, Cost: $0.00135
2026-03-04 18:40:20,040 - Knowledge - INFO - Worker kw1 processing /app/data/T0015/329083/b8924gk/shopizer-329083/sm-shop/src/main/webapp/resources/js/ckeditor/plugins/about/dialogs/about.js
2026-03-04 18:40:20,240 - Knowledge - INFO - Worker kw3 processing /app/data/T0015/329083/b8924gk/shopizer-329083/sm-shop/src/main/webapp/resources/js/ckeditor/plugins/forms/dialogs/textfield.js
2026-03-04 18:40:20,418 - Knowledge - INFO - done ingest for /app/data/T0015/329083/b8924gk/shopizer-329083/sm-shop/src/main/webapp/resources/js/ckeditor/lang/eo.js
2026-03-04 18:40:20,450 - Knowledge - INFO - [WEBSOCKET] Sent: Type=unknown, Size: ?, Duration: 5377ms
2026-03-04 18:40:20,531 - Knowledge - INFO - Fast-tracked /app/data/T0015/329083/b8924gk/shopizer-329083/sm-shop/src/main/webapp/resources/js/ckeditor/plugins/about/dialogs/about.js (ext=.js, size=1510)
2026-03-04 18:40:20,610 - Knowledge - INFO - Worker kw3 processing /app/data/T0015/329083/b8924gk/shopizer-329083/sm-shop/src/main/webapp/resources/js/ckeditor/plugins/forms/dialogs/checkbox.js
2026-03-04 18:40:20,805 - Knowledge - INFO - Progress: 82.0% | Files: 974/1167 | Rate: 1.70 files/sec | Queue: 133
2026-03-04 18:40:20,806 - Knowledge - INFO - Processing batch of 5 files
2026-03-04 18:40:20,808 - Knowledge - INFO - [LLM_CALL] Completed: flash.js:chunk1, Duration: 23171ms, PromptTokens: 6670, CompletionTokens: 446, Cost: $0.00085
2026-03-04 18:40:20,982 - Knowledge - INFO - Worker kw3 processing /app/data/T0015/329083/b8924gk/shopizer-329083/sm-shop/src/main/webapp/resources/js/ckeditor/plugins/forms/dialogs/radio.js
2026-03-04 18:40:21,068 - Knowledge - INFO - [kw20] Queue=133, InProgress=0, PendingWorkers=20/20, Completed=977/1167 (83.7%)
2026-03-04 18:40:21,177 - Knowledge - INFO - process ingested knowledge for /app/data/T0015/329083/b8924gk/shopizer-329083/sm-shop/src/main/webapp/resources/js/ckeditor/plugins/placeholder/lang/vi.js
2026-03-04 18:40:21,265 - Knowledge - INFO - done ingest for /app/data/T0015/329083/b8924gk/shopizer-329083/sm-shop/src/main/webapp/resources/js/ckeditor/plugins/flash/dialogs/flash.js
2026-03-04 18:40:21,266 - Knowledge - INFO - [LLM_CALL] Completed: nb.js:chunk1, Duration: 24826ms, PromptTokens: 11704, CompletionTokens: 147, Cost: $0.00123
2026-03-04 18:40:21,357 - Knowledge - INFO - Worker kw3 processing /app/data/T0015/329083/b8924gk/shopizer-329083/sm-shop/src/main/webapp/resources/js/ckeditor/plugins/forms/dialogs/textarea.js
2026-03-04 18:40:21,467 - Knowledge - INFO - Batch sizing: calculated=5, max_allowed=10, queue=133, active_workers=20/20
2026-03-04 18:40:21,567 - Knowledge - INFO - process ingested knowledge for /app/data/T0015/329083/b8924gk/shopizer-329083/sm-shop/src/main/webapp/resources/js/ckeditor/plugins/placeholder/lang/en.js
2026-03-04 18:40:21,747 - Knowledge - INFO - done ingest for /app/data/T0015/329083/b8924gk/shopizer-329083/sm-shop/src/main/webapp/resources/js/ckeditor/lang/nb.js
2026-03-04 18:40:21,752 - Knowledge - INFO - [kw9] Queue=133, InProgress=0, PendingWorkers=20/20, Completed=977/1167 (83.7%)
2026-03-04 18:40:21,770 - Knowledge - INFO - Processing batch of 5 files
2026-03-04 18:40:21,770 - Knowledge - INFO - [LLM_CALL] Completed: pt.js:chunk1, Duration: 38304ms, PromptTokens: 10602, CompletionTokens: 141, Cost: $0.00112
2026-03-04 18:40:21,860 - Knowledge - INFO - Worker kw3 processing /app/data/T0015/329083/b8924gk/shopizer-329083/sm-shop/src/main/webapp/resources/js/ckeditor/plugins/forms/dialogs/select.js
2026-03-04 18:40:22,042 - Knowledge - INFO - process ingested knowledge for /app/data/T0015/329083/b8924gk/shopizer-329083/sm-shop/src/main/webapp/resources/js/ckeditor/plugins/placeholder/lang/cs.js
2026-03-04 18:40:22,399 - Knowledge - INFO - Batch sizing: calculated=5, max_allowed=10, queue=133, active_workers=20/20
2026-03-04 18:40:22,474 - Knowledge - INFO - process ingested knowledge for /app/data/T0015/329083/b8924gk/shopizer-329083/sm-shop/src/main/webapp/resources/js/ckeditor/plugins/wsc/dialogs/ciframe.html
2026-03-04 18:40:22,560 - Knowledge - INFO - done ingest for /app/data/T0015/329083/b8924gk/shopizer-329083/sm-shop/src/main/webapp/resources/js/ckeditor/lang/pt.js
2026-03-04 18:40:22,561 - Knowledge - INFO - Processing batch of 5 files
2026-03-04 18:40:22,562 - Knowledge - INFO - [LLM_CALL] Completed: docprops.js:chunk1, Duration: 60737ms, PromptTokens: 7646, CompletionTokens: 484, Cost: $0.00096
2026-03-04 18:40:22,731 - Knowledge - INFO - Fast-tracked /app/data/T0015/329083/b8924gk/shopizer-329083/sm-shop/src/main/webapp/resources/js/ckeditor/plugins/forms/dialogs/textfield.js (small file (2648 bytes))
2026-03-04 18:40:22,839 - Knowledge - INFO - process ingested knowledge for /app/data/T0015/329083/b8924gk/shopizer-329083/sm-shop/src/main/webapp/resources/js/ckeditor/plugins/placeholder/lang/tr.js
2026-03-04 18:40:23,034 - Knowledge - INFO - process ingested knowledge for /app/data/T0015/329083/b8924gk/shopizer-329083/sm-shop/src/main/webapp/resources/js/ckeditor/plugins/wsc/dialogs/tmpFrameset.html
2026-03-04 18:40:23,355 - Knowledge - INFO - process ingested knowledge for /app/data/T0015/329083/b8924gk/shopizer-329083/sm-shop/src/main/webapp/resources/js/ckeditor/plugins/uicolor/yui/yui.js
2026-03-04 18:40:23,437 - Knowledge - INFO - done ingest for /app/data/T0015/329083/b8924gk/shopizer-329083/sm-shop/src/main/webapp/resources/js/ckeditor/plugins/docprops/dialogs/docprops.js
2026-03-04 18:40:23,438 - Knowledge - INFO - [LLM_CALL] Completed: pl.js:chunk1, Duration: 50549ms, PromptTokens: 13282, CompletionTokens: 140, Cost: $0.00138
2026-03-04 18:40:23,527 - Knowledge - INFO - Fast-tracked /app/data/T0015/329083/b8924gk/shopizer-329083/sm-shop/src/main/webapp/resources/js/ckeditor/plugins/forms/dialogs/checkbox.js (small file (2245 bytes))
2026-03-04 18:40:23,605 - Knowledge - INFO - process ingested knowledge for /app/data/T0015/329083/b8924gk/shopizer-329083/sm-shop/src/main/webapp/resources/js/ckeditor/plugins/placeholder/lang/nl.js
2026-03-04 18:40:23,699 - Knowledge - INFO - process ingested knowledge for /app/data/T0015/329083/b8924gk/shopizer-329083/sm-shop/src/main/webapp/resources/js/ckeditor/plugins/pastefromword/filter/default.js
2026-03-04 18:40:23,786 - Knowledge - INFO - process ingested knowledge for /app/data/T0015/329083/b8924gk/shopizer-329083/sm-shop/src/main/webapp/resources/js/ckeditor/plugins/uicolor/yui/assets/yui.css
2026-03-04 18:40:24,131 - Knowledge - INFO - done ingest for /app/data/T0015/329083/b8924gk/shopizer-329083/sm-shop/src/main/webapp/resources/js/ckeditor/lang/pl.js
2026-03-04 18:40:24,131 - Knowledge - INFO - Async storing batch of 6 embeddings
2026-03-04 18:40:24,131 - Knowledge - INFO - [LLM_CALL] Completed: es.js:chunk1, Duration: 83232ms, PromptTokens: 11184, CompletionTokens: 113, Cost: $0.00116
2026-03-04 18:40:24,220 - Knowledge - INFO - Fast-tracked /app/data/T0015/329083/b8924gk/shopizer-329083/sm-shop/src/main/webapp/resources/js/ckeditor/plugins/forms/dialogs/radio.js (small file (2025 bytes))
2026-03-04 18:40:24,431 - Knowledge - INFO - process ingested knowledge for /app/data/T0015/329083/b8924gk/shopizer-329083/sm-shop/src/main/webapp/resources/js/ckeditor/plugins/placeholder/lang/pt-br.js
2026-03-04 18:40:24,478 - Knowledge - INFO - process ingested knowledge for /app/data/T0015/329083/b8924gk/shopizer-329083/sm-shop/src/main/webapp/resources/js/ckeditor/plugins/liststyle/dialogs/liststyle.js
2026-03-04 18:40:24,722 - Knowledge - INFO - Worker kw20 processing /app/data/T0015/329083/b8924gk/shopizer-329083/sm-shop/src/main/webapp/resources/js/ckeditor/plugins/forms/dialogs/hiddenfield.js
2026-03-04 18:40:24,798 - Knowledge - INFO - done ingest for /app/data/T0015/329083/b8924gk/shopizer-329083/sm-shop/src/main/webapp/resources/js/ckeditor/lang/es.js
2026-03-04 18:40:24,799 - Knowledge - INFO - Processing batch of 6 files
2026-03-04 18:40:24,800 - Knowledge - INFO - Async storing batch of 5 embeddings
2026-03-04 18:40:24,800 - Knowledge - INFO - [LLM_CALL] Completed: is.js:chunk1, Duration: 83390ms, PromptTokens: 11402, CompletionTokens: 150, Cost: $0.00120
2026-03-04 18:40:24,911 - Knowledge - INFO - Fast-tracked /app/data/T0015/329083/b8924gk/shopizer-329083/sm-shop/src/main/webapp/resources/js/ckeditor/plugins/forms/dialogs/textarea.js (small file (1993 bytes))
2026-03-04 18:40:24,991 - Knowledge - INFO - process ingested knowledge for /app/data/T0015/329083/b8924gk/shopizer-329083/sm-shop/src/main/webapp/resources/js/ckeditor/plugins/placeholder/lang/da.js
2026-03-04 18:40:25,106 - Knowledge - INFO - process ingested knowledge for /app/data/T0015/329083/b8924gk/shopizer-329083/sm-shop/src/main/webapp/resources/js/ckeditor/plugins/wsc/dialogs/wsc.js
2026-03-04 18:40:25,223 - Knowledge - INFO - Fast-tracked /app/data/T0015/329083/b8924gk/shopizer-329083/sm-shop/src/main/webapp/resources/js/ckeditor/plugins/forms/dialogs/hiddenfield.js (ext=.js, size=1736)
2026-03-04 18:40:25,427 - Knowledge - INFO - process ingested knowledge for /app/data/T0015/329083/b8924gk/shopizer-329083/sm-shop/src/main/webapp/resources/js/ckeditor/lang/cs.js
2026-03-04 18:40:25,513 - Knowledge - INFO - Worker kw9 processing /app/data/T0015/329083/b8924gk/shopizer-329083/sm-shop/src/main/webapp/resources/js/ckeditor/plugins/colordialog/dialogs/colordialog.js
2026-03-04 18:40:25,595 - Knowledge - INFO - done ingest for /app/data/T0015/329083/b8924gk/shopizer-329083/sm-shop/src/main/webapp/resources/js/ckeditor/lang/is.js
2026-03-04 18:40:25,596 - Knowledge - INFO - Processing batch of 6 files
2026-03-04 18:40:25,596 - Knowledge - INFO - [LLM_CALL] Completed: zh-cn.js:chunk1, Duration: 84757ms, PromptTokens: 10390, CompletionTokens: 123, Cost: $0.00109
2026-03-04 18:40:25,938 - Knowledge - INFO - process ingested knowledge for /app/data/T0015/329083/b8924gk/shopizer-329083/sm-shop/src/main/webapp/resources/js/ckeditor/plugins/wsc/dialogs/wsc.css
2026-03-04 18:40:25,981 - Knowledge - INFO - Worker kw20 processing /app/data/T0015/329083/b8924gk/shopizer-329083/sm-shop/src/main/webapp/resources/js/ckeditor/plugins/forms/dialogs/button.js
2026-03-04 18:40:26,122 - Knowledge - INFO - process ingested knowledge for /app/data/T0015/329083/b8924gk/shopizer-329083/sm-shop/src/main/webapp/resources/js/ckeditor/lang/_languages.js
2026-03-04 18:40:26,237 - Knowledge - INFO - Worker kw9 processing /app/data/T0015/329083/b8924gk/shopizer-329083/sm-shop/src/main/webapp/resources/js/ckeditor/plugins/bbcode/plugin.js
2026-03-04 18:40:26,455 - Knowledge - INFO - process ingested knowledge for /app/data/T0015/329083/b8924gk/shopizer-329083/sm-shop/src/main/webapp/resources/js/ckeditor/lang/no.js
2026-03-04 18:40:26,522 - Knowledge - INFO - done ingest for /app/data/T0015/329083/b8924gk/shopizer-329083/sm-shop/src/main/webapp/resources/js/ckeditor/lang/zh-cn.js
2026-03-04 18:40:26,523 - Knowledge - INFO - Processing batch of 5 files
2026-03-04 18:40:26,524 - Knowledge - INFO - Processing batch of 5 files
2026-03-04 18:40:26,527 - Knowledge - INFO - Processing batch of 6 files
2026-03-04 18:40:26,528 - Knowledge - INFO - [kw13] Queue=123, InProgress=0, PendingWorkers=20/20, Completed=993/1167 (85.1%)
2026-03-04 18:40:26,529 - Knowledge - INFO - [WEBSOCKET] Sent: Type=progress_update, Size: 293, Duration: 0ms
2026-03-04 18:40:26,721 - Knowledge - INFO - Fast-tracked /app/data/T0015/329083/b8924gk/shopizer-329083/sm-shop/src/main/webapp/resources/js/ckeditor/plugins/forms/dialogs/button.js (ext=.js, size=1765)
2026-03-04 18:40:26,870 - Knowledge - INFO - process ingested knowledge for /app/data/T0015/329083/b8924gk/shopizer-329083/sm-shop/src/main/webapp/resources/js/ckeditor/lang/tr.js
2026-03-04 18:40:26,886 - Knowledge - INFO - Worker kw9 processing /app/data/T0015/329083/b8924gk/shopizer-329083/sm-shop/src/main/webapp/resources/js/ckeditor/plugins/templates/dialogs/templates.js
2026-03-04 18:40:26,984 - Knowledge - INFO - process ingested knowledge for /app/data/T0015/329083/b8924gk/shopizer-329083/sm-shop/src/main/webapp/resources/js/ckeditor/lang/hu.js
2026-03-04 18:40:27,144 - Knowledge - INFO - process ingested knowledge for /app/data/T0015/329083/b8924gk/shopizer-329083/sm-shop/src/main/webapp/resources/js/ckeditor/plugins/placeholder/lang/hr.js
2026-03-04 18:40:27,295 - Knowledge - INFO - process ingested knowledge for /app/data/T0015/329083/b8924gk/shopizer-329083/sm-shop/src/main/webapp/resources/js/ckeditor/plugins/placeholder/lang/pl.js
2026-03-04 18:40:27,381 - Knowledge - INFO - process ingested knowledge for /app/data/T0015/329083/b8924gk/shopizer-329083/sm-shop/src/main/webapp/resources/js/ckeditor/plugins/find/dialogs/find.js
2026-03-04 18:40:27,492 - Knowledge - INFO - Batch sizing: calculated=5, max_allowed=10, queue=123, active_workers=20/20
2026-03-04 18:40:27,583 - Knowledge - INFO - [WEBSOCKET] Sent: Type=unknown, Size: ?, Duration: 1055ms
2026-03-04 18:40:27,662 - Knowledge - INFO - Worker kw20 processing /app/data/T0015/329083/b8924gk/shopizer-329083/sm-shop/src/main/webapp/resources/js/ckeditor/plugins/forms/dialogs/form.js
2026-03-04 18:40:27,776 - Knowledge - INFO - process ingested knowledge for /app/data/T0015/329083/b8924gk/shopizer-329083/sm-shop/src/main/webapp/resources/js/ckeditor/lang/en-au.js
2026-03-04 18:40:27,854 - Knowledge - INFO - Worker kw9 processing /app/data/T0015/329083/b8924gk/shopizer-329083/sm-shop/src/main/webapp/resources/js/ckeditor/plugins/templates/templates/default.js
2026-03-04 18:40:28,011 - Knowledge - INFO - process ingested knowledge for /app/data/T0015/329083/b8924gk/shopizer-329083/sm-shop/src/main/webapp/resources/js/ckeditor/lang/id.js
2026-03-04 18:40:28,107 - Knowledge - INFO - process ingested knowledge for /app/data/T0015/329083/b8924gk/shopizer-329083/sm-shop/src/main/webapp/resources/js/ckeditor/plugins/placeholder/lang/fr.js
2026-03-04 18:40:28,147 - Knowledge - INFO - Async storage completed for 5 embeddings
2026-03-04 18:40:28,175 - Knowledge - INFO - process ingested knowledge for /app/data/T0015/329083/b8924gk/shopizer-329083/sm-shop/src/main/webapp/resources/js/ckeditor/plugins/placeholder/lang/ug.js
2026-03-04 18:40:28,270 - Knowledge - INFO - process ingested knowledge for /app/data/T0015/329083/b8924gk/shopizer-329083/sm-shop/src/main/webapp/resources/js/ckeditor/plugins/xml/plugin.js
2026-03-04 18:40:28,449 - Knowledge - INFO - Progress: 85.1% | Files: 1001/1167 | Rate: 1.71 files/sec | Queue: 118
2026-03-04 18:40:28,450 - Knowledge - INFO - [kw6] Queue=118, InProgress=0, PendingWorkers=20/20, Completed=1001/1167 (85.8%)
2026-03-04 18:40:28,456 - Knowledge - INFO - Async storing batch of 5 embeddings
2026-03-04 18:40:28,494 - Knowledge - INFO - Processing batch of 6 files
2026-03-04 18:40:28,511 - Knowledge - INFO - Processing batch of 6 files
2026-03-04 18:40:28,511 - Knowledge - INFO - Processing batch of 6 files
2026-03-04 18:40:28,517 - Knowledge - INFO - Processing batch of 6 files
2026-03-04 18:40:28,520 - Knowledge - INFO - Processing batch of 6 files
2026-03-04 18:40:28,522 - Knowledge - INFO - Processing batch of 6 files
2026-03-04 18:40:28,524 - Knowledge - INFO - Processing batch of 6 files
2026-03-04 18:40:28,533 - Knowledge - INFO - Worker kw20 processing /app/data/T0015/329083/b8924gk/shopizer-329083/sm-shop/src/main/webapp/resources/js/ckeditor/plugins/stylesheetparser/plugin.js
2026-03-04 18:40:28,545 - Knowledge - INFO - Processing batch of 6 files
2026-03-04 18:40:28,619 - Knowledge - INFO - process ingested knowledge for /app/data/T0015/329083/b8924gk/shopizer-329083/sm-shop/src/main/webapp/resources/js/ckeditor/lang/sk.js
2026-03-04 18:40:28,736 - Knowledge - INFO - Fast-tracked /app/data/T0015/329083/b8924gk/shopizer-329083/sm-shop/src/main/webapp/resources/js/ckeditor/plugins/templates/templates/default.js (ext=.js, size=1466)
2026-03-04 18:40:28,853 - Knowledge - INFO - process ingested knowledge for /app/data/T0015/329083/b8924gk/shopizer-329083/sm-shop/src/main/webapp/resources/js/ckeditor/lang/bg.js
2026-03-04 18:40:28,937 - Knowledge - INFO - process ingested knowledge for /app/data/T0015/329083/b8924gk/shopizer-329083/sm-shop/src/main/webapp/resources/js/ckeditor/plugins/placeholder/lang/nb.js
2026-03-04 18:40:29,117 - Knowledge - INFO - process ingested knowledge for /app/data/T0015/329083/b8924gk/shopizer-329083/sm-shop/src/main/webapp/resources/js/ckeditor/plugins/placeholder/lang/cy.js
2026-03-04 18:40:29,228 - Knowledge - INFO - process ingested knowledge for /app/data/T0015/329083/b8924gk/shopizer-329083/sm-shop/src/main/webapp/resources/js/ckeditor/plugins/tabletools/dialogs/tableCell.js
2026-03-04 18:40:29,304 - Knowledge - INFO - [kw14] Queue=118, InProgress=0, PendingWorkers=20/20, Completed=1024/1167 (87.7%)
2026-03-04 18:40:29,327 - Knowledge - INFO - Async storage completed for 6 embeddings
2026-03-04 18:40:29,404 - Knowledge - INFO - Batch sizing: calculated=5, max_allowed=10, queue=118, active_workers=20/20
2026-03-04 18:40:29,484 - Knowledge - INFO - Worker kw13 processing /app/data/T0015/329083/b8924gk/shopizer-329083/sm-shop/src/main/webapp/resources/js/ckeditor/plugins/specialchar/lang/_translationstatus.txt
2026-03-04 18:40:29,560 - Knowledge - INFO - process ingested knowledge for /app/data/T0015/329083/b8924gk/shopizer-329083/sm-shop/src/main/webapp/resources/js/ckeditor/lang/fr-ca.js
2026-03-04 18:40:29,637 - Knowledge - INFO - process ingested knowledge for /app/data/T0015/329083/b8924gk/shopizer-329083/sm-shop/src/main/webapp/resources/js/ckeditor/lang/hr.js
2026-03-04 18:40:29,730 - Knowledge - INFO - process ingested knowledge for /app/data/T0015/329083/b8924gk/shopizer-329083/sm-shop/src/main/webapp/resources/js/ckeditor/lang/vi.js
2026-03-04 18:40:29,809 - Knowledge - INFO - process ingested knowledge for /app/data/T0015/329083/b8924gk/shopizer-329083/sm-shop/src/main/webapp/resources/js/ckeditor/lang/sr-latn.js
2026-03-04 18:40:29,907 - Knowledge - INFO - process ingested knowledge for /app/data/T0015/329083/b8924gk/shopizer-329083/sm-shop/src/main/webapp/resources/js/ckeditor/plugins/docprops/plugin.js
2026-03-04 18:40:29,985 - Knowledge - INFO - process ingested knowledge for /app/data/T0015/329083/b8924gk/shopizer-329083/sm-shop/src/main/webapp/resources/js/ckeditor/lang/es.js
2026-03-04 18:40:30,070 - Knowledge - INFO - process ingested knowledge for /app/data/T0015/329083/b8924gk/shopizer-329083/sm-shop/src/main/webapp/resources/js/ckeditor/lang/is.js
2026-03-04 18:40:30,161 - Knowledge - INFO - Fast-tracked /app/data/T0015/329083/b8924gk/shopizer-329083/sm-shop/src/main/webapp/resources/js/ckeditor/plugins/stylesheetparser/plugin.js (ext=.js, size=1371)
2026-03-04 18:40:30,255 - Knowledge - INFO - process ingested knowledge for /app/data/T0015/329083/b8924gk/shopizer-329083/sm-shop/src/main/webapp/resources/js/ckeditor/lang/zh-cn.js
2026-03-04 18:40:30,326 - Knowledge - INFO - process ingested knowledge for /app/data/T0015/329083/b8924gk/shopizer-329083/sm-shop/src/main/webapp/resources/js/ckeditor/lang/nl.js
2026-03-04 18:40:30,443 - Knowledge - INFO - Worker kw9 processing /app/data/T0015/329083/b8924gk/shopizer-329083/sm-shop/src/main/webapp/resources/js/ckeditor/plugins/specialchar/lang/pt-br.js
2026-03-04 18:40:30,572 - Knowledge - INFO - process ingested knowledge for /app/data/T0015/329083/b8924gk/shopizer-329083/sm-shop/src/main/webapp/resources/js/ckeditor/lang/et.js
2026-03-04 18:40:30,659 - Knowledge - INFO - process ingested knowledge for /app/data/T0015/329083/b8924gk/shopizer-329083/sm-shop/src/main/webapp/resources/js/ckeditor/plugins/placeholder/lang/zh-cn.js
2026-03-04 18:40:30,747 - Knowledge - INFO - process ingested knowledge for /app/data/T0015/329083/b8924gk/shopizer-329083/sm-shop/src/main/webapp/resources/js/ckeditor/plugins/placeholder/lang/eo.js
2026-03-04 18:40:30,875 - Knowledge - INFO - process ingested knowledge for /app/data/T0015/329083/b8924gk/shopizer-329083/sm-shop/src/main/webapp/resources/js/ckeditor/plugins/a11yhelp/lang/pt-br.js
2026-03-04 18:40:30,984 - Knowledge - INFO - Batch sizing: calculated=5, max_allowed=10, queue=118, active_workers=20/20
2026-03-04 18:40:31,147 - Knowledge - INFO - Async storing batch of 5 embeddings
2026-03-04 18:40:31,250 - Knowledge - INFO - Fast-tracked /app/data/T0015/329083/b8924gk/shopizer-329083/sm-shop/src/main/webapp/resources/js/ckeditor/plugins/specialchar/lang/_translationstatus.txt (ext=.txt, size=790)
2026-03-04 18:40:31,359 - Knowledge - INFO - process ingested knowledge for /app/data/T0015/329083/b8924gk/shopizer-329083/sm-shop/src/main/webapp/resources/js/ckeditor/lang/en-gb.js
2026-03-04 18:40:31,437 - Knowledge - INFO - process ingested knowledge for /app/data/T0015/329083/b8924gk/shopizer-329083/sm-shop/src/main/webapp/resources/js/ckeditor/lang/ko.js
2026-03-04 18:40:31,559 - Knowledge - INFO - process ingested knowledge for /app/data/T0015/329083/b8924gk/shopizer-329083/sm-shop/src/main/webapp/resources/js/ckeditor/lang/mn.js
2026-03-04 18:40:31,673 - Knowledge - INFO - process ingested knowledge for /app/data/T0015/329083/b8924gk/shopizer-329083/sm-shop/src/main/webapp/resources/js/ckeditor/lang/ru.js
2026-03-04 18:40:31,749 - Knowledge - INFO - process ingested knowledge for /app/data/T0015/329083/b8924gk/shopizer-329083/sm-shop/src/main/webapp/resources/js/ckeditor/plugins/docprops/dialogs/docprops.js
2026-03-04 18:40:31,852 - Knowledge - INFO - process ingested knowledge for /app/data/T0015/329083/b8924gk/shopizer-329083/sm-shop/src/main/webapp/resources/js/ckeditor/lang/mk.js
2026-03-04 18:40:31,956 - Knowledge - INFO - process ingested knowledge for /app/data/T0015/329083/b8924gk/shopizer-329083/sm-shop/src/main/webapp/resources/js/ckeditor/lang/ug.js
2026-03-04 18:40:32,031 - Knowledge - INFO - Worker kw20 processing /app/data/T0015/329083/b8924gk/shopizer-329083/sm-shop/src/main/webapp/resources/js/ckeditor/plugins/adobeair/plugin.js
2026-03-04 18:40:32,106 - Knowledge - INFO - process ingested knowledge for /app/data/T0015/329083/b8924gk/shopizer-329083/sm-shop/src/main/webapp/resources/js/ckeditor/lang/uk.js
2026-03-04 18:40:32,426 - Knowledge - INFO - process ingested knowledge for /app/data/T0015/329083/b8924gk/shopizer-329083/sm-shop/src/main/webapp/resources/js/ckeditor/lang/de.js
2026-03-04 18:40:32,542 - Knowledge - INFO - process ingested knowledge for /app/data/T0015/329083/b8924gk/shopizer-329083/sm-shop/src/main/webapp/resources/js/ckeditor/plugins/placeholder/lang/uk.js
2026-03-04 18:40:32,649 - Knowledge - INFO - process ingested knowledge for /app/data/T0015/329083/b8924gk/shopizer-329083/sm-shop/src/main/webapp/resources/js/ckeditor/plugins/placeholder/plugin.js
2026-03-04 18:40:32,754 - Knowledge - INFO - process ingested knowledge for /app/data/T0015/329083/b8924gk/shopizer-329083/sm-shop/src/main/webapp/resources/js/ckeditor/plugins/a11yhelp/lang/da.js
2026-03-04 18:40:32,862 - Knowledge - INFO - Async storing batch of 5 embeddings
2026-03-04 18:40:32,876 - Knowledge - INFO - Worker kw6 processing /app/data/T0015/329083/b8924gk/shopizer-329083/sm-shop/src/main/webapp/resources/js/ckeditor/plugins/specialchar/lang/de.js
2026-03-04 18:40:32,901 - Knowledge - INFO - [WEBSOCKET] Sent: Type=progress_update, Size: 295, Duration: 0ms
2026-03-04 18:40:32,954 - Knowledge - INFO - Worker kw13 processing /app/data/T0015/329083/b8924gk/shopizer-329083/sm-shop/src/main/webapp/resources/js/ckeditor/plugins/specialchar/lang/it.js
2026-03-04 18:40:33,039 - Knowledge - INFO - process ingested knowledge for /app/data/T0015/329083/b8924gk/shopizer-329083/sm-shop/src/main/webapp/resources/js/ckeditor/lang/sv.js
2026-03-04 18:40:33,192 - Knowledge - INFO - process ingested knowledge for /app/data/T0015/329083/b8924gk/shopizer-329083/sm-shop/src/main/webapp/resources/js/ckeditor/lang/eu.js
2026-03-04 18:40:33,259 - Knowledge - INFO - process ingested knowledge for /app/data/T0015/329083/b8924gk/shopizer-329083/sm-shop/src/main/webapp/resources/js/ckeditor/lang/ja.js
2026-03-04 18:40:33,334 - Knowledge - INFO - process ingested knowledge for /app/data/T0015/329083/b8924gk/shopizer-329083/sm-shop/src/main/webapp/resources/js/ckeditor/lang/fa.js
2026-03-04 18:40:33,455 - Knowledge - INFO - process ingested knowledge for /app/data/T0015/329083/b8924gk/shopizer-329083/sm-shop/src/main/webapp/resources/js/ckeditor/plugins/tableresize/plugin.js
2026-03-04 18:40:33,569 - Knowledge - INFO - process ingested knowledge for /app/data/T0015/329083/b8924gk/shopizer-329083/sm-shop/src/main/webapp/resources/js/ckeditor/lang/km.js
2026-03-04 18:40:33,646 - Knowledge - INFO - process ingested knowledge for /app/data/T0015/329083/b8924gk/shopizer-329083/sm-shop/src/main/webapp/resources/js/ckeditor/lang/cy.js
2026-03-04 18:40:33,728 - Knowledge - INFO - Fast-tracked /app/data/T0015/329083/b8924gk/shopizer-329083/sm-shop/src/main/webapp/resources/js/ckeditor/plugins/forms/dialogs/form.js (small file (2155 bytes))
2026-03-04 18:40:33,829 - Knowledge - INFO - process ingested knowledge for /app/data/T0015/329083/b8924gk/shopizer-329083/sm-shop/src/main/webapp/resources/js/ckeditor/lang/bn.js
2026-03-04 18:40:34,265 - Knowledge - INFO - Worker kw14 processing /app/data/T0015/329083/b8924gk/shopizer-329083/sm-shop/src/main/webapp/resources/js/ckeditor/plugins/specialchar/lang/cs.js
2026-03-04 18:40:34,324 - Knowledge - INFO - process ingested knowledge for /app/data/T0015/329083/b8924gk/shopizer-329083/sm-shop/src/main/webapp/resources/js/ckeditor/plugins/a11yhelp/lang/_translationstatus.txt
2026-03-04 18:40:34,379 - Knowledge - INFO - Worker kw6 processing /app/data/T0015/329083/b8924gk/shopizer-329083/sm-shop/src/main/webapp/resources/js/ckeditor/plugins/specialchar/lang/el.js
2026-03-04 18:40:34,514 - Knowledge - INFO - [WEBSOCKET] Sent: Type=unknown, Size: ?, Duration: 1614ms
2026-03-04 18:40:34,602 - Knowledge - INFO - Worker kw13 processing /app/data/T0015/329083/b8924gk/shopizer-329083/sm-shop/src/main/webapp/resources/js/ckeditor/plugins/specialchar/lang/he.js
2026-03-04 18:40:34,853 - Knowledge - INFO - process ingested knowledge for /app/data/T0015/329083/b8924gk/shopizer-329083/sm-shop/src/main/webapp/resources/js/ckeditor/lang/hi.js
2026-03-04 18:40:34,947 - Knowledge - INFO - process ingested knowledge for /app/data/T0015/329083/b8924gk/shopizer-329083/sm-shop/src/main/webapp/resources/js/ckeditor/lang/zh.js
2026-03-04 18:40:35,060 - Knowledge - INFO - process ingested knowledge for /app/data/T0015/329083/b8924gk/shopizer-329083/sm-shop/src/main/webapp/resources/js/ckeditor/lang/en.js
2026-03-04 18:40:35,062 - Knowledge - INFO - process ingested knowledge for /app/data/T0015/329083/b8924gk/shopizer-329083/sm-shop/src/main/webapp/resources/js/ckeditor/lang/af.js
2026-03-04 18:40:35,271 - Knowledge - INFO - process ingested knowledge for /app/data/T0015/329083/b8924gk/shopizer-329083/sm-shop/src/main/webapp/resources/js/ckeditor/plugins/link/dialogs/anchor.js
2026-03-04 18:40:35,273 - Knowledge - INFO - process ingested knowledge for /app/data/T0015/329083/b8924gk/shopizer-329083/sm-shop/src/main/webapp/resources/js/ckeditor/lang/lt.js
2026-03-04 18:40:35,300 - Knowledge - INFO - process ingested knowledge for /app/data/T0015/329083/b8924gk/shopizer-329083/sm-shop/src/main/webapp/resources/js/ckeditor/lang/gu.js
2026-03-04 18:40:35,413 - Knowledge - INFO - Fast-tracked /app/data/T0015/329083/b8924gk/shopizer-329083/sm-shop/src/main/webapp/resources/js/ckeditor/plugins/adobeair/plugin.js (small file (2599 bytes))
2026-03-04 18:40:35,524 - Knowledge - INFO - process ingested knowledge for /app/data/T0015/329083/b8924gk/shopizer-329083/sm-shop/src/main/webapp/resources/js/ckeditor/lang/pl.js
2026-03-04 18:40:35,631 - Knowledge - INFO - Worker kw14 processing /app/data/T0015/329083/b8924gk/shopizer-329083/sm-shop/src/main/webapp/resources/js/ckeditor/plugins/specialchar/lang/tr.js
2026-03-04 18:40:35,826 - Knowledge - INFO - Worker kw6 processing /app/data/T0015/329083/b8924gk/shopizer-329083/sm-shop/src/main/webapp/resources/js/ckeditor/plugins/specialchar/lang/fa.js
2026-03-04 18:40:35,934 - Knowledge - INFO - Progress: 87.7% | Files: 1024/1167 | Rate: 1.73 files/sec | Queue: 108
2026-03-04 18:40:35,935 - Knowledge - INFO - [kw15] Queue=108, InProgress=0, PendingWorkers=20/20, Completed=1024/1167 (87.7%)
2026-03-04 18:40:35,935 - Knowledge - INFO - [kw17] Queue=108, InProgress=0, PendingWorkers=20/20, Completed=1024/1167 (87.7%)
2026-03-04 18:40:35,935 - Knowledge - INFO - [kw11] Queue=108, InProgress=0, PendingWorkers=20/20, Completed=1024/1167 (87.7%)
2026-03-04 18:40:36,038 - Knowledge - INFO - Worker kw13 processing /app/data/T0015/329083/b8924gk/shopizer-329083/sm-shop/src/main/webapp/resources/js/ckeditor/plugins/specialchar/lang/no.js
2026-03-04 18:40:36,180 - Knowledge - INFO - process ingested knowledge for /app/data/T0015/329083/b8924gk/shopizer-329083/sm-shop/src/main/webapp/resources/js/ckeditor/lang/ro.js
2026-03-04 18:40:36,207 - Knowledge - INFO - process ingested knowledge for /app/data/T0015/329083/b8924gk/shopizer-329083/sm-shop/src/main/webapp/resources/js/ckeditor/lang/lv.js
2026-03-04 18:40:36,322 - Knowledge - INFO - process ingested knowledge for /app/data/T0015/329083/b8924gk/shopizer-329083/sm-shop/src/main/webapp/resources/js/ckeditor/lang/ar.js
2026-03-04 18:40:36,456 - Knowledge - INFO - process ingested knowledge for /app/data/T0015/329083/b8924gk/shopizer-329083/sm-shop/src/main/webapp/resources/js/ckeditor/lang/sl.js
2026-03-04 18:40:36,509 - Knowledge - INFO - [kw2] Queue=108, InProgress=0, PendingWorkers=20/20, Completed=1024/1167 (87.7%)
2026-03-04 18:40:36,528 - Knowledge - INFO - process ingested knowledge for /app/data/T0015/329083/b8924gk/shopizer-329083/sm-shop/src/main/webapp/resources/js/ckeditor/plugins/link/dialogs/link.js
2026-03-04 18:40:36,621 - Knowledge - INFO - process ingested knowledge for /app/data/T0015/329083/b8924gk/shopizer-329083/sm-shop/src/main/webapp/resources/js/ckeditor/lang/ms.js
2026-03-04 18:40:36,705 - Knowledge - INFO - process ingested knowledge for /app/data/T0015/329083/b8924gk/shopizer-329083/sm-shop/src/main/webapp/resources/js/ckeditor/lang/pt.js
2026-03-04 18:40:36,774 - Knowledge - INFO - Async storage completed for 6 embeddings
2026-03-04 18:40:36,802 - Knowledge - INFO - Fast-tracked /app/data/T0015/329083/b8924gk/shopizer-329083/sm-shop/src/main/webapp/resources/js/ckeditor/plugins/templates/dialogs/templates.js (small file (3006 bytes))
2026-03-04 18:40:36,881 - Knowledge - INFO - process ingested knowledge for /app/data/T0015/329083/b8924gk/shopizer-329083/sm-shop/src/main/webapp/resources/js/ckeditor/lang/th.js
2026-03-04 18:40:36,959 - Knowledge - INFO - Worker kw14 processing /app/data/T0015/329083/b8924gk/shopizer-329083/sm-shop/src/main/webapp/resources/js/ckeditor/plugins/specialchar/lang/nl.js
2026-03-04 18:40:37,035 - Knowledge - INFO - Worker kw6 processing /app/data/T0015/329083/b8924gk/shopizer-329083/sm-shop/src/main/webapp/resources/js/ckeditor/plugins/specialchar/lang/fi.js
2026-03-04 18:40:37,107 - Knowledge - INFO - [kw18] Queue=108, InProgress=0, PendingWorkers=20/20, Completed=1024/1167 (87.7%)
2026-03-04 18:40:37,190 - Knowledge - INFO - Batch sizing: calculated=5, max_allowed=10, queue=108, active_workers=20/20
2026-03-04 18:40:37,260 - Knowledge - INFO - Batch sizing: calculated=5, max_allowed=10, queue=108, active_workers=20/20
2026-03-04 18:40:37,345 - Knowledge - INFO - Batch sizing: calculated=5, max_allowed=10, queue=108, active_workers=20/20
2026-03-04 18:40:37,419 - Knowledge - INFO - Worker kw13 processing /app/data/T0015/329083/b8924gk/shopizer-329083/sm-shop/src/main/webapp/resources/js/ckeditor/plugins/specialchar/lang/et.js
2026-03-04 18:40:37,554 - Knowledge - INFO - process ingested knowledge for /app/data/T0015/329083/b8924gk/shopizer-329083/sm-shop/src/main/webapp/resources/js/ckeditor/lang/el.js
2026-03-04 18:40:37,626 - Knowledge - INFO - process ingested knowledge for /app/data/T0015/329083/b8924gk/shopizer-329083/sm-shop/src/main/webapp/resources/js/ckeditor/lang/fr.js
2026-03-04 18:40:37,715 - Knowledge - INFO - process ingested knowledge for /app/data/T0015/329083/b8924gk/shopizer-329083/sm-shop/src/main/webapp/resources/js/ckeditor/lang/gl.js
2026-03-04 18:40:37,827 - Knowledge - INFO - process ingested knowledge for /app/data/T0015/329083/b8924gk/shopizer-329083/sm-shop/src/main/webapp/resources/js/ckeditor/lang/fi.js
2026-03-04 18:40:37,932 - Knowledge - INFO - Batch sizing: calculated=5, max_allowed=10, queue=108, active_workers=20/20
2026-03-04 18:40:38,003 - Knowledge - INFO - process ingested knowledge for /app/data/T0015/329083/b8924gk/shopizer-329083/sm-shop/src/main/webapp/resources/js/ckeditor/plugins/flash/dialogs/flash.js
2026-03-04 18:40:38,082 - Knowledge - INFO - process ingested knowledge for /app/data/T0015/329083/b8924gk/shopizer-329083/sm-shop/src/main/webapp/resources/js/ckeditor/lang/nb.js
2026-03-04 18:40:38,211 - Knowledge - INFO - process ingested knowledge for /app/data/T0015/329083/b8924gk/shopizer-329083/sm-shop/src/main/webapp/resources/js/ckeditor/lang/eo.js
2026-03-04 18:40:38,362 - Knowledge - INFO - Processing batch of 5 files
2026-03-04 18:40:38,518 - Knowledge - INFO - process ingested knowledge for /app/data/T0015/329083/b8924gk/shopizer-329083/sm-shop/src/main/webapp/resources/js/ckeditor/lang/ka.js
2026-03-04 18:40:38,609 - Knowledge - INFO - Worker kw14 processing /app/data/T0015/329083/b8924gk/shopizer-329083/sm-shop/src/main/webapp/resources/js/ckeditor/plugins/specialchar/lang/hr.js
2026-03-04 18:40:38,690 - Knowledge - INFO - Worker kw6 processing /app/data/T0015/329083/b8924gk/shopizer-329083/sm-shop/src/main/webapp/resources/js/ckeditor/plugins/specialchar/lang/en.js
2026-03-04 18:40:38,778 - Knowledge - INFO - Batch sizing: calculated=5, max_allowed=10, queue=108, active_workers=20/20
2026-03-04 18:40:38,870 - Knowledge - INFO - Async storing batch of 6 embeddings
2026-03-04 18:40:38,960 - Knowledge - INFO - Async storing batch of 5 embeddings
2026-03-04 18:40:39,088 - Knowledge - INFO - Async storing batch of 5 embeddings
2026-03-04 18:40:39,209 - Knowledge - INFO - Async storage completed for 5 embeddings
2026-03-04 18:40:40,058 - Knowledge - INFO - Async storing batch of 6 embeddings
2026-03-04 18:40:40,175 - Knowledge - INFO - process ingested knowledge for /app/data/T0015/329083/b8924gk/shopizer-329083/sm-shop/src/main/webapp/resources/js/ckeditor/plugins/forms/dialogs/hiddenfield.js
2026-03-04 18:40:40,424 - Knowledge - INFO - Worker kw14 processing /app/data/T0015/329083/b8924gk/shopizer-329083/sm-shop/src/main/webapp/resources/js/ckeditor/plugins/specialchar/lang/fr.js
2026-03-04 18:40:40,698 - Knowledge - INFO - Worker kw15 processing /app/data/T0015/329083/b8924gk/shopizer-329083/sm-shop/src/main/webapp/resources/js/ckeditor/plugins/specialchar/lang/nb.js
2026-03-04 18:40:40,800 - Knowledge - INFO - Worker kw17 processing /app/data/T0015/329083/b8924gk/shopizer-329083/sm-shop/src/main/webapp/resources/js/ckeditor/plugins/specialchar/dialogs/specialchar.js
2026-03-04 18:40:40,893 - Knowledge - INFO - Worker kw11 processing /app/data/T0015/329083/b8924gk/shopizer-329083/sm-shop/src/main/webapp/resources/js/jquery.raty.min.js
2026-03-04 18:40:41,058 - Knowledge - INFO - Async storing batch of 6 embeddings
2026-03-04 18:40:41,106 - Knowledge - INFO - Worker kw2 processing /app/data/T0015/329083/b8924gk/shopizer-329083/sm-shop/src/main/webapp/resources/smart-client/skins/Graphite/images/readme.txt
2026-03-04 18:40:41,421 - Knowledge - INFO - Worker kw15 processing /app/data/T0015/329083/b8924gk/shopizer-329083/sm-shop/src/main/webapp/resources/js/ckeditor/plugins/specialchar/lang/zh-cn.js
2026-03-04 18:40:41,538 - Knowledge - INFO - Worker kw17 processing /app/data/T0015/329083/b8924gk/shopizer-329083/sm-shop/src/main/webapp/resources/js/ckeditor/themes/default/theme.js
2026-03-04 18:40:41,601 - Knowledge - INFO - Fast-tracked /app/data/T0015/329083/b8924gk/shopizer-329083/sm-shop/src/main/webapp/resources/js/jquery.raty.min.js (ext=.js, size=8273)
2026-03-04 18:40:41,701 - Knowledge - INFO - Worker kw18 processing /app/data/T0015/329083/b8924gk/shopizer-329083/sm-shop/src/main/webapp/resources/smart-client/skins/SmartClient/unsupported_browser.html
2026-03-04 18:40:41,841 - Knowledge - INFO - Fast-tracked /app/data/T0015/329083/b8924gk/shopizer-329083/sm-shop/src/main/webapp/resources/smart-client/skins/Graphite/images/readme.txt (ext=.txt, size=174)
2026-03-04 18:40:41,935 - Knowledge - INFO - Worker kw15 processing /app/data/T0015/329083/b8924gk/shopizer-329083/sm-shop/src/main/webapp/resources/js/ckeditor/plugins/specialchar/lang/ug.js
2026-03-04 18:40:42,018 - Knowledge - INFO - Worker kw17 processing /app/data/T0015/329083/b8924gk/shopizer-329083/sm-shop/src/main/webapp/resources/js/ckeditor/config.js
2026-03-04 18:40:42,027 - Knowledge - INFO - process ingested knowledge for /app/data/T0015/329083/b8924gk/shopizer-329083/sm-shop/src/main/webapp/resources/js/ckeditor/plugins/forms/dialogs/button.js
2026-03-04 18:40:42,113 - Knowledge - INFO - Worker kw11 processing /app/data/T0015/329083/b8924gk/shopizer-329083/sm-shop/src/main/webapp/resources/js/jquery.formatCurrency-1.4.0.js
2026-03-04 18:40:42,242 - Knowledge - INFO - Worker kw18 processing /app/data/T0015/329083/b8924gk/shopizer-329083/sm-shop/src/main/webapp/resources/smart-client/skins/SmartClient/skin_styles.css
2026-03-04 18:40:42,349 - Knowledge - INFO - Worker kw2 processing /app/data/T0015/329083/b8924gk/shopizer-329083/sm-shop/src/main/webapp/resources/smart-client/skins/Graphite/load_skin.js
2026-03-04 18:40:42,430 - Knowledge - INFO - Worker kw15 processing /app/data/T0015/329083/b8924gk/shopizer-329083/sm-shop/src/main/webapp/resources/js/ckeditor/plugins/specialchar/lang/cy.js
2026-03-04 18:40:42,502 - Knowledge - INFO - Fast-tracked /app/data/T0015/329083/b8924gk/shopizer-329083/sm-shop/src/main/webapp/resources/js/ckeditor/config.js (ext=.js, size=331)
2026-03-04 18:40:42,644 - Knowledge - INFO - Worker kw11 processing /app/data/T0015/329083/b8924gk/shopizer-329083/sm-shop/src/main/webapp/resources/js/json2.js
2026-03-04 18:40:42,644 - Knowledge - INFO - [kw12] Queue=83, InProgress=0, PendingWorkers=20/20, Completed=1029/1167 (88.2%)
2026-03-04 18:40:42,645 - Knowledge - INFO - [kw8] Queue=83, InProgress=0, PendingWorkers=20/20, Completed=1029/1167 (88.2%)
2026-03-04 18:40:42,722 - Knowledge - INFO - Fast-tracked /app/data/T0015/329083/b8924gk/shopizer-329083/sm-shop/src/main/webapp/resources/smart-client/skins/SmartClient/skin_styles.css (ext=.css, size=55643)
2026-03-04 18:40:42,838 - Knowledge - INFO - Worker kw2 processing /app/data/T0015/329083/b8924gk/shopizer-329083/sm-shop/src/main/webapp/resources/smart-client/skins/Graphite/unsupported_browser.html
2026-03-04 18:40:42,858 - Knowledge - INFO - process ingested knowledge for /app/data/T0015/329083/b8924gk/shopizer-329083/sm-shop/src/main/webapp/resources/js/ckeditor/plugins/forms/dialogs/form.js
2026-03-04 18:40:42,963 - Knowledge - INFO - Worker kw15 processing /app/data/T0015/329083/b8924gk/shopizer-329083/sm-shop/src/main/webapp/resources/js/ckeditor/plugins/specialchar/lang/eo.js
2026-03-04 18:40:43,034 - Knowledge - INFO - Worker kw17 processing /app/data/T0015/329083/b8924gk/shopizer-329083/sm-shop/src/main/webapp/resources/js/adminFunctions.js
2026-03-04 18:40:43,159 - Knowledge - INFO - Worker kw11 processing /app/data/T0015/329083/b8924gk/shopizer-329083/sm-shop/src/main/webapp/resources/js/jquery-sort-filter-plugin.js
2026-03-04 18:40:43,240 - Knowledge - INFO - Batch sizing: calculated=4, max_allowed=10, queue=83, active_workers=20/20
2026-03-04 18:40:43,321 - Knowledge - INFO - Batch sizing: calculated=4, max_allowed=10, queue=83, active_workers=20/20
2026-03-04 18:40:43,427 - Knowledge - INFO - Worker kw18 processing /app/data/T0015/329083/b8924gk/shopizer-329083/sm-shop/src/main/webapp/resources/smart-client/skins/Enterprise/images/readme.txt
2026-03-04 18:40:43,533 - Knowledge - INFO - [kw10] Queue=83, InProgress=0, PendingWorkers=20/20, Completed=1029/1167 (88.2%)
2026-03-04 18:40:43,541 - Knowledge - INFO - Worker kw2 processing /app/data/T0015/329083/b8924gk/shopizer-329083/sm-shop/src/main/webapp/resources/smart-client/skins/Graphite/skin_styles.css
2026-03-04 18:40:43,824 - Knowledge - INFO - Fast-tracked /app/data/T0015/329083/b8924gk/shopizer-329083/sm-shop/src/main/webapp/resources/js/adminFunctions.js (ext=.js, size=1527)
2026-03-04 18:40:43,913 - Knowledge - INFO - Fast-tracked /app/data/T0015/329083/b8924gk/shopizer-329083/sm-shop/src/main/webapp/resources/js/jquery-sort-filter-plugin.js (ext=.js, size=553)
2026-03-04 18:40:44,065 - Knowledge - INFO - process ingested knowledge for /app/data/T0015/329083/b8924gk/shopizer-329083/sm-shop/src/main/webapp/resources/js/ckeditor/plugins/stylesheetparser/plugin.js
2026-03-04 18:40:44,166 - Knowledge - INFO - Fast-tracked /app/data/T0015/329083/b8924gk/shopizer-329083/sm-shop/src/main/webapp/resources/smart-client/skins/Enterprise/images/readme.txt (ext=.txt, size=174)
2026-03-04 18:40:44,190 - Knowledge - INFO - Async storing batch of 6 embeddings
2026-03-04 18:40:44,232 - Knowledge - INFO - Batch sizing: calculated=4, max_allowed=10, queue=83, active_workers=20/20
2026-03-04 18:40:44,323 - Knowledge - INFO - Fast-tracked /app/data/T0015/329083/b8924gk/shopizer-329083/sm-shop/src/main/webapp/resources/smart-client/skins/Graphite/skin_styles.css (ext=.css, size=64244)
2026-03-04 18:40:44,323 - Knowledge - INFO - [kw19] Queue=79, InProgress=0, PendingWorkers=20/20, Completed=1029/1167 (88.2%)
2026-03-04 18:40:44,324 - Knowledge - INFO - [kw7] Queue=79, InProgress=0, PendingWorkers=20/20, Completed=1029/1167 (88.2%)
2026-03-04 18:40:44,324 - Knowledge - INFO - [kw16] Queue=79, InProgress=0, PendingWorkers=20/20, Completed=1029/1167 (88.2%)
2026-03-04 18:40:44,325 - Knowledge - INFO - Async storing batch of 6 embeddings
2026-03-04 18:40:44,325 - Knowledge - INFO - [kw5] Queue=75, InProgress=0, PendingWorkers=20/20, Completed=1029/1167 (88.2%)
2026-03-04 18:40:44,356 - Knowledge - INFO - [kw4] Queue=75, InProgress=0, PendingWorkers=20/20, Completed=1029/1167 (88.2%)
2026-03-04 18:40:44,403 - Knowledge - INFO - Worker kw17 processing /app/data/T0015/329083/b8924gk/shopizer-329083/sm-shop/src/main/webapp/resources/js/shop-functions.js
2026-03-04 18:40:44,484 - Knowledge - INFO - Worker kw11 processing /app/data/T0015/329083/b8924gk/shopizer-329083/sm-shop/src/main/webapp/resources/js/jquery.alphanumeric.pack.js
2026-03-04 18:40:44,602 - Knowledge - INFO - process ingested knowledge for /app/data/T0015/329083/b8924gk/shopizer-329083/sm-shop/src/main/webapp/resources/js/ckeditor/plugins/adobeair/plugin.js
2026-03-04 18:40:44,724 - Knowledge - INFO - Worker kw18 processing /app/data/T0015/329083/b8924gk/shopizer-329083/sm-shop/src/main/webapp/resources/smart-client/skins/Enterprise/load_skin.js
2026-03-04 18:40:44,814 - Knowledge - INFO - Worker kw12 processing /app/data/T0015/329083/b8924gk/shopizer-329083/sm-shop/src/main/webapp/resources/smart-client/skins/Enterprise/skin_styles.css
2026-03-04 18:40:44,883 - Knowledge - INFO - Async storing batch of 6 embeddings
2026-03-04 18:40:44,961 - Knowledge - INFO - Worker kw2 processing /app/data/T0015/329083/b8924gk/shopizer-329083/sm-shop/src/main/webapp/resources/smart-client/skins/SmartClient/load_skin.js
2026-03-04 18:40:45,052 - Knowledge - INFO - Batch sizing: calculated=4, max_allowed=10, queue=79, active_workers=20/20
2026-03-04 18:40:45,131 - Knowledge - INFO - Batch sizing: calculated=4, max_allowed=10, queue=79, active_workers=20/20
2026-03-04 18:40:45,240 - Knowledge - INFO - Batch sizing: calculated=4, max_allowed=10, queue=79, active_workers=20/20
2026-03-04 18:40:45,348 - Knowledge - INFO - Worker kw8 processing /app/data/T0015/329083/b8924gk/shopizer-329083/sm-shop/src/main/webapp/resources/smart-client/skins/EnterpriseBlue/skin_styles.css
2026-03-04 18:40:45,465 - Knowledge - INFO - Batch sizing: calculated=4, max_allowed=10, queue=75, active_workers=20/20
2026-03-04 18:40:45,544 - Knowledge - INFO - Batch sizing: calculated=4, max_allowed=10, queue=75, active_workers=20/20
2026-03-04 18:40:45,708 - Knowledge - INFO - Fast-tracked /app/data/T0015/329083/b8924gk/shopizer-329083/sm-shop/src/main/webapp/resources/js/jquery.alphanumeric.pack.js (ext=.js, size=1205)
2026-03-04 18:40:45,922 - Knowledge - INFO - Worker kw18 processing /app/data/T0015/329083/b8924gk/shopizer-329083/sm-shop/src/main/webapp/resources/smart-client/skins/Enterprise/unsupported_browser.html
2026-03-04 18:40:46,017 - Knowledge - INFO - [LLM_CALL] Completed: image.js:chunk1, Duration: 19493ms, PromptTokens: 12992, CompletionTokens: 276, Cost: $0.00141
2026-03-04 18:40:46,035 - Knowledge - INFO - Fast-tracked /app/data/T0015/329083/b8924gk/shopizer-329083/sm-shop/src/main/webapp/resources/smart-client/skins/Enterprise/skin_styles.css (ext=.css, size=65873)
2026-03-04 18:40:46,142 - Knowledge - INFO - Worker kw10 processing /app/data/T0015/329083/b8924gk/shopizer-329083/sm-shop/src/main/webapp/resources/smart-client/components/components/event_propagation.html
2026-03-04 18:40:46,596 - Knowledge - INFO - Fast-tracked /app/data/T0015/329083/b8924gk/shopizer-329083/sm-shop/src/main/webapp/resources/smart-client/skins/EnterpriseBlue/skin_styles.css (ext=.css, size=190049)
2026-03-04 18:40:46,978 - Knowledge - INFO - Fast-tracked /app/data/T0015/329083/b8924gk/shopizer-329083/sm-shop/src/main/webapp/resources/smart-client/skins/SmartClient/unsupported_browser.html (small file (2241 bytes))
2026-03-04 18:40:47,000 - Knowledge - INFO - Async storage completed for 5 embeddings
2026-03-04 18:40:47,070 - Knowledge - INFO - done ingest for /app/data/T0015/329083/b8924gk/shopizer-329083/sm-shop/src/main/webapp/resources/js/ckeditor/plugins/image/dialogs/image.js
2026-03-04 18:40:47,072 - Knowledge - INFO - Async storing batch of 6 embeddings
2026-03-04 18:40:47,072 - Knowledge - INFO - Async storing batch of 6 embeddings
2026-03-04 18:40:47,073 - Knowledge - INFO - Async storing batch of 6 embeddings
2026-03-04 18:40:47,074 - Knowledge - INFO - Async storing batch of 6 embeddings
2026-03-04 18:40:47,074 - Knowledge - INFO - Async storing batch of 6 embeddings
2026-03-04 18:40:47,075 - Knowledge - INFO - [kw20] Queue=51, InProgress=0, PendingWorkers=20/20, Completed=1029/1167 (88.2%)
2026-03-04 18:40:47,157 - Knowledge - INFO - Worker kw12 processing /app/data/T0015/329083/b8924gk/shopizer-329083/sm-shop/src/main/webapp/resources/smart-client/skins/EnterpriseBlue/images/readme.txt
2026-03-04 18:40:47,292 - Knowledge - INFO - Worker kw10 processing /app/data/T0015/329083/b8924gk/shopizer-329083/sm-shop/src/main/webapp/resources/smart-client/components/components/event_logger.html
2026-03-04 18:40:47,387 - Knowledge - INFO - Worker kw8 processing /app/data/T0015/329083/b8924gk/shopizer-329083/sm-shop/src/main/webapp/resources/smart-client/components/components/refresh_response.html
2026-03-04 18:40:47,812 - Knowledge - INFO - Fast-tracked /app/data/T0015/329083/b8924gk/shopizer-329083/sm-shop/src/main/webapp/resources/js/ckeditor/plugins/specialchar/lang/zh-cn.js (small file (2399 bytes))
2026-03-04 18:40:47,848 - Knowledge - INFO - Worker kw19 processing /app/data/T0015/329083/b8924gk/shopizer-329083/sm-shop/src/main/webapp/resources/smart-client/components/components/toolbar_features.html
2026-03-04 18:40:47,864 - Knowledge - INFO - [LLM_CALL] Completed: smiley.js:chunk1, Duration: 23066ms, PromptTokens: 2830, CompletionTokens: 277, Cost: $0.00039
2026-03-04 18:40:47,918 - Knowledge - INFO - Worker kw16 processing /app/data/T0015/329083/b8924gk/shopizer-329083/sm-shop/src/main/webapp/resources/smart-client/components/components/event_details.html
2026-03-04 18:40:48,048 - Knowledge - INFO - Worker kw7 processing /app/data/T0015/329083/b8924gk/shopizer-329083/sm-shop/src/main/webapp/resources/smart-client/components/components/listGrid_drag.html
2026-03-04 18:40:48,135 - Knowledge - INFO - Worker kw5 processing /app/data/T0015/329083/b8924gk/shopizer-329083/sm-shop/src/main/webapp/resources/smart-client/components/components/stretchImgButton_selection.html
2026-03-04 18:40:48,216 - Knowledge - INFO - Worker kw4 processing /app/data/T0015/329083/b8924gk/shopizer-329083/sm-shop/src/main/webapp/resources/smart-client/components/components/imgButton_selection.html
2026-03-04 18:40:48,317 - Knowledge - INFO - Batch sizing: calculated=4, max_allowed=10, queue=51, active_workers=20/20
2026-03-04 18:40:48,457 - Knowledge - INFO - Fast-tracked /app/data/T0015/329083/b8924gk/shopizer-329083/sm-shop/src/main/webapp/resources/smart-client/skins/EnterpriseBlue/images/readme.txt (ext=.txt, size=174)
2026-03-04 18:40:48,548 - Knowledge - INFO - Worker kw10 processing /app/data/T0015/329083/b8924gk/shopizer-329083/sm-shop/src/main/webapp/resources/smart-client/components/components/button_selection.html
2026-03-04 18:40:48,641 - Knowledge - INFO - Fast-tracked /app/data/T0015/329083/b8924gk/shopizer-329083/sm-shop/src/main/webapp/resources/smart-client/components/components/refresh_response.html (ext=.html, size=204)
2026-03-04 18:40:48,841 - Knowledge - INFO - Worker kw19 processing /app/data/T0015/329083/b8924gk/shopizer-329083/sm-shop/src/main/webapp/resources/smart-client/components/components/img_rollover.html
2026-03-04 18:40:48,955 - Knowledge - INFO - done ingest for /app/data/T0015/329083/b8924gk/shopizer-329083/sm-shop/src/main/webapp/resources/js/ckeditor/plugins/smiley/dialogs/smiley.js
2026-03-04 18:40:48,956 - Knowledge - INFO - [LLM_CALL] Completed: plugin.js:chunk1, Duration: 13021ms, PromptTokens: 7558, CompletionTokens: 530, Cost: $0.00097
2026-03-04 18:40:49,111 - Knowledge - INFO - Worker kw16 processing /app/data/T0015/329083/b8924gk/shopizer-329083/sm-shop/src/main/webapp/resources/smart-client/components/components/menu_features.html
2026-03-04 18:40:49,194 - Knowledge - INFO - Worker kw7 processing /app/data/T0015/329083/b8924gk/shopizer-329083/sm-shop/src/main/webapp/resources/smart-client/components/components/skin_custom.html
2026-03-04 18:40:49,276 - Knowledge - INFO - Worker kw5 processing /app/data/T0015/329083/b8924gk/shopizer-329083/sm-shop/src/main/webapp/resources/smart-client/components/components/dynamicForm_item_types.html
2026-03-04 18:40:49,363 - Knowledge - INFO - Worker kw4 processing /app/data/T0015/329083/b8924gk/shopizer-329083/sm-shop/src/main/webapp/resources/smart-client/components/components/slider_colormixer.html
2026-03-04 18:40:49,573 - Knowledge - INFO - Worker kw12 processing /app/data/T0015/329083/b8924gk/shopizer-329083/sm-shop/src/main/webapp/resources/smart-client/skins/EnterpriseBlue/load_skin.js
2026-03-04 18:40:49,689 - Knowledge - INFO - Worker kw10 processing /app/data/T0015/329083/b8924gk/shopizer-329083/sm-shop/src/main/webapp/resources/smart-client/components/components/canvas_clip_scroll.html
2026-03-04 18:40:49,815 - Knowledge - INFO - Worker kw8 processing /app/data/T0015/329083/b8924gk/shopizer-329083/sm-shop/src/main/webapp/resources/smart-client/components/components/backButton.html
2026-03-04 18:40:49,933 - Knowledge - INFO - Fast-tracked /app/data/T0015/329083/b8924gk/shopizer-329083/sm-shop/src/main/webapp/resources/smart-client/components/components/img_rollover.html (ext=.html, size=1327)
2026-03-04 18:40:50,093 - Knowledge - INFO - done ingest for /app/data/T0015/329083/b8924gk/shopizer-329083/sm-shop/src/main/webapp/resources/js/ckeditor/plugins/bbcode/plugin.js
2026-03-04 18:40:50,123 - Knowledge - INFO - Async storing batch of 5 embeddings
2026-03-04 18:40:50,566 - Knowledge - INFO - Worker kw16 processing /app/data/T0015/329083/b8924gk/shopizer-329083/sm-shop/src/main/webapp/resources/smart-client/components/components/dialog_globals.html
2026-03-04 18:40:50,588 - Knowledge - INFO - Worker kw7 processing /app/data/T0015/329083/b8924gk/shopizer-329083/sm-shop/src/main/webapp/resources/smart-client/components/components/editableListGrid_init.html
2026-03-04 18:40:50,690 - Knowledge - INFO - [LLM_CALL] Completed: he.js:chunk1, Duration: 10740ms, PromptTokens: 3084, CompletionTokens: 187, Cost: $0.00038
2026-03-04 18:40:50,696 - Knowledge - INFO - Worker kw5 processing /app/data/T0015/329083/b8924gk/shopizer-329083/sm-shop/src/main/webapp/resources/smart-client/components/components/widget_layering.html
2026-03-04 18:40:50,798 - Knowledge - INFO - Worker kw4 processing /app/data/T0015/329083/b8924gk/shopizer-329083/sm-shop/src/main/webapp/resources/smart-client/components/components/dynamicForm_annotations.html
2026-03-04 18:40:50,917 - Knowledge - INFO - Worker kw12 processing /app/data/T0015/329083/b8924gk/shopizer-329083/sm-shop/src/main/webapp/resources/smart-client/skins/EnterpriseBlue/unsupported_browser.html
2026-03-04 18:40:51,144 - Knowledge - INFO - Worker kw8 processing /app/data/T0015/329083/b8924gk/shopizer-329083/sm-shop/src/main/webapp/resources/smart-client/components/components/listGrid_init.html
2026-03-04 18:40:51,225 - Knowledge - INFO - Worker kw19 processing /app/data/T0015/329083/b8924gk/shopizer-329083/sm-shop/src/main/webapp/resources/smart-client/components/components/dynamicForm_validators.html
2026-03-04 18:40:51,483 - Knowledge - INFO - Worker kw20 processing /app/data/T0015/329083/b8924gk/shopizer-329083/sm-shop/src/main/webapp/resources/smart-client/components/components/tabSet_init.html
2026-03-04 18:40:51,610 - Knowledge - INFO - Worker kw16 processing /app/data/T0015/329083/b8924gk/shopizer-329083/sm-shop/src/main/webapp/resources/smart-client/components/components/window_init.html
2026-03-04 18:40:51,712 - Knowledge - INFO - Worker kw7 processing /app/data/T0015/329083/b8924gk/shopizer-329083/sm-shop/src/main/webapp/resources/smart-client/components/components/replaceFromServer.html
2026-03-04 18:40:51,797 - Knowledge - INFO - done ingest for /app/data/T0015/329083/b8924gk/shopizer-329083/sm-shop/src/main/webapp/resources/js/ckeditor/plugins/specialchar/lang/he.js
2026-03-04 18:40:51,866 - Knowledge - INFO - Worker kw5 processing /app/data/T0015/329083/b8924gk/shopizer-329083/sm-shop/src/main/webapp/resources/smart-client/components/components/scrollBar_custom.html
2026-03-04 18:40:51,946 - Knowledge - INFO - Worker kw4 processing /app/data/T0015/329083/b8924gk/shopizer-329083/sm-shop/src/main/webapp/resources/smart-client/components/components/dynamicForm_layout.html
2026-03-04 18:40:52,251 - Knowledge - INFO - [LLM_CALL] Completed: pt-br.js:chunk1, Duration: 13849ms, PromptTokens: 3264, CompletionTokens: 162, Cost: $0.00039
2026-03-04 18:40:52,255 - Knowledge - INFO - Worker kw19 processing /app/data/T0015/329083/b8924gk/shopizer-329083/sm-shop/src/main/webapp/resources/smart-client/components/components/treeGrid_init.html
2026-03-04 18:40:52,377 - Knowledge - INFO - Fast-tracked /app/data/T0015/329083/b8924gk/shopizer-329083/sm-shop/src/main/webapp/resources/smart-client/components/components/tabSet_init.html (ext=.html, size=1834)
2026-03-04 18:40:52,584 - Knowledge - INFO - Fast-tracked /app/data/T0015/329083/b8924gk/shopizer-329083/sm-shop/src/main/webapp/resources/smart-client/components/components/replaceFromServer.html (ext=.html, size=1488)
2026-03-04 18:40:52,982 - Knowledge - INFO - done ingest for /app/data/T0015/329083/b8924gk/shopizer-329083/sm-shop/src/main/webapp/resources/js/ckeditor/plugins/specialchar/lang/pt-br.js
2026-03-04 18:40:53,119 - Knowledge - INFO - Fast-tracked /app/data/T0015/329083/b8924gk/shopizer-329083/sm-shop/src/main/webapp/resources/smart-client/components/components/toolbar_features.html (small file (2615 bytes))
2026-03-04 18:40:53,135 - Knowledge - INFO - [LLM_CALL] Completed: select.js:chunk1, Duration: 26609ms, PromptTokens: 5676, CompletionTokens: 511, Cost: $0.00077
2026-03-04 18:40:53,150 - Knowledge - INFO - Worker kw20 processing /app/data/T0015/329083/b8924gk/shopizer-329083/sm-shop/src/main/webapp/resources/smart-client/components/components/treeGrid_init_connectors.html
2026-03-04 18:40:53,249 - Knowledge - INFO - Fast-tracked /app/data/T0015/329083/b8924gk/shopizer-329083/sm-shop/src/main/webapp/resources/smart-client/skins/Graphite/unsupported_browser.html (small file (2210 bytes))
2026-03-04 18:40:53,531 - Knowledge - INFO - done ingest for /app/data/T0015/329083/b8924gk/shopizer-329083/sm-shop/src/main/webapp/resources/js/ckeditor/plugins/forms/dialogs/select.js
2026-03-04 18:40:53,619 - Knowledge - INFO - Worker kw20 processing /app/data/T0015/329083/b8924gk/shopizer-329083/sm-shop/src/main/webapp/resources/smart-client/components/components/widget_position_size.html
2026-03-04 18:40:53,836 - Knowledge - INFO - Processing batch of 5 files
2026-03-04 18:40:53,847 - Knowledge - INFO - Worker kw20 processing /app/data/T0015/329083/b8924gk/shopizer-329083/sm-shop/src/main/webapp/resources/smart-client/components/components/widget_drag_resize.html
2026-03-04 18:40:54,047 - Knowledge - INFO - process ingested knowledge for /app/data/T0015/329083/b8924gk/shopizer-329083/sm-shop/src/main/webapp/resources/js/ckeditor/plugins/forms/dialogs/textfield.js
2026-03-04 18:40:54,239 - Knowledge - INFO - process ingested knowledge for /app/data/T0015/329083/b8924gk/shopizer-329083/sm-shop/src/main/webapp/resources/js/ckeditor/plugins/forms/dialogs/checkbox.js
2026-03-04 18:40:54,425 - Knowledge - INFO - process ingested knowledge for /app/data/T0015/329083/b8924gk/shopizer-329083/sm-shop/src/main/webapp/resources/js/ckeditor/plugins/forms/dialogs/radio.js
2026-03-04 18:40:54,614 - Knowledge - INFO - process ingested knowledge for /app/data/T0015/329083/b8924gk/shopizer-329083/sm-shop/src/main/webapp/resources/js/ckeditor/plugins/forms/dialogs/textarea.js
2026-03-04 18:40:54,806 - Knowledge - INFO - process ingested knowledge for /app/data/T0015/329083/b8924gk/shopizer-329083/sm-shop/src/main/webapp/resources/js/ckeditor/plugins/forms/dialogs/select.js
2026-03-04 18:40:55,417 - Knowledge - INFO - Fast-tracked /app/data/T0015/329083/b8924gk/shopizer-329083/sm-shop/src/main/webapp/resources/smart-client/skins/Enterprise/unsupported_browser.html (small file (2210 bytes))
2026-03-04 18:40:55,597 - Knowledge - INFO - Async storage completed for 6 embeddings
2026-03-04 18:40:55,620 - Knowledge - INFO - [kw3] Queue=47, InProgress=0, PendingWorkers=20/20, Completed=1034/1167 (88.6%)
2026-03-04 18:40:55,895 - Knowledge - INFO - Batch sizing: calculated=4, max_allowed=10, queue=47, active_workers=20/20
2026-03-04 18:40:56,086 - Knowledge - INFO - Async storing batch of 5 embeddings
2026-03-04 18:40:56,291 - Knowledge - INFO - Worker kw3 processing /app/data/T0015/329083/b8924gk/shopizer-329083/sm-shop/src/main/webapp/resources/smart-client/components/components/replace_response.html
2026-03-04 18:40:56,472 - Knowledge - INFO - Fast-tracked /app/data/T0015/329083/b8924gk/shopizer-329083/sm-shop/src/main/webapp/resources/smart-client/components/components/replace_response.html (ext=.html, size=204)
2026-03-04 18:40:56,650 - Knowledge - INFO - Worker kw3 processing /app/data/T0015/329083/b8924gk/shopizer-329083/sm-shop/src/main/webapp/resources/smart-client/components/components/refreshFromServer.html
2026-03-04 18:40:56,875 - Knowledge - INFO - Fast-tracked /app/data/T0015/329083/b8924gk/shopizer-329083/sm-shop/src/main/webapp/resources/smart-client/components/components/refreshFromServer.html (ext=.html, size=1539)
2026-03-04 18:40:57,063 - Knowledge - INFO - Worker kw3 processing /app/data/T0015/329083/b8924gk/shopizer-329083/sm-shop/src/main/webapp/resources/smart-client/components/components/progressbar.html
2026-03-04 18:40:57,228 - Knowledge - INFO - Fast-tracked /app/data/T0015/329083/b8924gk/shopizer-329083/sm-shop/src/main/webapp/resources/smart-client/components/components/progressbar.html (ext=.html, size=1352)
2026-03-04 18:40:57,434 - Knowledge - INFO - Worker kw3 processing /app/data/T0015/329083/b8924gk/shopizer-329083/sm-shop/src/main/webapp/resources/smart-client/components/components/keypress_handling.html
2026-03-04 18:40:57,626 - Knowledge - INFO - Fast-tracked /app/data/T0015/329083/b8924gk/shopizer-329083/sm-shop/src/main/webapp/resources/smart-client/components/components/keypress_handling.html (ext=.html, size=1769)
2026-03-04 18:40:57,786 - Knowledge - INFO - Async storage completed for 5 embeddings
2026-03-04 18:40:57,983 - Knowledge - INFO - Processing batch of 4 files
2026-03-04 18:40:58,185 - Knowledge - INFO - process ingested knowledge for /app/data/T0015/329083/b8924gk/shopizer-329083/sm-shop/src/main/webapp/resources/smart-client/components/components/replace_response.html
2026-03-04 18:40:58,518 - Knowledge - INFO - process ingested knowledge for /app/data/T0015/329083/b8924gk/shopizer-329083/sm-shop/src/main/webapp/resources/smart-client/components/components/refreshFromServer.html
2026-03-04 18:40:58,821 - Knowledge - INFO - process ingested knowledge for /app/data/T0015/329083/b8924gk/shopizer-329083/sm-shop/src/main/webapp/resources/smart-client/components/components/progressbar.html
2026-03-04 18:40:59,039 - Knowledge - INFO - process ingested knowledge for /app/data/T0015/329083/b8924gk/shopizer-329083/sm-shop/src/main/webapp/resources/smart-client/components/components/keypress_handling.html
2026-03-04 18:40:59,202 - Knowledge - INFO - [LLM_CALL] Completed: no.js:chunk1, Duration: 18331ms, PromptTokens: 3228, CompletionTokens: 157, Cost: $0.00039
2026-03-04 18:40:59,433 - Knowledge - INFO - done ingest for /app/data/T0015/329083/b8924gk/shopizer-329083/sm-shop/src/main/webapp/resources/js/ckeditor/plugins/specialchar/lang/no.js
2026-03-04 18:40:59,663 - Knowledge - INFO - [LLM_CALL] Completed: it.js:chunk1, Duration: 20472ms, PromptTokens: 3768, CompletionTokens: 156, Cost: $0.00044
2026-03-04 18:40:59,850 - Knowledge - INFO - done ingest for /app/data/T0015/329083/b8924gk/shopizer-329083/sm-shop/src/main/webapp/resources/js/ckeditor/plugins/specialchar/lang/it.js
2026-03-04 18:40:59,852 - Knowledge - INFO - [kw3] Queue=43, InProgress=0, PendingWorkers=20/20, Completed=1038/1167 (88.9%)
2026-03-04 18:41:00,130 - Knowledge - INFO - Batch sizing: calculated=4, max_allowed=10, queue=43, active_workers=20/20
2026-03-04 18:41:00,321 - Knowledge - INFO - Async storing batch of 4 embeddings
2026-03-04 18:41:00,485 - Knowledge - INFO - Worker kw3 processing /app/data/T0015/329083/b8924gk/shopizer-329083/sm-shop/src/main/webapp/resources/smart-client/components/components/widget_drag_appearance.html
2026-03-04 18:41:00,708 - Knowledge - INFO - Worker kw3 processing /app/data/T0015/329083/b8924gk/shopizer-329083/sm-shop/src/main/webapp/resources/smart-client/components/components/label.html
2026-03-04 18:41:00,914 - Knowledge - INFO - Fast-tracked /app/data/T0015/329083/b8924gk/shopizer-329083/sm-shop/src/main/webapp/resources/smart-client/components/components/label.html (ext=.html, size=1352)
2026-03-04 18:41:01,043 - Knowledge - INFO - [LLM_CALL] Completed: et.js:chunk1, Duration: 17667ms, PromptTokens: 3214, CompletionTokens: 200, Cost: $0.00040
2026-03-04 18:41:01,124 - Knowledge - INFO - Worker kw3 processing /app/data/T0015/329083/b8924gk/shopizer-329083/sm-shop/src/main/webapp/resources/smart-client/components/components/detailViewer_init.html
2026-03-04 18:41:01,221 - Knowledge - INFO - done ingest for /app/data/T0015/329083/b8924gk/shopizer-329083/sm-shop/src/main/webapp/resources/js/ckeditor/plugins/specialchar/lang/et.js
2026-03-04 18:41:01,324 - Knowledge - INFO - Worker kw3 processing /app/data/T0015/329083/b8924gk/shopizer-329083/sm-shop/src/main/webapp/resources/smart-client/components/components/menu_init.html
2026-03-04 18:41:01,455 - Knowledge - INFO - Processing batch of 5 files
2026-03-04 18:41:01,538 - Knowledge - INFO - Fast-tracked /app/data/T0015/329083/b8924gk/shopizer-329083/sm-shop/src/main/webapp/resources/smart-client/components/components/menu_init.html (ext=.html, size=1791)
2026-03-04 18:41:01,656 - Knowledge - INFO - process ingested knowledge for /app/data/T0015/329083/b8924gk/shopizer-329083/sm-shop/src/main/webapp/resources/js/ckeditor/plugins/specialchar/lang/_translationstatus.txt
2026-03-04 18:41:01,891 - Knowledge - INFO - process ingested knowledge for /app/data/T0015/329083/b8924gk/shopizer-329083/sm-shop/src/main/webapp/resources/js/ckeditor/plugins/specialchar/lang/it.js
2026-03-04 18:41:02,103 - Knowledge - INFO - process ingested knowledge for /app/data/T0015/329083/b8924gk/shopizer-329083/sm-shop/src/main/webapp/resources/js/ckeditor/plugins/specialchar/lang/he.js
2026-03-04 18:41:02,304 - Knowledge - INFO - process ingested knowledge for /app/data/T0015/329083/b8924gk/shopizer-329083/sm-shop/src/main/webapp/resources/js/ckeditor/plugins/specialchar/lang/no.js
2026-03-04 18:41:02,481 - Knowledge - INFO - process ingested knowledge for /app/data/T0015/329083/b8924gk/shopizer-329083/sm-shop/src/main/webapp/resources/js/ckeditor/plugins/specialchar/lang/et.js
2026-03-04 18:41:03,289 - Knowledge - INFO - [kw13] Queue=39, InProgress=0, PendingWorkers=20/20, Completed=1043/1167 (89.4%)
2026-03-04 18:41:03,298 - Knowledge - INFO - Async storage completed for 5 embeddings
2026-03-04 18:41:03,480 - Knowledge - INFO - Batch sizing: calculated=4, max_allowed=10, queue=39, active_workers=20/20
2026-03-04 18:41:03,733 - Knowledge - INFO - Async storing batch of 5 embeddings
2026-03-04 18:41:03,957 - Knowledge - INFO - Worker kw13 processing /app/data/T0015/329083/b8924gk/shopizer-329083/sm-shop/src/main/webapp/resources/smart-client/components/components/index.html
2026-03-04 18:41:04,169 - Knowledge - INFO - Worker kw13 processing /app/data/T0015/329083/b8924gk/shopizer-329083/sm-shop/src/main/webapp/resources/smart-client/components/components/menubar_features.html
2026-03-04 18:41:04,351 - Knowledge - INFO - Worker kw13 processing /app/data/T0015/329083/b8924gk/shopizer-329083/sm-shop/src/main/webapp/resources/smart-client/components/components/widget_attachment.html
2026-03-04 18:41:04,542 - Knowledge - INFO - [LLM_CALL] Completed: div.js:chunk1, Duration: 36088ms, PromptTokens: 4034, CompletionTokens: 712, Cost: $0.00069
2026-03-04 18:41:04,551 - Knowledge - INFO - Worker kw13 processing /app/data/T0015/329083/b8924gk/shopizer-329083/sm-shop/src/main/webapp/resources/smart-client/components/components/dynamicForm_init.html
2026-03-04 18:41:04,729 - Knowledge - INFO - done ingest for /app/data/T0015/329083/b8924gk/shopizer-329083/sm-shop/src/main/webapp/resources/js/ckeditor/plugins/div/dialogs/div.js
2026-03-04 18:41:04,887 - Knowledge - INFO - Fast-tracked /app/data/T0015/329083/b8924gk/shopizer-329083/sm-shop/src/main/webapp/resources/smart-client/components/components/dynamicForm_init.html (ext=.html, size=1834)
2026-03-04 18:41:05,093 - Knowledge - INFO - Processing batch of 5 files
2026-03-04 18:41:05,275 - Knowledge - INFO - process ingested knowledge for /app/data/T0015/329083/b8924gk/shopizer-329083/sm-shop/src/main/webapp/resources/js/ckeditor/plugins/placeholder/dialogs/placeholder.js
2026-03-04 18:41:05,430 - Knowledge - INFO - process ingested knowledge for /app/data/T0015/329083/b8924gk/shopizer-329083/sm-shop/src/main/webapp/resources/js/ckeditor/plugins/smiley/dialogs/smiley.js
2026-03-04 18:41:05,732 - Knowledge - INFO - process ingested knowledge for /app/data/T0015/329083/b8924gk/shopizer-329083/sm-shop/src/main/webapp/resources/js/ckeditor/plugins/image/dialogs/image.js
2026-03-04 18:41:05,922 - Knowledge - INFO - process ingested knowledge for /app/data/T0015/329083/b8924gk/shopizer-329083/sm-shop/src/main/webapp/resources/js/ckeditor/plugins/div/dialogs/div.js
2026-03-04 18:41:06,017 - Knowledge - INFO - [LLM_CALL] Completed: colordialog.js:chunk1, Duration: 33713ms, PromptTokens: 3998, CompletionTokens: 441, Cost: $0.00058
2026-03-04 18:41:06,100 - Knowledge - INFO - Fast-tracked /app/data/T0015/329083/b8924gk/shopizer-329083/sm-shop/src/main/webapp/resources/smart-client/skins/EnterpriseBlue/unsupported_browser.html (small file (2210 bytes))
2026-03-04 18:41:06,129 - Knowledge - INFO - process ingested knowledge for /app/data/T0015/329083/b8924gk/shopizer-329083/sm-shop/src/main/webapp/resources/js/ckeditor/plugins/about/dialogs/about.js
2026-03-04 18:41:06,237 - Knowledge - INFO - done ingest for /app/data/T0015/329083/b8924gk/shopizer-329083/sm-shop/src/main/webapp/resources/js/ckeditor/plugins/colordialog/dialogs/colordialog.js
2026-03-04 18:41:06,325 - Knowledge - INFO - Async storage completed for 6 embeddings
2026-03-04 18:41:06,637 - Knowledge - INFO - Processing batch of 5 files
2026-03-04 18:41:06,753 - Knowledge - INFO - Fast-tracked /app/data/T0015/329083/b8924gk/shopizer-329083/sm-shop/src/main/webapp/resources/smart-client/components/components/skin_custom.html (small file (2943 bytes))
2026-03-04 18:41:06,834 - Knowledge - INFO - process ingested knowledge for /app/data/T0015/329083/b8924gk/shopizer-329083/sm-shop/src/main/webapp/resources/js/ckeditor/plugins/colordialog/dialogs/colordialog.js
2026-03-04 18:41:07,034 - Knowledge - INFO - Fast-tracked /app/data/T0015/329083/b8924gk/shopizer-329083/sm-shop/src/main/webapp/resources/smart-client/components/components/menu_features.html (small file (3017 bytes))
2026-03-04 18:41:07,121 - Knowledge - INFO - process ingested knowledge for /app/data/T0015/329083/b8924gk/shopizer-329083/sm-shop/src/main/webapp/resources/js/ckeditor/plugins/bbcode/plugin.js
2026-03-04 18:41:07,188 - Knowledge - INFO - [WEBSOCKET] Sent: Type=progress_update, Size: 294, Duration: 0ms
2026-03-04 18:41:07,231 - Knowledge - INFO - Fast-tracked /app/data/T0015/329083/b8924gk/shopizer-329083/sm-shop/src/main/webapp/resources/smart-client/components/components/dialog_globals.html (small file (2689 bytes))
2026-03-04 18:41:07,371 - Knowledge - INFO - process ingested knowledge for /app/data/T0015/329083/b8924gk/shopizer-329083/sm-shop/src/main/webapp/resources/js/ckeditor/plugins/templates/dialogs/templates.js
2026-03-04 18:41:07,448 - Knowledge - INFO - [WEBSOCKET] Sent: Type=unknown, Size: ?, Duration: 260ms
2026-03-04 18:41:07,528 - Knowledge - INFO - Fast-tracked /app/data/T0015/329083/b8924gk/shopizer-329083/sm-shop/src/main/webapp/resources/smart-client/components/components/slider_colormixer.html (small file (3026 bytes))
2026-03-04 18:41:07,546 - Knowledge - INFO - Fast-tracked /app/data/T0015/329083/b8924gk/shopizer-329083/sm-shop/src/main/webapp/resources/smart-client/components/components/window_init.html (small file (2839 bytes))
2026-03-04 18:41:07,632 - Knowledge - INFO - process ingested knowledge for /app/data/T0015/329083/b8924gk/shopizer-329083/sm-shop/src/main/webapp/resources/js/ckeditor/plugins/templates/templates/default.js
2026-03-04 18:41:07,742 - Knowledge - INFO - Progress: 90.2% | Files: 1053/1167 | Rate: 1.68 files/sec | Queue: 35
2026-03-04 18:41:07,815 - Knowledge - INFO - Fast-tracked /app/data/T0015/329083/b8924gk/shopizer-329083/sm-shop/src/main/webapp/resources/smart-client/components/components/dynamicForm_annotations.html (small file (2728 bytes))
2026-03-04 18:41:07,831 - Knowledge - INFO - Fast-tracked /app/data/T0015/329083/b8924gk/shopizer-329083/sm-shop/src/main/webapp/resources/js/shop-functions.js (small file (2023 bytes))
2026-03-04 18:41:07,880 - Knowledge - INFO - Async storage completed for 6 embeddings
2026-03-04 18:41:07,989 - Knowledge - INFO - process ingested knowledge for /app/data/T0015/329083/b8924gk/shopizer-329083/sm-shop/src/main/webapp/resources/js/ckeditor/plugins/specialchar/lang/pt-br.js
2026-03-04 18:41:08,069 - Knowledge - INFO - [kw1] Queue=35, InProgress=0, PendingWorkers=20/20, Completed=1053/1167 (90.2%)
2026-03-04 18:41:08,155 - Knowledge - INFO - Fast-tracked /app/data/T0015/329083/b8924gk/shopizer-329083/sm-shop/src/main/webapp/resources/smart-client/components/components/dynamicForm_layout.html (small file (2003 bytes))
2026-03-04 18:41:08,240 - Knowledge - INFO - Async storage completed for 5 embeddings
2026-03-04 18:41:08,537 - Knowledge - INFO - Batch sizing: calculated=4, max_allowed=10, queue=35, active_workers=20/20
2026-03-04 18:41:08,609 - Knowledge - INFO - Async storage completed for 6 embeddings
2026-03-04 18:41:08,912 - Knowledge - INFO - Async storing batch of 5 embeddings
2026-03-04 18:41:09,102 - Knowledge - INFO - Worker kw1 processing /app/data/T0015/329083/b8924gk/shopizer-329083/sm-shop/src/main/webapp/resources/smart-client/system/modules/ISC_SalesForce.js
2026-03-04 18:41:09,303 - Knowledge - INFO - Worker kw1 processing /app/data/T0015/329083/b8924gk/shopizer-329083/sm-shop/src/main/webapp/resources/smart-client/system/modules/ISC_Forms.js
2026-03-04 18:41:09,454 - Knowledge - INFO - Fast-tracked /app/data/T0015/329083/b8924gk/shopizer-329083/sm-shop/src/main/webapp/resources/smart-client/system/modules/ISC_Forms.js (ext=.js, size=634734)
2026-03-04 18:41:09,571 - Knowledge - INFO - [kw9] Queue=31, InProgress=0, PendingWorkers=20/20, Completed=1053/1167 (90.2%)
2026-03-04 18:41:09,746 - Knowledge - INFO - Worker kw1 processing /app/data/T0015/329083/b8924gk/shopizer-329083/sm-shop/src/main/webapp/resources/smart-client/system/modules/ISC_Foundation.js
2026-03-04 18:41:09,749 - Knowledge - INFO - [LLM_CALL] Completed: event_details.html:chunk1, Duration: 16766ms, PromptTokens: 2612, CompletionTokens: 59, Cost: $0.00028
2026-03-04 18:41:09,841 - Knowledge - INFO - Batch sizing: calculated=4, max_allowed=10, queue=31, active_workers=20/20
2026-03-04 18:41:09,973 - Knowledge - INFO - Fast-tracked /app/data/T0015/329083/b8924gk/shopizer-329083/sm-shop/src/main/webapp/resources/smart-client/system/modules/ISC_Foundation.js (ext=.js, size=233559)
2026-03-04 18:41:10,050 - Knowledge - INFO - done ingest for /app/data/T0015/329083/b8924gk/shopizer-329083/sm-shop/src/main/webapp/resources/smart-client/components/components/event_details.html
2026-03-04 18:41:10,148 - Knowledge - INFO - Async storing batch of 5 embeddings
2026-03-04 18:41:10,233 - Knowledge - INFO - Worker kw1 processing /app/data/T0015/329083/b8924gk/shopizer-329083/sm-shop/src/main/webapp/resources/smart-client/system/modules/ISC_PluginBridges.js
2026-03-04 18:41:10,272 - Knowledge - INFO - Async storage completed for 6 embeddings
2026-03-04 18:41:10,332 - Knowledge - INFO - Processing batch of 4 files
2026-03-04 18:41:10,438 - Knowledge - INFO - Worker kw9 processing /app/data/T0015/329083/b8924gk/shopizer-329083/sm-shop/src/main/webapp/resources/smart-client/system/modules/ISC_Scheduler.js
2026-03-04 18:41:10,516 - Knowledge - INFO - Split /app/data/T0015/329083/b8924gk/shopizer-329083/sm-shop/src/main/webapp/resources/smart-client/system/modules/ISC_SalesForce.js (70729 bytes) into 3 chunks of ~32KB
2026-03-04 18:41:10,641 - Knowledge - INFO - Async storage completed for 5 embeddings
2026-03-04 18:41:10,731 - Knowledge - INFO - process ingested knowledge for /app/data/T0015/329083/b8924gk/shopizer-329083/sm-shop/src/main/webapp/resources/smart-client/components/components/event_details.html
2026-03-04 18:41:10,839 - Knowledge - INFO - Worker kw9 processing /app/data/T0015/329083/b8924gk/shopizer-329083/sm-shop/src/main/webapp/resources/smart-client/system/modules/ISC_DSBrowser.js
2026-03-04 18:41:11,112 - Knowledge - INFO - process ingested knowledge for /app/data/T0015/329083/b8924gk/shopizer-329083/sm-shop/src/main/webapp/resources/smart-client/components/components/menu_features.html
2026-03-04 18:41:11,195 - Knowledge - INFO - Worker kw9 processing /app/data/T0015/329083/b8924gk/shopizer-329083/sm-shop/src/main/webapp/resources/smart-client/system/modules/ISC_Workflow.js
2026-03-04 18:41:11,277 - Knowledge - INFO - process ingested knowledge for /app/data/T0015/329083/b8924gk/shopizer-329083/sm-shop/src/main/webapp/resources/smart-client/components/components/dialog_globals.html
2026-03-04 18:41:11,385 - Knowledge - INFO - Worker kw9 processing /app/data/T0015/329083/b8924gk/shopizer-329083/sm-shop/src/main/webapp/resources/smart-client/system/modules/ISC_Grids.js
2026-03-04 18:41:11,556 - Knowledge - INFO - process ingested knowledge for /app/data/T0015/329083/b8924gk/shopizer-329083/sm-shop/src/main/webapp/resources/smart-client/components/components/window_init.html
2026-03-04 18:41:11,634 - Knowledge - INFO - Fast-tracked /app/data/T0015/329083/b8924gk/shopizer-329083/sm-shop/src/main/webapp/resources/smart-client/system/modules/ISC_Grids.js (ext=.js, size=754418)
2026-03-04 18:41:12,296 - Knowledge - INFO - Async storage completed for 6 embeddings
2026-03-04 18:41:12,668 - Knowledge - INFO - [kw16] Queue=27, InProgress=0, PendingWorkers=20/20, Completed=1057/1167 (90.6%)
2026-03-04 18:41:12,890 - Knowledge - INFO - Batch sizing: calculated=4, max_allowed=10, queue=27, active_workers=20/20
2026-03-04 18:41:13,100 - Knowledge - INFO - Async storing batch of 4 embeddings
2026-03-04 18:41:13,266 - Knowledge - INFO - Worker kw16 processing /app/data/T0015/329083/b8924gk/shopizer-329083/sm-shop/src/main/webapp/resources/smart-client/system/modules/ISC_Core.js
2026-03-04 18:41:13,377 - Knowledge - INFO - Fast-tracked /app/data/T0015/329083/b8924gk/shopizer-329083/sm-shop/src/main/webapp/resources/smart-client/components/components/detailViewer_init.html (small file (2464 bytes))
2026-03-04 18:41:13,437 - Knowledge - INFO - Fast-tracked /app/data/T0015/329083/b8924gk/shopizer-329083/sm-shop/src/main/webapp/resources/smart-client/system/modules/ISC_Core.js (ext=.js, size=703896)
2026-03-04 18:41:13,544 - Knowledge - INFO - Async storage completed for 4 embeddings
2026-03-04 18:41:13,698 - Knowledge - INFO - Worker kw16 processing /app/data/T0015/329083/b8924gk/shopizer-329083/sm-shop/src/main/webapp/resources/smart-client/system/modules/ISC_EBay.js
2026-03-04 18:41:13,908 - Knowledge - INFO - Fast-tracked /app/data/T0015/329083/b8924gk/shopizer-329083/sm-shop/src/main/webapp/resources/smart-client/system/modules/ISC_EBay.js (ext=.js, size=475079)
2026-03-04 18:41:14,126 - Knowledge - INFO - Worker kw16 processing /app/data/T0015/329083/b8924gk/shopizer-329083/sm-shop/src/main/webapp/resources/smart-client/system/modules/ISC_DataBinding.js
2026-03-04 18:41:14,378 - Knowledge - INFO - Fast-tracked /app/data/T0015/329083/b8924gk/shopizer-329083/sm-shop/src/main/webapp/resources/smart-client/system/modules/ISC_DataBinding.js (ext=.js, size=551979)
2026-03-04 18:41:14,557 - Knowledge - INFO - Worker kw16 processing /app/data/T0015/329083/b8924gk/shopizer-329083/sm-shop/src/main/webapp/resources/smart-client/system/modules/ISC_Drawing.js
2026-03-04 18:41:14,682 - Knowledge - INFO - Fast-tracked /app/data/T0015/329083/b8924gk/shopizer-329083/sm-shop/src/main/webapp/resources/smart-client/components/components/button_selection.html (small file (2941 bytes))
2026-03-04 18:41:14,729 - Knowledge - INFO - Fast-tracked /app/data/T0015/329083/b8924gk/shopizer-329083/sm-shop/src/main/webapp/resources/smart-client/system/modules/ISC_Drawing.js (ext=.js, size=108864)
2026-03-04 18:41:14,980 - Knowledge - INFO - Async storage completed for 4 embeddings
2026-03-04 18:41:15,265 - Knowledge - INFO - Processing batch of 4 files
2026-03-04 18:41:15,442 - Knowledge - INFO - process ingested knowledge for /app/data/T0015/329083/b8924gk/shopizer-329083/sm-shop/src/main/webapp/resources/smart-client/system/modules/ISC_Core.js
2026-03-04 18:41:15,649 - Knowledge - INFO - process ingested knowledge for /app/data/T0015/329083/b8924gk/shopizer-329083/sm-shop/src/main/webapp/resources/smart-client/system/modules/ISC_EBay.js
2026-03-04 18:41:15,827 - Knowledge - INFO - process ingested knowledge for /app/data/T0015/329083/b8924gk/shopizer-329083/sm-shop/src/main/webapp/resources/smart-client/system/modules/ISC_DataBinding.js
2026-03-04 18:41:16,033 - Knowledge - INFO - process ingested knowledge for /app/data/T0015/329083/b8924gk/shopizer-329083/sm-shop/src/main/webapp/resources/smart-client/system/modules/ISC_Drawing.js
2026-03-04 18:41:16,264 - Knowledge - INFO - Fast-tracked /app/data/T0015/329083/b8924gk/shopizer-329083/sm-shop/src/main/webapp/resources/smart-client/components/components/widget_layering.html (small file (2356 bytes))
2026-03-04 18:41:16,468 - Knowledge - INFO - Fast-tracked /app/data/T0015/329083/b8924gk/shopizer-329083/sm-shop/src/main/webapp/resources/smart-client/components/components/scrollBar_custom.html (small file (2740 bytes))
2026-03-04 18:41:16,648 - Knowledge - INFO - Async storage completed for 6 embeddings
2026-03-04 18:41:16,693 - Knowledge - INFO - Async storage completed for 6 embeddings
2026-03-04 18:41:17,162 - Knowledge - INFO - [kw16] Queue=23, InProgress=0, PendingWorkers=20/20, Completed=1061/1167 (90.9%)
2026-03-04 18:41:17,383 - Knowledge - INFO - Batch sizing: calculated=4, max_allowed=10, queue=23, active_workers=20/20
2026-03-04 18:41:17,504 - Knowledge - INFO - Async storage completed for 5 embeddings
2026-03-04 18:41:17,552 - Knowledge - INFO - Async storing batch of 4 embeddings
2026-03-04 18:41:17,582 - Knowledge - INFO - Async storage completed for 6 embeddings
2026-03-04 18:41:17,851 - Knowledge - INFO - Worker kw16 processing /app/data/T0015/329083/b8924gk/shopizer-329083/sm-shop/src/main/webapp/resources/smart-client/system/modules/ISC_SQLBrowser.js
2026-03-04 18:41:18,080 - Knowledge - INFO - Worker kw16 processing /app/data/T0015/329083/b8924gk/shopizer-329083/sm-shop/src/main/webapp/resources/smart-client/system/modules/ISC_Calendar.js
2026-03-04 18:41:18,263 - Knowledge - INFO - Fast-tracked /app/data/T0015/329083/b8924gk/shopizer-329083/sm-shop/src/main/webapp/resources/smart-client/system/modules/ISC_Calendar.js (ext=.js, size=102214)
2026-03-04 18:41:18,462 - Knowledge - INFO - Worker kw16 processing /app/data/T0015/329083/b8924gk/shopizer-329083/sm-shop/src/main/webapp/resources/smart-client/system/modules/ISC_ClassBrowser.js
2026-03-04 18:41:18,697 - Knowledge - INFO - Worker kw16 processing /app/data/T0015/329083/b8924gk/shopizer-329083/sm-shop/src/main/webapp/resources/smart-client/system/modules/ISC_History.js
2026-03-04 18:41:20,863 - Knowledge - INFO - [LLM_CALL] Completed: tr.js:chunk1, Duration: 37039ms, PromptTokens: 3670, CompletionTokens: 186, Cost: $0.00044
2026-03-04 18:41:21,185 - Knowledge - INFO - done ingest for /app/data/T0015/329083/b8924gk/shopizer-329083/sm-shop/src/main/webapp/resources/js/ckeditor/plugins/specialchar/lang/tr.js
2026-03-04 18:41:21,195 - Knowledge - INFO - [LLM_CALL] Completed: listGrid_init.html:chunk1, Duration: 17612ms, PromptTokens: 6940, CompletionTokens: 59, Cost: $0.00072
2026-03-04 18:41:21,469 - Knowledge - INFO - done ingest for /app/data/T0015/329083/b8924gk/shopizer-329083/sm-shop/src/main/webapp/resources/smart-client/components/components/listGrid_init.html
2026-03-04 18:41:21,470 - Knowledge - INFO - [LLM_CALL] Completed: json2.js:chunk1, Duration: 28487ms, PromptTokens: 8474, CompletionTokens: 268, Cost: $0.00095
2026-03-04 18:41:21,768 - Knowledge - INFO - done ingest for /app/data/T0015/329083/b8924gk/shopizer-329083/sm-shop/src/main/webapp/resources/js/json2.js
2026-03-04 18:41:21,910 - Knowledge - INFO - Async storage completed for 6 embeddings
2026-03-04 18:41:22,872 - Knowledge - INFO - Async storage completed for 6 embeddings
2026-03-04 18:41:24,185 - Knowledge - INFO - [LLM_CALL] Completed: el.js:chunk1, Duration: 41780ms, PromptTokens: 3292, CompletionTokens: 163, Cost: $0.00039
2026-03-04 18:41:24,373 - Knowledge - INFO - done ingest for /app/data/T0015/329083/b8924gk/shopizer-329083/sm-shop/src/main/webapp/resources/js/ckeditor/plugins/specialchar/lang/el.js
2026-03-04 18:41:25,446 - Knowledge - INFO - [LLM_CALL] Completed: fa.js:chunk1, Duration: 39939ms, PromptTokens: 3212, CompletionTokens: 173, Cost: $0.00039
2026-03-04 18:41:25,792 - Knowledge - INFO - done ingest for /app/data/T0015/329083/b8924gk/shopizer-329083/sm-shop/src/main/webapp/resources/js/ckeditor/plugins/specialchar/lang/fa.js
2026-03-04 18:41:25,966 - Knowledge - INFO - [LLM_CALL] Completed: imgButton_selection.html:chunk1, Duration: 32982ms, PromptTokens: 2858, CompletionTokens: 289, Cost: $0.00040
2026-03-04 18:41:26,376 - Knowledge - INFO - Async storage completed for 5 embeddings
2026-03-04 18:41:26,536 - Knowledge - INFO - done ingest for /app/data/T0015/329083/b8924gk/shopizer-329083/sm-shop/src/main/webapp/resources/smart-client/components/components/imgButton_selection.html
2026-03-04 18:41:26,583 - Knowledge - INFO - [LLM_CALL] Completed: event_logger.html:chunk1, Duration: 24511ms, PromptTokens: 7118, CompletionTokens: 59, Cost: $0.00074
2026-03-04 18:41:27,263 - Knowledge - INFO - done ingest for /app/data/T0015/329083/b8924gk/shopizer-329083/sm-shop/src/main/webapp/resources/smart-client/components/components/event_logger.html
2026-03-04 18:41:27,265 - Knowledge - INFO - [LLM_CALL] Completed: specialchar.js:chunk1, Duration: 41630ms, PromptTokens: 3868, CompletionTokens: 299, Cost: $0.00051
2026-03-04 18:41:27,775 - Knowledge - INFO - done ingest for /app/data/T0015/329083/b8924gk/shopizer-329083/sm-shop/src/main/webapp/resources/js/ckeditor/plugins/specialchar/dialogs/specialchar.js
2026-03-04 18:41:27,779 - Knowledge - INFO - Processing batch of 4 files
2026-03-04 18:41:28,151 - Knowledge - INFO - [LLM_CALL] Completed: jquery.formatCurrency-1.4.0.js:chunk1, Duration: 41077ms, PromptTokens: 4758, CompletionTokens: 367, Cost: $0.00062
2026-03-04 18:41:28,236 - Knowledge - INFO - process ingested knowledge for /app/data/T0015/329083/b8924gk/shopizer-329083/sm-shop/src/main/webapp/resources/smart-client/components/components/imgButton_selection.html
2026-03-04 18:41:28,512 - Knowledge - INFO - done ingest for /app/data/T0015/329083/b8924gk/shopizer-329083/sm-shop/src/main/webapp/resources/js/jquery.formatCurrency-1.4.0.js
2026-03-04 18:41:28,525 - Knowledge - INFO - [LLM_CALL] Completed: fi.js:chunk1, Duration: 36727ms, PromptTokens: 3228, CompletionTokens: 189, Cost: $0.00040
2026-03-04 18:41:28,742 - Knowledge - INFO - process ingested knowledge for /app/data/T0015/329083/b8924gk/shopizer-329083/sm-shop/src/main/webapp/resources/smart-client/components/components/slider_colormixer.html
2026-03-04 18:41:29,010 - Knowledge - INFO - done ingest for /app/data/T0015/329083/b8924gk/shopizer-329083/sm-shop/src/main/webapp/resources/js/ckeditor/plugins/specialchar/lang/fi.js
2026-03-04 18:41:29,334 - Knowledge - INFO - process ingested knowledge for /app/data/T0015/329083/b8924gk/shopizer-329083/sm-shop/src/main/webapp/resources/smart-client/components/components/dynamicForm_annotations.html
2026-03-04 18:41:29,349 - Knowledge - INFO - Async storage completed for 5 embeddings
2026-03-04 18:41:29,643 - Knowledge - INFO - process ingested knowledge for /app/data/T0015/329083/b8924gk/shopizer-329083/sm-shop/src/main/webapp/resources/smart-client/components/components/dynamicForm_layout.html
2026-03-04 18:41:30,758 - Knowledge - INFO - [LLM_CALL] Completed: en.js:chunk1, Duration: 30906ms, PromptTokens: 3084, CompletionTokens: 184, Cost: $0.00038
2026-03-04 18:41:31,137 - Knowledge - INFO - done ingest for /app/data/T0015/329083/b8924gk/shopizer-329083/sm-shop/src/main/webapp/resources/js/ckeditor/plugins/specialchar/lang/en.js
2026-03-04 18:41:31,251 - Knowledge - INFO - Async storage completed for 5 embeddings
2026-03-04 18:41:31,262 - Knowledge - INFO - Processing batch of 5 files
2026-03-04 18:41:31,732 - Knowledge - INFO - process ingested knowledge for /app/data/T0015/329083/b8924gk/shopizer-329083/sm-shop/src/main/webapp/resources/js/jquery.raty.min.js
2026-03-04 18:41:32,063 - Knowledge - INFO - process ingested knowledge for /app/data/T0015/329083/b8924gk/shopizer-329083/sm-shop/src/main/webapp/resources/js/jquery.formatCurrency-1.4.0.js
2026-03-04 18:41:32,457 - Knowledge - INFO - process ingested knowledge for /app/data/T0015/329083/b8924gk/shopizer-329083/sm-shop/src/main/webapp/resources/js/json2.js
2026-03-04 18:41:32,584 - Knowledge - INFO - [LLM_CALL] Completed: de.js:chunk1, Duration: 52067ms, PromptTokens: 3842, CompletionTokens: 184, Cost: $0.00046
2026-03-04 18:41:33,120 - Knowledge - INFO - process ingested knowledge for /app/data/T0015/329083/b8924gk/shopizer-329083/sm-shop/src/main/webapp/resources/js/jquery-sort-filter-plugin.js
2026-03-04 18:41:33,192 - Knowledge - INFO - done ingest for /app/data/T0015/329083/b8924gk/shopizer-329083/sm-shop/src/main/webapp/resources/js/ckeditor/plugins/specialchar/lang/de.js
2026-03-04 18:41:33,211 - Knowledge - INFO - [LLM_CALL] Completed: theme.js:chunk1, Duration: 41412ms, PromptTokens: 4658, CompletionTokens: 470, Cost: $0.00065
2026-03-04 18:41:33,927 - Knowledge - INFO - done ingest for /app/data/T0015/329083/b8924gk/shopizer-329083/sm-shop/src/main/webapp/resources/js/ckeditor/themes/default/theme.js
2026-03-04 18:41:34,224 - Knowledge - INFO - [LLM_CALL] Completed: dynamicForm_item_types.html:chunk1, Duration: 28416ms, PromptTokens: 2596, CompletionTokens: 252, Cost: $0.00036
2026-03-04 18:41:34,284 - Knowledge - INFO - process ingested knowledge for /app/data/T0015/329083/b8924gk/shopizer-329083/sm-shop/src/main/webapp/resources/js/jquery.alphanumeric.pack.js
2026-03-04 18:41:34,625 - Knowledge - INFO - done ingest for /app/data/T0015/329083/b8924gk/shopizer-329083/sm-shop/src/main/webapp/resources/smart-client/components/components/dynamicForm_item_types.html
2026-03-04 18:41:34,715 - Knowledge - INFO - [LLM_CALL] Completed: widget_drag_appearance.html:chunk1, Duration: 32974ms, PromptTokens: 3444, CompletionTokens: 339, Cost: $0.00048
2026-03-04 18:41:35,380 - Knowledge - INFO - Async storage completed for 5 embeddings
2026-03-04 18:41:35,489 - Knowledge - INFO - done ingest for /app/data/T0015/329083/b8924gk/shopizer-329083/sm-shop/src/main/webapp/resources/smart-client/components/components/widget_drag_appearance.html
2026-03-04 18:41:36,743 - Knowledge - INFO - [kw4] Queue=19, InProgress=0, PendingWorkers=20/20, Completed=1076/1167 (92.2%)
2026-03-04 18:41:36,779 - Knowledge - INFO - Processing batch of 4 files
2026-03-04 18:41:36,932 - Knowledge - INFO - [LLM_CALL] Completed: treeGrid_init.html:chunk1, Duration: 31601ms, PromptTokens: 2910, CompletionTokens: 298, Cost: $0.00041
2026-03-04 18:41:37,127 - Knowledge - INFO - Batch sizing: calculated=4, max_allowed=10, queue=19, active_workers=20/20
2026-03-04 18:41:37,399 - Knowledge - INFO - process ingested knowledge for /app/data/T0015/329083/b8924gk/shopizer-329083/sm-shop/src/main/webapp/resources/smart-client/components/components/widget_drag_appearance.html
2026-03-04 18:41:37,534 - Knowledge - INFO - done ingest for /app/data/T0015/329083/b8924gk/shopizer-329083/sm-shop/src/main/webapp/resources/smart-client/components/components/treeGrid_init.html
2026-03-04 18:41:37,646 - Knowledge - INFO - [LLM_CALL] Completed: stretchImgButton_selection.html:chunk1, Duration: 44663ms, PromptTokens: 2934, CompletionTokens: 290, Cost: $0.00041
2026-03-04 18:41:37,716 - Knowledge - INFO - Async storage completed for 4 embeddings
2026-03-04 18:41:38,469 - Knowledge - INFO - process ingested knowledge for /app/data/T0015/329083/b8924gk/shopizer-329083/sm-shop/src/main/webapp/resources/smart-client/components/components/label.html
2026-03-04 18:41:38,481 - Knowledge - INFO - done ingest for /app/data/T0015/329083/b8924gk/shopizer-329083/sm-shop/src/main/webapp/resources/smart-client/components/components/stretchImgButton_selection.html
2026-03-04 18:41:38,553 - Knowledge - INFO - [LLM_CALL] Completed: backButton.html:chunk1, Duration: 46346ms, PromptTokens: 2686, CompletionTokens: 444, Cost: $0.00045
2026-03-04 18:41:38,791 - Knowledge - INFO - process ingested knowledge for /app/data/T0015/329083/b8924gk/shopizer-329083/sm-shop/src/main/webapp/resources/smart-client/components/components/detailViewer_init.html
2026-03-04 18:41:39,185 - Knowledge - INFO - done ingest for /app/data/T0015/329083/b8924gk/shopizer-329083/sm-shop/src/main/webapp/resources/smart-client/components/components/backButton.html
2026-03-04 18:41:39,231 - Knowledge - INFO - Processing batch of 5 files
2026-03-04 18:41:39,241 - Knowledge - INFO - [LLM_CALL] Completed: editableListGrid_init.html:chunk1, Duration: 32292ms, PromptTokens: 3098, CompletionTokens: 282, Cost: $0.00042
2026-03-04 18:41:39,342 - Knowledge - INFO - process ingested knowledge for /app/data/T0015/329083/b8924gk/shopizer-329083/sm-shop/src/main/webapp/resources/smart-client/components/components/menu_init.html
2026-03-04 18:41:39,711 - Knowledge - INFO - process ingested knowledge for /app/data/T0015/329083/b8924gk/shopizer-329083/sm-shop/src/main/webapp/resources/js/ckeditor/plugins/specialchar/lang/de.js
2026-03-04 18:41:39,898 - Knowledge - INFO - done ingest for /app/data/T0015/329083/b8924gk/shopizer-329083/sm-shop/src/main/webapp/resources/smart-client/components/components/editableListGrid_init.html
2026-03-04 18:41:39,936 - Knowledge - INFO - [LLM_CALL] Completed: dynamicForm_validators.html:chunk1, Duration: 46397ms, PromptTokens: 3662, CompletionTokens: 298, Cost: $0.00049
2026-03-04 18:41:40,674 - Knowledge - INFO - done ingest for /app/data/T0015/329083/b8924gk/shopizer-329083/sm-shop/src/main/webapp/resources/smart-client/components/components/dynamicForm_validators.html
2026-03-04 18:41:40,690 - Knowledge - INFO - Async storing batch of 4 embeddings
2026-03-04 18:41:40,700 - Knowledge - INFO - Processing batch of 4 files
2026-03-04 18:41:40,743 - Knowledge - INFO - process ingested knowledge for /app/data/T0015/329083/b8924gk/shopizer-329083/sm-shop/src/main/webapp/resources/js/ckeditor/plugins/specialchar/lang/el.js
2026-03-04 18:41:40,743 - Knowledge - INFO - Processing batch of 4 files
2026-03-04 18:41:40,812 - Knowledge - INFO - [LLM_CALL] Completed: nl.js:chunk1, Duration: 53303ms, PromptTokens: 3620, CompletionTokens: 191, Cost: $0.00044
2026-03-04 18:41:41,238 - Knowledge - INFO - Worker kw4 processing /app/data/T0015/329083/b8924gk/shopizer-329083/sm-shop/src/main/webapp/resources/smart-client/system/modules/ISC_Kapow.js
2026-03-04 18:41:41,417 - Knowledge - INFO - process ingested knowledge for /app/data/T0015/329083/b8924gk/shopizer-329083/sm-shop/src/main/webapp/resources/smart-client/components/components/stretchImgButton_selection.html
2026-03-04 18:41:42,073 - Knowledge - INFO - process ingested knowledge for /app/data/T0015/329083/b8924gk/shopizer-329083/sm-shop/src/main/webapp/resources/js/ckeditor/plugins/specialchar/lang/fa.js
2026-03-04 18:41:42,129 - Knowledge - INFO - process ingested knowledge for /app/data/T0015/329083/b8924gk/shopizer-329083/sm-shop/src/main/webapp/resources/smart-client/skins/EnterpriseBlue/skin_styles.css
2026-03-04 18:41:42,309 - Knowledge - INFO - done ingest for /app/data/T0015/329083/b8924gk/shopizer-329083/sm-shop/src/main/webapp/resources/js/ckeditor/plugins/specialchar/lang/nl.js
2026-03-04 18:41:42,319 - Knowledge - INFO - Processing batch of 5 files
2026-03-04 18:41:42,361 - Knowledge - INFO - Processing batch of 4 files
2026-03-04 18:41:42,380 - Knowledge - INFO - [WEBSOCKET] Sent: Type=progress_update, Size: 296, Duration: 0ms
2026-03-04 18:41:42,524 - Knowledge - INFO - Worker kw4 processing /app/data/T0015/329083/b8924gk/shopizer-329083/sm-shop/src/main/webapp/resources/smart-client/system/modules/ISC_RichTextEditor.js
2026-03-04 18:41:42,831 - Knowledge - INFO - process ingested knowledge for /app/data/T0015/329083/b8924gk/shopizer-329083/sm-shop/src/main/webapp/resources/smart-client/components/components/dynamicForm_item_types.html
2026-03-04 18:41:42,855 - Knowledge - INFO - process ingested knowledge for /app/data/T0015/329083/b8924gk/shopizer-329083/sm-shop/src/main/webapp/resources/js/ckeditor/plugins/specialchar/lang/fi.js
2026-03-04 18:41:42,975 - Knowledge - INFO - process ingested knowledge for /app/data/T0015/329083/b8924gk/shopizer-329083/sm-shop/src/main/webapp/resources/smart-client/components/components/refresh_response.html
2026-03-04 18:41:43,348 - Knowledge - INFO - process ingested knowledge for /app/data/T0015/329083/b8924gk/shopizer-329083/sm-shop/src/main/webapp/resources/js/ckeditor/plugins/specialchar/dialogs/specialchar.js
2026-03-04 18:41:43,517 - Knowledge - INFO - process ingested knowledge for /app/data/T0015/329083/b8924gk/shopizer-329083/sm-shop/src/main/webapp/resources/smart-client/components/components/toolbar_features.html
2026-03-04 18:41:44,042 - Knowledge - INFO - [LLM_CALL] Completed: index.html:chunk1, Duration: 38947ms, PromptTokens: 3280, CompletionTokens: 59, Cost: $0.00035
2026-03-04 18:41:44,300 - Knowledge - INFO - Worker kw4 processing /app/data/T0015/329083/b8924gk/shopizer-329083/sm-shop/src/main/webapp/resources/smart-client/system/modules/ISC_Containers.js
2026-03-04 18:41:44,496 - Knowledge - INFO - process ingested knowledge for /app/data/T0015/329083/b8924gk/shopizer-329083/sm-shop/src/main/webapp/resources/smart-client/components/components/widget_layering.html
2026-03-04 18:41:44,704 - Knowledge - INFO - process ingested knowledge for /app/data/T0015/329083/b8924gk/shopizer-329083/sm-shop/src/main/webapp/resources/js/ckeditor/plugins/specialchar/lang/en.js
2026-03-04 18:41:44,875 - Knowledge - INFO - process ingested knowledge for /app/data/T0015/329083/b8924gk/shopizer-329083/sm-shop/src/main/webapp/resources/smart-client/components/components/backButton.html
2026-03-04 18:41:44,989 - Knowledge - INFO - process ingested knowledge for /app/data/T0015/329083/b8924gk/shopizer-329083/sm-shop/src/main/webapp/resources/js/ckeditor/themes/default/theme.js
2026-03-04 18:41:45,122 - Knowledge - INFO - process ingested knowledge for /app/data/T0015/329083/b8924gk/shopizer-329083/sm-shop/src/main/webapp/resources/smart-client/components/components/img_rollover.html
2026-03-04 18:41:45,317 - Knowledge - INFO - done ingest for /app/data/T0015/329083/b8924gk/shopizer-329083/sm-shop/src/main/webapp/resources/smart-client/components/components/index.html
2026-03-04 18:41:45,330 - Knowledge - INFO - [LLM_CALL] Completed: cy.js:chunk1, Duration: 44109ms, PromptTokens: 4466, CompletionTokens: 164, Cost: $0.00051
2026-03-04 18:41:45,501 - Knowledge - INFO - Fast-tracked /app/data/T0015/329083/b8924gk/shopizer-329083/sm-shop/src/main/webapp/resources/smart-client/system/modules/ISC_Containers.js (ext=.js, size=128658)
2026-03-04 18:41:45,599 - Knowledge - INFO - process ingested knowledge for /app/data/T0015/329083/b8924gk/shopizer-329083/sm-shop/src/main/webapp/resources/smart-client/components/components/scrollBar_custom.html
2026-03-04 18:41:46,110 - Knowledge - INFO - process ingested knowledge for /app/data/T0015/329083/b8924gk/shopizer-329083/sm-shop/src/main/webapp/resources/smart-client/components/components/listGrid_init.html
2026-03-04 18:41:46,121 - Knowledge - INFO - process ingested knowledge for /app/data/T0015/329083/b8924gk/shopizer-329083/sm-shop/src/main/webapp/resources/js/ckeditor/config.js
2026-03-04 18:41:46,181 - Knowledge - INFO - process ingested knowledge for /app/data/T0015/329083/b8924gk/shopizer-329083/sm-shop/src/main/webapp/resources/smart-client/components/components/dynamicForm_validators.html
2026-03-04 18:41:46,501 - Knowledge - INFO - done ingest for /app/data/T0015/329083/b8924gk/shopizer-329083/sm-shop/src/main/webapp/resources/js/ckeditor/plugins/specialchar/lang/cy.js
2026-03-04 18:41:46,531 - Knowledge - INFO - [LLM_CALL] Completed: canvas_clip_scroll.html:chunk1, Duration: 31628ms, PromptTokens: 2960, CompletionTokens: 252, Cost: $0.00040
2026-03-04 18:41:46,604 - Knowledge - INFO - Worker kw4 processing /app/data/T0015/329083/b8924gk/shopizer-329083/sm-shop/src/main/webapp/resources/templates/bootstrap/css/bootstrap-responsive.min.css
2026-03-04 18:41:47,333 - Knowledge - INFO - process ingested knowledge for /app/data/T0015/329083/b8924gk/shopizer-329083/sm-shop/src/main/webapp/resources/js/adminFunctions.js
2026-03-04 18:41:47,345 - Knowledge - INFO - process ingested knowledge for /app/data/T0015/329083/b8924gk/shopizer-329083/sm-shop/src/main/webapp/resources/smart-client/components/components/treeGrid_init.html
2026-03-04 18:41:47,500 - Knowledge - INFO - done ingest for /app/data/T0015/329083/b8924gk/shopizer-329083/sm-shop/src/main/webapp/resources/smart-client/components/components/canvas_clip_scroll.html
2026-03-04 18:41:47,530 - Knowledge - INFO - [WEBSOCKET] Sent: Type=unknown, Size: ?, Duration: 5150ms
2026-03-04 18:41:47,795 - Knowledge - INFO - Fast-tracked /app/data/T0015/329083/b8924gk/shopizer-329083/sm-shop/src/main/webapp/resources/templates/bootstrap/css/bootstrap-responsive.min.css (ext=.css, size=10518)
2026-03-04 18:41:48,392 - Knowledge - INFO - Progress: 93.9% | Files: 1096/1167 | Rate: 1.66 files/sec | Queue: 15
2026-03-04 18:41:48,502 - Knowledge - INFO - [LLM_CALL] Completed: hr.js:chunk1, Duration: 53878ms, PromptTokens: 3182, CompletionTokens: 191, Cost: $0.00039
2026-03-04 18:41:48,765 - Knowledge - INFO - Fast-tracked /app/data/T0015/329083/b8924gk/shopizer-329083/sm-shop/src/main/webapp/resources/smart-client/system/modules/ISC_Kapow.js (small file (2668 bytes))
2026-03-04 18:41:49,092 - Knowledge - INFO - done ingest for /app/data/T0015/329083/b8924gk/shopizer-329083/sm-shop/src/main/webapp/resources/js/ckeditor/plugins/specialchar/lang/hr.js
2026-03-04 18:41:49,105 - Knowledge - INFO - [LLM_CALL] Completed: listGrid_drag.html:chunk1, Duration: 55573ms, PromptTokens: 6268, CompletionTokens: 387, Cost: $0.00078
2026-03-04 18:41:49,185 - Knowledge - INFO - process ingested knowledge for /app/data/T0015/329083/b8924gk/shopizer-329083/sm-shop/src/main/webapp/resources/js/shop-functions.js
2026-03-04 18:41:49,767 - Knowledge - INFO - done ingest for /app/data/T0015/329083/b8924gk/shopizer-329083/sm-shop/src/main/webapp/resources/smart-client/components/components/listGrid_drag.html
2026-03-04 18:41:49,815 - Knowledge - INFO - [LLM_CALL] Completed: nb.js:chunk1, Duration: 66079ms, PromptTokens: 3230, CompletionTokens: 173, Cost: $0.00039
2026-03-04 18:41:50,519 - Knowledge - INFO - [kw11] Queue=15, InProgress=0, PendingWorkers=20/20, Completed=1096/1167 (93.9%)
2026-03-04 18:41:50,597 - Knowledge - INFO - done ingest for /app/data/T0015/329083/b8924gk/shopizer-329083/sm-shop/src/main/webapp/resources/js/ckeditor/plugins/specialchar/lang/nb.js
2026-03-04 18:41:50,641 - Knowledge - INFO - [LLM_CALL] Completed: fr.js:chunk1, Duration: 41747ms, PromptTokens: 3220, CompletionTokens: 187, Cost: $0.00040
2026-03-04 18:41:50,987 - Knowledge - INFO - Batch sizing: calculated=4, max_allowed=10, queue=15, active_workers=20/20
2026-03-04 18:41:51,510 - Knowledge - INFO - done ingest for /app/data/T0015/329083/b8924gk/shopizer-329083/sm-shop/src/main/webapp/resources/js/ckeditor/plugins/specialchar/lang/fr.js
2026-03-04 18:41:51,575 - Knowledge - INFO - [LLM_CALL] Completed: widget_attachment.html:chunk1, Duration: 28015ms, PromptTokens: 3722, CompletionTokens: 246, Cost: $0.00047
2026-03-04 18:41:51,960 - Knowledge - INFO - done ingest for /app/data/T0015/329083/b8924gk/shopizer-329083/sm-shop/src/main/webapp/resources/smart-client/components/components/widget_attachment.html
2026-03-04 18:41:52,007 - Knowledge - INFO - [LLM_CALL] Completed: event_propagation.html:chunk1, Duration: 60210ms, PromptTokens: 2386, CompletionTokens: 361, Cost: $0.00038
2026-03-04 18:41:52,399 - Knowledge - INFO - done ingest for /app/data/T0015/329083/b8924gk/shopizer-329083/sm-shop/src/main/webapp/resources/smart-client/components/components/event_propagation.html
2026-03-04 18:41:52,422 - Knowledge - INFO - [LLM_CALL] Completed: widget_position_size.html:chunk1, Duration: 44975ms, PromptTokens: 3426, CompletionTokens: 327, Cost: $0.00047
2026-03-04 18:41:52,670 - Knowledge - INFO - Async storage completed for 4 embeddings
2026-03-04 18:41:52,884 - Knowledge - INFO - [kw3] Queue=15, InProgress=0, PendingWorkers=20/20, Completed=1097/1167 (94.0%)
2026-03-04 18:41:52,984 - Knowledge - INFO - done ingest for /app/data/T0015/329083/b8924gk/shopizer-329083/sm-shop/src/main/webapp/resources/smart-client/components/components/widget_position_size.html
2026-03-04 18:41:53,027 - Knowledge - INFO - [LLM_CALL] Completed: ug.js:chunk1, Duration: 62926ms, PromptTokens: 3456, CompletionTokens: 191, Cost: $0.00042
2026-03-04 18:41:53,329 - Knowledge - INFO - Batch sizing: calculated=4, max_allowed=10, queue=15, active_workers=20/20
2026-03-04 18:41:53,614 - Knowledge - INFO - done ingest for /app/data/T0015/329083/b8924gk/shopizer-329083/sm-shop/src/main/webapp/resources/js/ckeditor/plugins/specialchar/lang/ug.js
2026-03-04 18:41:53,651 - Knowledge - INFO - [LLM_CALL] Completed: cs.js:chunk1, Duration: 72324ms, PromptTokens: 4354, CompletionTokens: 158, Cost: $0.00050
2026-03-04 18:41:54,334 - Knowledge - INFO - done ingest for /app/data/T0015/329083/b8924gk/shopizer-329083/sm-shop/src/main/webapp/resources/js/ckeditor/plugins/specialchar/lang/cs.js
2026-03-04 18:41:54,375 - Knowledge - INFO - Async storing batch of 5 embeddings
2026-03-04 18:41:54,928 - Knowledge - INFO - Worker kw11 processing /app/data/T0015/329083/b8924gk/shopizer-329083/sm-shop/src/main/webapp/resources/templates/bootstrap/css/theme.css
2026-03-04 18:41:55,234 - Knowledge - INFO - Fast-tracked /app/data/T0015/329083/b8924gk/shopizer-329083/sm-shop/src/main/webapp/resources/templates/bootstrap/css/theme.css (ext=.css, size=9969)
2026-03-04 18:41:55,253 - Knowledge - INFO - [LLM_CALL] Completed: widget_drag_resize.html:chunk1, Duration: 38098ms, PromptTokens: 2922, CompletionTokens: 337, Cost: $0.00043
2026-03-04 18:41:55,616 - Knowledge - INFO - Worker kw11 processing /app/data/T0015/329083/b8924gk/shopizer-329083/sm-shop/src/main/webapp/resources/templates/bootstrap/css/bootstrap.min.css
2026-03-04 18:41:55,744 - Knowledge - INFO - done ingest for /app/data/T0015/329083/b8924gk/shopizer-329083/sm-shop/src/main/webapp/resources/smart-client/components/components/widget_drag_resize.html
2026-03-04 18:41:55,788 - Knowledge - INFO - [LLM_CALL] Completed: eo.js:chunk1, Duration: 42880ms, PromptTokens: 3736, CompletionTokens: 188, Cost: $0.00045
2026-03-04 18:41:55,998 - Knowledge - INFO - Fast-tracked /app/data/T0015/329083/b8924gk/shopizer-329083/sm-shop/src/main/webapp/resources/templates/bootstrap/css/bootstrap.min.css (ext=.css, size=81939)
2026-03-04 18:41:56,350 - Knowledge - INFO - done ingest for /app/data/T0015/329083/b8924gk/shopizer-329083/sm-shop/src/main/webapp/resources/js/ckeditor/plugins/specialchar/lang/eo.js
2026-03-04 18:41:56,415 - Knowledge - INFO - Async storing batch of 4 embeddings
2026-03-04 18:41:56,436 - Knowledge - INFO - Processing batch of 4 files
2026-03-04 18:41:56,525 - Knowledge - INFO - Worker kw11 processing /app/data/T0015/329083/b8924gk/shopizer-329083/sm-shop/src/main/webapp/resources/templates/bootstrap/js/bootstrap-carousel.js
2026-03-04 18:41:56,561 - Knowledge - INFO - [kw6] Queue=7, InProgress=0, PendingWorkers=20/20, Completed=1102/1167 (94.4%)
2026-03-04 18:41:56,938 - Knowledge - INFO - Worker kw3 processing /app/data/T0015/329083/b8924gk/shopizer-329083/sm-shop/src/main/webapp/resources/templates/bootstrap/js/bootstrap-alert.js
2026-03-04 18:41:57,173 - Knowledge - INFO - process ingested knowledge for /app/data/T0015/329083/b8924gk/shopizer-329083/sm-shop/src/main/webapp/resources/smart-client/components/components/listGrid_drag.html
2026-03-04 18:41:57,334 - Knowledge - INFO - [kw5] Queue=7, InProgress=0, PendingWorkers=20/20, Completed=1102/1167 (94.4%)
2026-03-04 18:41:57,355 - Knowledge - INFO - Worker kw11 processing /app/data/T0015/329083/b8924gk/shopizer-329083/sm-shop/src/main/webapp/resources/templates/bootstrap/js/bootstrap-button.js
2026-03-04 18:41:57,381 - Knowledge - INFO - Processing batch of 4 files
2026-03-04 18:41:57,464 - Knowledge - INFO - [LLM_CALL] Completed: treeGrid_init_connectors.html:chunk1, Duration: 63309ms, PromptTokens: 3612, CompletionTokens: 325, Cost: $0.00049
2026-03-04 18:41:57,583 - Knowledge - INFO - Batch sizing: calculated=4, max_allowed=10, queue=7, active_workers=20/20
2026-03-04 18:41:57,818 - Knowledge - INFO - Worker kw3 processing /app/data/T0015/329083/b8924gk/shopizer-329083/sm-shop/src/main/webapp/resources/templates/bootstrap/js/bootstrap-popover.js
2026-03-04 18:41:58,369 - Knowledge - INFO - Batch sizing: calculated=4, max_allowed=10, queue=7, active_workers=20/20
2026-03-04 18:41:58,512 - Knowledge - INFO - [kw8] Queue=7, InProgress=0, PendingWorkers=20/20, Completed=1105/1167 (94.7%)
2026-03-04 18:41:58,887 - Knowledge - INFO - process ingested knowledge for /app/data/T0015/329083/b8924gk/shopizer-329083/sm-shop/src/main/webapp/resources/smart-client/components/components/event_propagation.html
2026-03-04 18:41:58,907 - Knowledge - INFO - process ingested knowledge for /app/data/T0015/329083/b8924gk/shopizer-329083/sm-shop/src/main/webapp/resources/smart-client/components/components/skin_custom.html
2026-03-04 18:41:59,113 - Knowledge - INFO - done ingest for /app/data/T0015/329083/b8924gk/shopizer-329083/sm-shop/src/main/webapp/resources/smart-client/components/components/treeGrid_init_connectors.html
2026-03-04 18:41:59,184 - Knowledge - INFO - [LLM_CALL] Completed: menubar_features.html:chunk1, Duration: 45443ms, PromptTokens: 2906, CompletionTokens: 492, Cost: $0.00049
2026-03-04 18:41:59,507 - Knowledge - INFO - Worker kw3 processing /app/data/T0015/329083/b8924gk/shopizer-329083/sm-shop/src/main/webapp/resources/templates/bootstrap/js/bootstrap-tooltip.js
2026-03-04 18:41:59,676 - Knowledge - INFO - Batch sizing: calculated=4, max_allowed=10, queue=7, active_workers=20/20
2026-03-04 18:42:00,052 - Knowledge - INFO - process ingested knowledge for /app/data/T0015/329083/b8924gk/shopizer-329083/sm-shop/src/main/webapp/resources/smart-client/components/components/event_logger.html
2026-03-04 18:42:00,053 - Knowledge - INFO - process ingested knowledge for /app/data/T0015/329083/b8924gk/shopizer-329083/sm-shop/src/main/webapp/resources/smart-client/components/components/editableListGrid_init.html
2026-03-04 18:42:00,335 - Knowledge - INFO - done ingest for /app/data/T0015/329083/b8924gk/shopizer-329083/sm-shop/src/main/webapp/resources/smart-client/components/components/menubar_features.html
2026-03-04 18:42:00,496 - Knowledge - INFO - Fast-tracked /app/data/T0015/329083/b8924gk/shopizer-329083/sm-shop/src/main/webapp/resources/templates/bootstrap/js/bootstrap-button.js (small file (2713 bytes))
2026-03-04 18:42:00,516 - Knowledge - INFO - Async storing batch of 4 embeddings
2026-03-04 18:42:00,546 - Knowledge - INFO - Async storing batch of 5 embeddings
2026-03-04 18:42:00,577 - Knowledge - INFO - [LLM_CALL] Completed: load_skin.js:chunk1, Duration: 66876ms, PromptTokens: 14032, CompletionTokens: 1613, Cost: $0.00205
2026-03-04 18:42:00,730 - Knowledge - INFO - Worker kw3 processing /app/data/T0015/329083/b8924gk/shopizer-329083/sm-shop/src/main/webapp/resources/templates/bootstrap/js/bootstrap-transition.js
2026-03-04 18:42:01,132 - Knowledge - INFO - process ingested knowledge for /app/data/T0015/329083/b8924gk/shopizer-329083/sm-shop/src/main/webapp/resources/smart-client/components/components/button_selection.html
2026-03-04 18:42:01,292 - Knowledge - INFO - process ingested knowledge for /app/data/T0015/329083/b8924gk/shopizer-329083/sm-shop/src/main/webapp/resources/smart-client/components/components/replaceFromServer.html
2026-03-04 18:42:01,435 - Knowledge - INFO - Async storage completed for 5 embeddings
2026-03-04 18:42:01,700 - Knowledge - INFO - Worker kw5 processing /app/data/T0015/329083/b8924gk/shopizer-329083/sm-shop/src/main/webapp/resources/templates/bootstrap/js/bootstrap-modal.js
2026-03-04 18:42:02,007 - Knowledge - INFO - Worker kw6 processing /app/data/T0015/329083/b8924gk/shopizer-329083/sm-shop/src/main/webapp/resources/templates/bootstrap/js/bootstrap-scrollspy.js
2026-03-04 18:42:02,130 - Knowledge - INFO - done ingest for /app/data/T0015/329083/b8924gk/shopizer-329083/sm-shop/src/main/webapp/resources/smart-client/skins/Enterprise/load_skin.js
2026-03-04 18:42:02,163 - Knowledge - INFO - Processing batch of 4 files
2026-03-04 18:42:02,199 - Knowledge - INFO - Processing batch of 4 files
2026-03-04 18:42:02,266 - Knowledge - INFO - [LLM_CALL] Completed: ISC_Scheduler.js:chunk1, Duration: 50383ms, PromptTokens: 5890, CompletionTokens: 427, Cost: $0.00076
2026-03-04 18:42:02,289 - Knowledge - INFO - Fast-tracked /app/data/T0015/329083/b8924gk/shopizer-329083/sm-shop/src/main/webapp/resources/templates/bootstrap/js/bootstrap-transition.js (ext=.js, size=1801)
2026-03-04 18:42:02,499 - Knowledge - INFO - process ingested knowledge for /app/data/T0015/329083/b8924gk/shopizer-329083/sm-shop/src/main/webapp/resources/smart-client/components/components/canvas_clip_scroll.html
2026-03-04 18:42:02,910 - Knowledge - INFO - Worker kw5 processing /app/data/T0015/329083/b8924gk/shopizer-329083/sm-shop/src/main/webapp/resources/templates/bootstrap/js/bootstrap-typeahead.js
2026-03-04 18:42:03,058 - Knowledge - INFO - Worker kw6 processing /app/data/T0015/329083/b8924gk/shopizer-329083/sm-shop/src/main/webapp/resources/templates/bootstrap/js/bootstrap-collapse.js
2026-03-04 18:42:03,340 - Knowledge - INFO - process ingested knowledge for /app/data/T0015/329083/b8924gk/shopizer-329083/sm-shop/src/main/webapp/resources/smart-client/components/components/tabSet_init.html
2026-03-04 18:42:03,494 - Knowledge - INFO - process ingested knowledge for /app/data/T0015/329083/b8924gk/shopizer-329083/sm-shop/src/main/webapp/resources/smart-client/components/components/index.html
2026-03-04 18:42:03,601 - Knowledge - INFO - done ingest for /app/data/T0015/329083/b8924gk/shopizer-329083/sm-shop/src/main/webapp/resources/smart-client/system/modules/ISC_Scheduler.js
2026-03-04 18:42:03,617 - Knowledge - INFO - done ingest for /app/data/T0015/329083/b8924gk/shopizer-329083/sm-shop/src/main/webapp/resources/smart-client/skins/SmartClient/load_skin.js
2026-03-04 18:42:03,617 - Knowledge - INFO - [LLM_CALL] Completed: ISC_ClassBrowser.js:chunk1, Duration: 34580ms, PromptTokens: 4856, CompletionTokens: 760, Cost: $0.00079
2026-03-04 18:42:03,760 - Knowledge - INFO - Fast-tracked /app/data/T0015/329083/b8924gk/shopizer-329083/sm-shop/src/main/webapp/resources/templates/bootstrap/js/bootstrap-alert.js (small file (2392 bytes))
2026-03-04 18:42:04,033 - Knowledge - INFO - Worker kw5 processing /app/data/T0015/329083/b8924gk/shopizer-329083/sm-shop/pom.xml
2026-03-04 18:42:04,134 - Knowledge - INFO - Worker kw6 processing /app/data/T0015/329083/b8924gk/shopizer-329083/sm-shop/src/main/webapp/resources/templates/bootstrap/js/bootstrap-tab.js
2026-03-04 18:42:04,451 - Knowledge - INFO - process ingested knowledge for /app/data/T0015/329083/b8924gk/shopizer-329083/sm-shop/src/main/webapp/resources/smart-client/components/components/menubar_features.html
2026-03-04 18:42:04,814 - Knowledge - INFO - process ingested knowledge for /app/data/T0015/329083/b8924gk/shopizer-329083/sm-shop/src/main/webapp/resources/smart-client/components/components/treeGrid_init_connectors.html
2026-03-04 18:42:04,898 - Knowledge - INFO - done ingest for /app/data/T0015/329083/b8924gk/shopizer-329083/sm-shop/src/main/webapp/resources/smart-client/system/modules/ISC_ClassBrowser.js
2026-03-04 18:42:05,012 - Knowledge - INFO - [WEBSOCKET] Sent: Type=progress_update, Size: 276, Duration: 0ms
2026-03-04 18:42:05,162 - Knowledge - INFO - Fast-tracked /app/data/T0015/329083/b8924gk/shopizer-329083/sm-shop/src/main/webapp/resources/templates/bootstrap/js/bootstrap-popover.js (small file (2874 bytes))
2026-03-04 18:42:05,193 - Knowledge - INFO - Fast-tracked /app/data/T0015/329083/b8924gk/shopizer-329083/sm-shop/pom.xml (ext=.xml, size=12473)
2026-03-04 18:42:05,454 - Knowledge - INFO - Worker kw6 processing /app/data/T0015/329083/b8924gk/shopizer-329083/sm-shop/src/main/webapp/resources/templates/bootstrap/js/bootstrap-dropdown.js
2026-03-04 18:42:05,764 - Knowledge - INFO - process ingested knowledge for /app/data/T0015/329083/b8924gk/shopizer-329083/sm-shop/src/main/webapp/resources/smart-client/components/components/widget_attachment.html
2026-03-04 18:42:05,857 - Knowledge - INFO - process ingested knowledge for /app/data/T0015/329083/b8924gk/shopizer-329083/sm-shop/src/main/webapp/resources/smart-client/components/components/widget_position_size.html
2026-03-04 18:42:06,168 - Knowledge - INFO - [WEBSOCKET] Sent: Type=unknown, Size: ?, Duration: 1156ms
2026-03-04 18:42:06,682 - Knowledge - INFO - process ingested knowledge for /app/data/T0015/329083/b8924gk/shopizer-329083/sm-shop/src/main/webapp/resources/smart-client/components/components/dynamicForm_init.html
2026-03-04 18:42:06,952 - Knowledge - INFO - Progress: 96.1% | Files: 1125/1167 | Rate: 1.64 files/sec | Queue: 0
2026-03-04 18:42:07,033 - Knowledge - INFO - Processing batch of 5 files
2026-03-04 18:42:07,308 - Knowledge - INFO - Processing batch of 5 files
2026-03-04 18:42:07,395 - Knowledge - INFO - process ingested knowledge for /app/data/T0015/329083/b8924gk/shopizer-329083/sm-shop/src/main/webapp/resources/smart-client/components/components/widget_drag_resize.html
2026-03-04 18:42:07,505 - Knowledge - INFO - process ingested knowledge for /app/data/T0015/329083/b8924gk/shopizer-329083/sm-shop/src/main/webapp/resources/smart-client/skins/SmartClient/unsupported_browser.html
2026-03-04 18:42:07,618 - Knowledge - INFO - process ingested knowledge for /app/data/T0015/329083/b8924gk/shopizer-329083/sm-shop/src/main/webapp/resources/js/ckeditor/plugins/specialchar/lang/cs.js
2026-03-04 18:42:08,181 - Knowledge - INFO - process ingested knowledge for /app/data/T0015/329083/b8924gk/shopizer-329083/sm-shop/src/main/webapp/resources/smart-client/skins/SmartClient/skin_styles.css
2026-03-04 18:42:08,258 - Knowledge - INFO - process ingested knowledge for /app/data/T0015/329083/b8924gk/shopizer-329083/sm-shop/src/main/webapp/resources/js/ckeditor/plugins/specialchar/lang/tr.js
2026-03-04 18:42:08,310 - Knowledge - INFO - Processing batch of 5 files
2026-03-04 18:42:08,865 - Knowledge - INFO - process ingested knowledge for /app/data/T0015/329083/b8924gk/shopizer-329083/sm-shop/src/main/webapp/resources/js/ckeditor/plugins/specialchar/lang/nb.js
2026-03-04 18:42:09,169 - Knowledge - INFO - process ingested knowledge for /app/data/T0015/329083/b8924gk/shopizer-329083/sm-shop/src/main/webapp/resources/js/ckeditor/plugins/specialchar/lang/nl.js
2026-03-04 18:42:09,638 - Knowledge - INFO - process ingested knowledge for /app/data/T0015/329083/b8924gk/shopizer-329083/sm-shop/src/main/webapp/resources/js/ckeditor/plugins/specialchar/lang/zh-cn.js
2026-03-04 18:42:09,682 - Knowledge - INFO - process ingested knowledge for /app/data/T0015/329083/b8924gk/shopizer-329083/sm-shop/src/main/webapp/resources/smart-client/skins/Enterprise/images/readme.txt
2026-03-04 18:42:10,299 - Knowledge - INFO - process ingested knowledge for /app/data/T0015/329083/b8924gk/shopizer-329083/sm-shop/src/main/webapp/resources/js/ckeditor/plugins/specialchar/lang/ug.js
2026-03-04 18:42:10,397 - Knowledge - INFO - process ingested knowledge for /app/data/T0015/329083/b8924gk/shopizer-329083/sm-shop/src/main/webapp/resources/smart-client/skins/Enterprise/load_skin.js
2026-03-04 18:42:10,444 - Knowledge - INFO - process ingested knowledge for /app/data/T0015/329083/b8924gk/shopizer-329083/sm-shop/src/main/webapp/resources/js/ckeditor/plugins/specialchar/lang/hr.js
2026-03-04 18:42:11,032 - Knowledge - INFO - [LLM_CALL] Completed: bootstrap-carousel.js:chunk1, Duration: 11893ms, PromptTokens: 3224, CompletionTokens: 390, Cost: $0.00048
2026-03-04 18:42:11,034 - Knowledge - INFO - process ingested knowledge for /app/data/T0015/329083/b8924gk/shopizer-329083/sm-shop/src/main/webapp/resources/js/ckeditor/plugins/specialchar/lang/cy.js
2026-03-04 18:42:11,160 - Knowledge - INFO - process ingested knowledge for /app/data/T0015/329083/b8924gk/shopizer-329083/sm-shop/src/main/webapp/resources/smart-client/skins/Enterprise/unsupported_browser.html
2026-03-04 18:42:11,385 - Knowledge - INFO - done ingest for /app/data/T0015/329083/b8924gk/shopizer-329083/sm-shop/src/main/webapp/resources/templates/bootstrap/js/bootstrap-carousel.js
2026-03-04 18:42:11,649 - Knowledge - INFO - Async storage completed for 4 embeddings
2026-03-04 18:42:12,402 - Knowledge - INFO - process ingested knowledge for /app/data/T0015/329083/b8924gk/shopizer-329083/sm-shop/src/main/webapp/resources/js/ckeditor/plugins/specialchar/lang/eo.js
2026-03-04 18:42:12,432 - Knowledge - INFO - process ingested knowledge for /app/data/T0015/329083/b8924gk/shopizer-329083/sm-shop/src/main/webapp/resources/js/ckeditor/plugins/specialchar/lang/fr.js
2026-03-04 18:42:12,675 - Knowledge - INFO - [LLM_CALL] Completed: ISC_History.js:chunk1, Duration: 37118ms, PromptTokens: 11252, CompletionTokens: 399, Cost: $0.00128
2026-03-04 18:42:13,059 - Knowledge - INFO - done ingest for /app/data/T0015/329083/b8924gk/shopizer-329083/sm-shop/src/main/webapp/resources/smart-client/system/modules/ISC_History.js
2026-03-04 18:42:14,297 - Knowledge - INFO - [LLM_CALL] Completed: ISC_RichTextEditor.js:chunk1, Duration: 23657ms, PromptTokens: 22602, CompletionTokens: 795, Cost: $0.00258
2026-03-04 18:42:14,567 - Knowledge - INFO - Async storage completed for 4 embeddings
2026-03-04 18:42:14,717 - Knowledge - INFO - done ingest for /app/data/T0015/329083/b8924gk/shopizer-329083/sm-shop/src/main/webapp/resources/smart-client/system/modules/ISC_RichTextEditor.js
2026-03-04 18:42:16,066 - Knowledge - INFO - [LLM_CALL] Completed: ISC_DSBrowser.js:chunk1, Duration: 54597ms, PromptTokens: 8980, CompletionTokens: 750, Cost: $0.00120
2026-03-04 18:42:16,462 - Knowledge - INFO - done ingest for /app/data/T0015/329083/b8924gk/shopizer-329083/sm-shop/src/main/webapp/resources/smart-client/system/modules/ISC_DSBrowser.js
2026-03-04 18:42:16,719 - Knowledge - INFO - Processing batch of 4 files
2026-03-04 18:42:16,837 - Knowledge - INFO - Fast-tracked /app/data/T0015/329083/b8924gk/shopizer-329083/sm-shop/src/main/webapp/resources/templates/bootstrap/js/bootstrap-dropdown.js (small file (2728 bytes))
2026-03-04 18:42:16,971 - Knowledge - INFO - process ingested knowledge for /app/data/T0015/329083/b8924gk/shopizer-329083/sm-shop/src/main/webapp/resources/templates/bootstrap/css/theme.css
2026-03-04 18:42:17,161 - Knowledge - INFO - Async storage completed for 5 embeddings
2026-03-04 18:42:18,089 - Knowledge - INFO - process ingested knowledge for /app/data/T0015/329083/b8924gk/shopizer-329083/sm-shop/src/main/webapp/resources/templates/bootstrap/css/bootstrap.min.css
2026-03-04 18:42:18,961 - Knowledge - INFO - [LLM_CALL] Completed: ISC_SalesForce.js:chunk1, Duration: 68051ms, PromptTokens: 18650, CompletionTokens: 1408, Cost: $0.00243
2026-03-04 18:42:19,219 - Knowledge - INFO - Processing batch of 4 files
2026-03-04 18:42:19,332 - Knowledge - INFO - [LLM_CALL] Completed: ISC_Workflow.js:chunk1, Duration: 48020ms, PromptTokens: 8056, CompletionTokens: 888, Cost: $0.00116
2026-03-04 18:42:19,469 - Knowledge - INFO - process ingested knowledge for /app/data/T0015/329083/b8924gk/shopizer-329083/sm-shop/src/main/webapp/resources/smart-client/system/modules/ISC_Kapow.js
2026-03-04 18:42:19,708 - Knowledge - INFO - done ingest for /app/data/T0015/329083/b8924gk/shopizer-329083/sm-shop/src/main/webapp/resources/smart-client/system/modules/ISC_Workflow.js
2026-03-04 18:42:20,446 - Knowledge - INFO - process ingested knowledge for /app/data/T0015/329083/b8924gk/shopizer-329083/sm-shop/src/main/webapp/resources/smart-client/system/modules/ISC_RichTextEditor.js
2026-03-04 18:42:20,551 - Knowledge - INFO - process ingested knowledge for /app/data/T0015/329083/b8924gk/shopizer-329083/sm-shop/src/main/webapp/resources/templates/bootstrap/js/bootstrap-carousel.js
2026-03-04 18:42:20,688 - Knowledge - WARNING - Timeout processing /app/data/T0015/329083/b8924gk/shopizer-329083/sm-shop/src/main/webapp/resources/smart-client/skins/Graphite/load_skin.js after 90s - using fallback metadata
2026-03-04 18:42:21,601 - Knowledge - INFO - process ingested knowledge for /app/data/T0015/329083/b8924gk/shopizer-329083/sm-shop/src/main/webapp/resources/templates/bootstrap/js/bootstrap-button.js
2026-03-04 18:42:22,258 - Knowledge - INFO - process ingested knowledge for /app/data/T0015/329083/b8924gk/shopizer-329083/sm-shop/src/main/webapp/resources/smart-client/system/modules/ISC_Containers.js
2026-03-04 18:42:22,834 - Knowledge - INFO - [LLM_CALL] Completed: ISC_SQLBrowser.js:chunk1, Duration: 63800ms, PromptTokens: 10592, CompletionTokens: 917, Cost: $0.00143
2026-03-04 18:42:22,881 - Knowledge - INFO - process ingested knowledge for /app/data/T0015/329083/b8924gk/shopizer-329083/sm-shop/src/main/webapp/resources/templates/bootstrap/css/bootstrap-responsive.min.css
2026-03-04 18:42:23,108 - Knowledge - INFO - done ingest for /app/data/T0015/329083/b8924gk/shopizer-329083/sm-shop/src/main/webapp/resources/smart-client/system/modules/ISC_SQLBrowser.js
2026-03-04 18:42:23,108 - Knowledge - INFO - done ingest for /app/data/T0015/329083/b8924gk/shopizer-329083/sm-shop/src/main/webapp/resources/smart-client/skins/EnterpriseBlue/load_skin.js
2026-03-04 18:42:23,377 - Knowledge - INFO - [LLM_CALL] Completed: bootstrap-tooltip.js:chunk1, Duration: 16396ms, PromptTokens: 4564, CompletionTokens: 578, Cost: $0.00069
2026-03-04 18:42:23,708 - Knowledge - INFO - done ingest for /app/data/T0015/329083/b8924gk/shopizer-329083/sm-shop/src/main/webapp/resources/templates/bootstrap/js/bootstrap-tooltip.js
2026-03-04 18:42:24,475 - Knowledge - INFO - Processing batch of 5 files
2026-03-04 18:42:24,726 - Knowledge - INFO - process ingested knowledge for /app/data/T0015/329083/b8924gk/shopizer-329083/sm-shop/src/main/webapp/resources/smart-client/skins/Graphite/images/readme.txt
2026-03-04 18:42:25,076 - Knowledge - INFO - [LLM_CALL] Completed: bootstrap-modal.js:chunk1, Duration: 18069ms, PromptTokens: 3458, CompletionTokens: 395, Cost: $0.00050
2026-03-04 18:42:25,258 - Knowledge - INFO - done ingest for /app/data/T0015/329083/b8924gk/shopizer-329083/sm-shop/src/main/webapp/resources/templates/bootstrap/js/bootstrap-modal.js
2026-03-04 18:42:25,518 - Knowledge - INFO - Processing batch of 4 files
2026-03-04 18:42:25,537 - Knowledge - INFO - [WEBSOCKET] Sent: Type=progress_update, Size: 275, Duration: 0ms
2026-03-04 18:42:25,608 - Knowledge - INFO - process ingested knowledge for /app/data/T0015/329083/b8924gk/shopizer-329083/sm-shop/src/main/webapp/resources/smart-client/skins/Graphite/load_skin.js
2026-03-04 18:42:25,770 - Knowledge - INFO - process ingested knowledge for /app/data/T0015/329083/b8924gk/shopizer-329083/sm-shop/src/main/webapp/resources/smart-client/skins/Enterprise/skin_styles.css
2026-03-04 18:42:25,956 - Knowledge - INFO - [WEBSOCKET] Sent: Type=unknown, Size: ?, Duration: 419ms
2026-03-04 18:42:26,238 - Knowledge - INFO - Progress: 98.8% | Files: 1153/1167 | Rate: 1.64 files/sec | Queue: 0
2026-03-04 18:42:26,238 - Knowledge - INFO - Processing batch of 4 files
2026-03-04 18:42:26,612 - Knowledge - INFO - process ingested knowledge for /app/data/T0015/329083/b8924gk/shopizer-329083/sm-shop/src/main/webapp/resources/smart-client/system/modules/ISC_Scheduler.js
2026-03-04 18:42:27,065 - Knowledge - INFO - process ingested knowledge for /app/data/T0015/329083/b8924gk/shopizer-329083/sm-shop/src/main/webapp/resources/smart-client/skins/Graphite/unsupported_browser.html
2026-03-04 18:42:27,097 - Knowledge - INFO - process ingested knowledge for /app/data/T0015/329083/b8924gk/shopizer-329083/sm-shop/src/main/webapp/resources/smart-client/system/modules/ISC_DSBrowser.js
2026-03-04 18:42:27,378 - Knowledge - INFO - [LLM_CALL] Completed: bootstrap-tab.js:chunk1, Duration: 12228ms, PromptTokens: 2356, CompletionTokens: 319, Cost: $0.00036
2026-03-04 18:42:27,621 - Knowledge - INFO - done ingest for /app/data/T0015/329083/b8924gk/shopizer-329083/sm-shop/src/main/webapp/resources/templates/bootstrap/js/bootstrap-tab.js
2026-03-04 18:42:27,838 - Knowledge - INFO - process ingested knowledge for /app/data/T0015/329083/b8924gk/shopizer-329083/sm-shop/src/main/webapp/resources/smart-client/skins/Graphite/skin_styles.css
2026-03-04 18:42:27,844 - Knowledge - INFO - Processing batch of 4 files
2026-03-04 18:42:27,917 - Knowledge - INFO - process ingested knowledge for /app/data/T0015/329083/b8924gk/shopizer-329083/sm-shop/src/main/webapp/resources/smart-client/system/modules/ISC_Workflow.js
2026-03-04 18:42:27,974 - Knowledge - INFO - process ingested knowledge for /app/data/T0015/329083/b8924gk/shopizer-329083/sm-shop/src/main/webapp/resources/smart-client/skins/EnterpriseBlue/images/readme.txt
2026-03-04 18:42:28,164 - Knowledge - INFO - process ingested knowledge for /app/data/T0015/329083/b8924gk/shopizer-329083/sm-shop/src/main/webapp/resources/smart-client/skins/SmartClient/load_skin.js
2026-03-04 18:42:28,236 - Knowledge - INFO - process ingested knowledge for /app/data/T0015/329083/b8924gk/shopizer-329083/sm-shop/src/main/webapp/resources/smart-client/system/modules/ISC_SQLBrowser.js
2026-03-04 18:42:28,243 - Knowledge - INFO - Processing batch of 4 files
2026-03-04 18:42:28,657 - Knowledge - INFO - process ingested knowledge for /app/data/T0015/329083/b8924gk/shopizer-329083/sm-shop/src/main/webapp/resources/smart-client/system/modules/ISC_Grids.js
2026-03-04 18:42:28,927 - Knowledge - INFO - process ingested knowledge for /app/data/T0015/329083/b8924gk/shopizer-329083/sm-shop/src/main/webapp/resources/smart-client/skins/EnterpriseBlue/load_skin.js
2026-03-04 18:42:29,195 - Knowledge - INFO - process ingested knowledge for /app/data/T0015/329083/b8924gk/shopizer-329083/sm-shop/src/main/webapp/resources/templates/bootstrap/js/bootstrap-alert.js
2026-03-04 18:42:29,311 - Knowledge - INFO - [LLM_CALL] Completed: bootstrap-typeahead.js:chunk1, Duration: 18462ms, PromptTokens: 4284, CompletionTokens: 713, Cost: $0.00071
2026-03-04 18:42:29,431 - Knowledge - INFO - process ingested knowledge for /app/data/T0015/329083/b8924gk/shopizer-329083/sm-shop/src/main/webapp/resources/smart-client/system/modules/ISC_Calendar.js
2026-03-04 18:42:29,697 - Knowledge - INFO - done ingest for /app/data/T0015/329083/b8924gk/shopizer-329083/sm-shop/src/main/webapp/resources/templates/bootstrap/js/bootstrap-typeahead.js
2026-03-04 18:42:29,698 - Knowledge - INFO - [LLM_CALL] Completed: bootstrap-scrollspy.js:chunk1, Duration: 22620ms, PromptTokens: 2848, CompletionTokens: 403, Cost: $0.00045
2026-03-04 18:42:30,070 - Knowledge - INFO - done ingest for /app/data/T0015/329083/b8924gk/shopizer-329083/sm-shop/src/main/webapp/resources/templates/bootstrap/js/bootstrap-scrollspy.js
2026-03-04 18:42:30,090 - Knowledge - INFO - process ingested knowledge for /app/data/T0015/329083/b8924gk/shopizer-329083/sm-shop/src/main/webapp/resources/smart-client/system/modules/ISC_ClassBrowser.js
2026-03-04 18:42:30,159 - Knowledge - INFO - process ingested knowledge for /app/data/T0015/329083/b8924gk/shopizer-329083/sm-shop/src/main/webapp/resources/templates/bootstrap/js/bootstrap-popover.js
2026-03-04 18:42:30,211 - Knowledge - INFO - process ingested knowledge for /app/data/T0015/329083/b8924gk/shopizer-329083/sm-shop/src/main/webapp/resources/smart-client/skins/EnterpriseBlue/unsupported_browser.html
2026-03-04 18:42:30,706 - Knowledge - INFO - process ingested knowledge for /app/data/T0015/329083/b8924gk/shopizer-329083/sm-shop/src/main/webapp/resources/templates/bootstrap/js/bootstrap-tooltip.js
2026-03-04 18:42:30,805 - Knowledge - INFO - [LLM_CALL] Completed: bootstrap-collapse.js:chunk1, Duration: 18978ms, PromptTokens: 2844, CompletionTokens: 474, Cost: $0.00047
2026-03-04 18:42:31,251 - Knowledge - INFO - done ingest for /app/data/T0015/329083/b8924gk/shopizer-329083/sm-shop/src/main/webapp/resources/templates/bootstrap/js/bootstrap-collapse.js
2026-03-04 18:42:31,347 - Knowledge - INFO - process ingested knowledge for /app/data/T0015/329083/b8924gk/shopizer-329083/sm-shop/src/main/webapp/resources/templates/bootstrap/js/bootstrap-transition.js
2026-03-04 18:42:31,352 - Knowledge - INFO - Processing batch of 3 files
2026-03-04 18:42:31,354 - Knowledge - INFO - process ingested knowledge for /app/data/T0015/329083/b8924gk/shopizer-329083/sm-shop/src/main/webapp/resources/smart-client/system/modules/ISC_History.js
2026-03-04 18:42:31,637 - Knowledge - INFO - process ingested knowledge for /app/data/T0015/329083/b8924gk/shopizer-329083/sm-shop/src/main/webapp/resources/templates/bootstrap/js/bootstrap-modal.js
2026-03-04 18:42:32,145 - Knowledge - INFO - process ingested knowledge for /app/data/T0015/329083/b8924gk/shopizer-329083/sm-shop/src/main/webapp/resources/templates/bootstrap/js/bootstrap-typeahead.js
2026-03-04 18:42:32,540 - Knowledge - INFO - process ingested knowledge for /app/data/T0015/329083/b8924gk/shopizer-329083/sm-shop/pom.xml
2026-03-04 18:42:32,700 - Knowledge - INFO - Processing batch of 4 files
2026-03-04 18:42:32,836 - Knowledge - INFO - process ingested knowledge for /app/data/T0015/329083/b8924gk/shopizer-329083/sm-shop/src/main/webapp/resources/templates/bootstrap/js/bootstrap-scrollspy.js
2026-03-04 18:42:33,131 - Knowledge - INFO - process ingested knowledge for /app/data/T0015/329083/b8924gk/shopizer-329083/sm-shop/src/main/webapp/resources/templates/bootstrap/js/bootstrap-collapse.js
2026-03-04 18:42:33,321 - Knowledge - INFO - process ingested knowledge for /app/data/T0015/329083/b8924gk/shopizer-329083/sm-shop/src/main/webapp/resources/templates/bootstrap/js/bootstrap-tab.js
2026-03-04 18:42:33,578 - Knowledge - INFO - process ingested knowledge for /app/data/T0015/329083/b8924gk/shopizer-329083/sm-shop/src/main/webapp/resources/templates/bootstrap/js/bootstrap-dropdown.js
2026-03-04 18:42:39,305 - Knowledge - WARNING - Timeout processing /app/data/T0015/329083/b8924gk/shopizer-329083/sm-shop/src/main/webapp/resources/smart-client/system/modules/ISC_SalesForce.js after 90s - using fallback metadata
2026-03-04 18:42:40,513 - Knowledge - WARNING - Timeout processing /app/data/T0015/329083/b8924gk/shopizer-329083/sm-shop/src/main/webapp/resources/smart-client/system/modules/ISC_PluginBridges.js after 90s - using fallback metadata
2026-03-04 18:42:40,747 - Knowledge - INFO - Processing batch of 4 files
2026-03-04 18:42:40,934 - Knowledge - INFO - process ingested knowledge for /app/data/T0015/329083/b8924gk/shopizer-329083/sm-shop/src/main/webapp/resources/smart-client/system/modules/ISC_SalesForce.js
2026-03-04 18:42:41,161 - Knowledge - INFO - process ingested knowledge for /app/data/T0015/329083/b8924gk/shopizer-329083/sm-shop/src/main/webapp/resources/smart-client/system/modules/ISC_Forms.js
2026-03-04 18:42:41,327 - Knowledge - INFO - process ingested knowledge for /app/data/T0015/329083/b8924gk/shopizer-329083/sm-shop/src/main/webapp/resources/smart-client/system/modules/ISC_Foundation.js
2026-03-04 18:42:41,492 - Knowledge - INFO - process ingested knowledge for /app/data/T0015/329083/b8924gk/shopizer-329083/sm-shop/src/main/webapp/resources/smart-client/system/modules/ISC_PluginBridges.js
2026-03-04 18:42:42,082 - Knowledge - INFO - Knowledge creation complete
2026-03-04 18:42:42,316 - Knowledge - INFO - ==================================================
2026-03-04 18:42:42,514 - Knowledge - INFO - KNOWLEDGE GRAPH GENERATION PERFORMANCE SUMMARY
2026-03-04 18:42:42,670 - Knowledge - INFO - ==================================================
2026-03-04 18:42:42,838 - Knowledge - INFO - Total processing time: 721.64 seconds (12.03 minutes)
2026-03-04 18:42:43,009 - Knowledge - INFO - Files processed: 0
2026-03-04 18:42:43,185 - Knowledge - INFO - Processing rate: 0.00 files/second
2026-03-04 18:42:43,344 - Knowledge - INFO - 
[TIME_BREAKDOWN]
2026-03-04 18:42:43,531 - Knowledge - INFO - File Reading: 0.00s (0.0%)
2026-03-04 18:42:43,723 - Knowledge - INFO - LLM Processing: 14902.67s (2065.1%)
2026-03-04 18:42:43,889 - Knowledge - INFO - MongoDB Operations: 0.00s (0.0%)
2026-03-04 18:42:44,077 - Knowledge - INFO - Redis Operations: 0.00s (0.0%)
2026-03-04 18:42:44,294 - Knowledge - INFO - WebSocket Communication: 72.77s (10.1%)
2026-03-04 18:42:44,495 - Knowledge - INFO - 
[LLM_STATS]
2026-03-04 18:42:44,656 - Knowledge - INFO - Total LLM calls: 310
2026-03-04 18:42:44,828 - Knowledge - INFO - Average LLM response time: 48073ms
2026-03-04 18:42:44,979 - Knowledge - INFO - Average prompt tokens: 5944.6
2026-03-04 18:42:45,151 - Knowledge - INFO - Average completion tokens: 526.9
2026-03-04 18:42:45,366 - Knowledge - INFO - Total prompt tokens: 1842828
2026-03-04 18:42:45,543 - Knowledge - INFO - Total completion tokens: 163350
2026-03-04 18:42:45,728 - Knowledge - INFO - Total LLM cost: $0.2496
2026-03-04 18:42:45,895 - Knowledge - INFO - 
[DATABASE_STATS]
2026-03-04 18:42:46,077 - Knowledge - INFO - MongoDB operations: 0
2026-03-04 18:42:46,253 - Knowledge - INFO - Redis operations: 0
2026-03-04 18:42:46,443 - Knowledge - INFO - 
[COMMUNICATION_STATS]
2026-03-04 18:42:46,641 - Knowledge - INFO - WebSocket messages sent: 70
2026-03-04 18:42:46,807 - Knowledge - INFO - Average message size: 148.6 bytes
2026-03-04 18:42:46,969 - Knowledge - INFO - 
[WORKER_STATS]
2026-03-04 18:42:47,140 - Knowledge - INFO - 
[FILE_TYPE_STATS]
2026-03-04 18:42:47,325 - Knowledge - INFO - 
[SLOWEST_FILES]
2026-03-04 18:42:47,491 - Knowledge - INFO - ==================================================
2026-03-04 18:42:47,677 - Knowledge - INFO - ==================================================
2026-03-04 18:42:47,823 - Knowledge - INFO - KNOWLEDGE GRAPH GENERATION PERFORMANCE SUMMARY
2026-03-04 18:42:47,978 - Knowledge - INFO - ==================================================
2026-03-04 18:42:48,144 - Knowledge - INFO - Total processing time: 727.07 seconds (12.12 minutes)
2026-03-04 18:42:48,306 - Knowledge - INFO - Files processed: 1167 of 1167
2026-03-04 18:42:48,465 - Knowledge - INFO - Processing rate: 1.61 files/second
2026-03-04 18:42:48,676 - Knowledge - INFO - WebSocket messages sent: 35
2026-03-04 18:42:48,840 - Knowledge - INFO - MongoDB operations: 1167
2026-03-04 18:42:49,011 - Knowledge - INFO - Average MongoDB ops per file: 1.00
2026-03-04 18:42:49,196 - Knowledge - INFO - LLM costs: $0.2543
2026-03-04 18:42:49,371 - Knowledge - INFO - Prompt tokens: 1875072
2026-03-04 18:42:49,581 - Knowledge - INFO - Completion tokens: 167030
2026-03-04 18:42:49,783 - Knowledge - INFO - Updating org costs, total cost: 0.25431920000000013
2026-03-04 18:42:50,975 - Knowledge - INFO - [WEBSOCKET] Sent: Type=progress_update, Size: 272, Duration: 0ms
2026-03-04 18:42:51,173 - Knowledge - INFO - Saving knowledge to Redis...
2026-03-04 18:42:52,308 - Knowledge - INFO - Knowledge saved to Redis successfully
